data;horario;n_da_ocorrencia;tipo_de_ocorrencia;km;trecho;sentido;tipo_de_acidente;automovel;bicicleta;caminhao;moto;onibus;outros;tracao_animal;transporte_de_cargas_especiais;trator_maquinas;utilitarios;ilesos;levemente_feridos;moderadamente_feridos;gravemente_feridos;mortos
01/12/2019;22:28:30;215;Sem vítima;303;BR-386/RS;Norte;Outros;0;0;1;0;0;0;0;0;0;0;1;0;0;0;0
02/12/2019;08:01:37;50;com vítima;7;BR-101/RS;Sul;Colisão - Traseira;0;0;1;1;0;0;0;0;0;0;1;0;0;1;0
02/12/2019;14:15:01;127;com vítima;426;BR-386/RS;Norte;Atropelamento - Funcionário;1;0;0;0;0;0;0;0;0;0;1;0;0;1;0
02/12/2019;15:07:14;142;Sem vítima;4;BR-290/RS;Oeste;Queda de ribanceira;1;0;0;0;0;0;0;0;0;0;2;0;0;0;0
02/12/2019;15:34:35;149;com vítima;82;BR-290/RS;Oeste;Queda de moto;0;0;0;1;0;0;0;0;0;0;1;1;0;0;0
02/12/2019;17:49:54;172;Sem vítima;388;BR-386/RS;Sul;Colisão - Traseira;1;0;1;0;0;0;0;0;0;0;2;0;0;0;0
02/12/2019;20:57:33;208;com vítima;11;BR-101/RS;Norte;Queda de ribanceira;0;0;0;1;0;0;0;0;0;0;0;2;0;0;0
02/12/2019;21:09:00;211;Sem vítima;63;BR-290/RS;Leste;Atropelamento de Animal;1;0;0;0;0;0;0;0;0;0;1;0;0;0;0
03/12/2019;07:36:31;10;Sem vítima;11;BR-448/RS;Sul;Colisão - Traseira;2;0;0;0;0;0;0;0;0;0;8;0;0;0;0
03/12/2019;12:58:11;101;com vítima;4;BR-448/RS;Sul;Queda de moto;0;0;0;1;0;0;0;0;0;0;0;0;1;0;0
03/12/2019;17:24:46;161;Sem vítima;97;BR-290/RS;Leste;Colisão - Traseira;1;0;1;0;0;0;0;0;0;0;2;0;0;0;0
03/12/2019;18:21:50;174;Sem vítima;430;BR-386/RS;Sul;Colisão - Traseira;0;0;2;0;0;0;0;0;0;0;2;0;0;0;0
03/12/2019;18:22:56;175;Sem vítima;76;BR-290/RS;Oeste;Capotamento;1;0;0;0;0;0;0;0;0;0;1;0;0;0;0
03/12/2019;23:20:14;206;com vítima;97;BR-290/RS;Leste;Atropelamento - Usuário;0;0;1;0;0;1;0;0;0;0;0;0;0;1;0
04/12/2019;03:01:35;19;Sem vítima;303;BR-386/RS;Norte;Capotamento;1;0;0;0;0;0;0;0;0;0;1;0;0;0;0
04/12/2019;03:26:23;22;Sem vítima;54;BR-290/RS;Oeste;Atropelamento de Animal;1;0;0;0;0;0;0;0;0;0;3;0;0;0;0
04/12/2019;14:55:05;181;com vítima;260;BR-386/RS;Sul;Atropelamento - Morador/Trabalhador/Estudante;0;0;1;0;0;0;0;0;0;0;0;0;1;0;0
04/12/2019;14:57:09;183;Sem vítima;264;BR-386/RS;Sul;Queda de ribanceira;1;0;0;0;0;0;0;0;0;0;3;0;0;0;0
04/12/2019;17:56:09;223;Sem vítima;88;BR-290/RS;Leste;Engavetamento;4;0;0;0;1;0;0;0;0;0;4;0;0;0;0
04/12/2019;17:57:30;224;com vítima;14;BR-290/RS;Leste;Saída de pista;1;0;0;0;0;0;0;0;0;0;2;1;1;0;0
05/12/2019;12:20:09;142;Sem vítima;33;BR-101/RS;Ambos;Choque Praça - Cabine;0;0;1;0;0;0;0;0;0;0;1;0;0;0;0
05/12/2019;14:47:12;159;Sem vítima;416;BR-386/RS;Norte;Queda de ribanceira;1;0;0;0;0;0;0;0;0;0;1;0;0;0;0
05/12/2019;17:22:25;183;com vítima;91;BR-290/RS;Leste;Colisão - Lateral;0;0;0;1;0;1;0;0;0;0;0;1;0;0;0
05/12/2019;20:45:11;217;com vítima;265;BR-386/RS;Sul;Saída de pista;1;0;0;0;0;0;0;0;0;0;0;0;0;1;0
06/12/2019;07:23:05;40;com vítima;440;BR-386/RS;Sul;Colisão - Traseira;1;0;1;0;0;0;0;0;0;0;2;1;0;0;0
06/12/2019;09:17:48;88;Sem vítima;62,39;BR-290/RS;Leste;Saída de pista;0;0;0;0;1;0;0;0;0;0;2;0;0;0;0
06/12/2019;15:32:35;174;Sem vítima;350;BR-386/RS;Sul;Saída de pista;1;0;0;0;0;0;0;0;0;0;1;0;0;0;0
06/12/2019;17:35:41;220;Sem vítima;89;BR-290/RS;Leste;Colisão - Lateral;1;0;1;0;0;0;0;0;0;0;2;0;0;0;0
06/12/2019;18:18:59;233;com vítima;430;BR-386/RS;Norte;Colisão - Traseira;0;0;0;2;0;0;0;0;0;0;2;1;0;0;0
06/12/2019;18:28:04;238;Sem vítima;293,48;BR-386/RS;Norte;Saída de pista;1;0;0;0;0;0;0;0;0;0;1;0;0;0;0
06/12/2019;18:48:35;245;Sem vítima;37;BR-101/RS;Norte;Colisão - Traseira;1;0;0;0;0;0;0;0;0;0;1;0;0;0;0
06/12/2019;19:24:18;252;Sem vítima;344;BR-386/RS;Norte;Colisão - Traseira;1;0;0;0;1;0;0;0;0;0;4;0;0;0;0
06/12/2019;21:20:02;285;com vítima;14;BR-101/RS;Sul;Atropelamento - Andarilho;1;0;0;0;0;0;0;0;0;0;1;1;0;0;0
06/12/2019;21:31:34;288;Sem vítima;94;BR-290/RS;Oeste;Choque Barreira;2;0;1;0;0;0;0;0;0;0;5;0;0;0;0
06/12/2019;22:21:12;295;Sem vítima;4;BR-290/RS;Leste;Capotamento;1;0;0;0;0;0;0;0;0;0;1;0;0;0;0
06/12/2019;22:24:51;296;com vítima;27;BR-290/RS;Oeste;Colisão - Traseira;0;0;1;0;1;0;0;0;0;0;2;0;1;1;0
06/12/2019;22:50:42;301;Sem vítima;182;BR-386/RS;Norte;Colisão - Traseira;1;0;1;0;0;0;0;0;0;0;2;0;0;0;0
06/12/2019;23:13:17;304;Sem vítima;429;BR-386/RS;Norte;Saída de pista;1;0;0;0;0;0;0;0;0;0;1;0;0;0;0
07/12/2019;04:59:51;313;Sem vítima;206;BR-386/RS;Sul;Atropelamento de Animal;1;0;0;0;0;0;0;0;0;0;1;0;0;0;0
07/12/2019;06:02:59;317;Sem vítima;185;BR-386/RS;Norte;Saída de pista;1;0;0;0;0;0;0;0;0;0;1;0;0;0;0
07/12/2019;06:37:58;327;com vítima;446;BR-386/RS;Sul;Queda de moto;0;0;0;1;0;0;0;0;0;0;0;0;0;0;1
07/12/2019;07:46:31;343;Sem vítima;23;BR-290/RS;Leste;Choque - Meio Fio;0;0;0;1;0;0;0;0;0;0;2;0;0;0;0
07/12/2019;15:25:35;442;com vítima;88;BR-290/RS;Leste;Queda de moto;0;0;1;1;0;0;0;0;0;0;0;1;0;0;0
07/12/2019;18:23:59;482;Sem vítima;35;BR-101/RS;Sul;Tombamento;0;0;0;0;1;0;0;0;0;0;1;0;0;0;0
07/12/2019;19:04:58;487;com vítima;350;BR-386/RS;Norte;Capotamento;2;0;0;0;0;0;0;0;0;0;2;3;1;0;0
07/12/2019;19:40:48;493;com vítima;19;BR-101/RS;Norte;Saída de pista;1;0;0;0;0;0;0;0;0;0;0;3;0;0;0
07/12/2019;22:02:57;517;Sem vítima;415;BR-386/RS;Norte;Queda de ribanceira;0;0;0;0;0;0;0;0;0;0;1;0;0;0;0
08/12/2019;01:25:00;17;com vítima;70;BR-290/RS;Oeste;Tombamento;0;0;1;0;0;0;0;0;0;0;0;0;1;0;0
08/12/2019;05:45:39;34;com vítima;274;BR-386/RS;Norte;Saída de pista;1;0;0;0;0;0;0;0;0;0;0;1;0;0;0
08/12/2019;08:53:38;67;Sem vítima;429;BR-386/RS;Norte;Saída de pista;1;0;0;0;0;0;0;0;0;0;1;0;0;0;0
08/12/2019;09:47:36;74;Sem vítima;98;BR-290/RS;Leste;Engavetamento;4;0;0;0;0;0;0;0;0;0;6;0;0;0;0
08/12/2019;12:04:29;102;com vítima;6;BR-290/RS;Oeste;Choque Barreira;1;0;0;0;0;0;0;0;0;0;0;0;1;0;1
08/12/2019;13:35:04;116;Sem vítima;425;BR-386/RS;Sul;Colisão - Traseira;2;0;0;0;0;0;0;0;0;0;8;0;0;0;0
08/12/2019;16:25:22;146;com vítima;4;BR-290/RS;Oeste;Queda de moto;0;0;0;1;0;0;0;0;0;0;0;1;0;0;0
08/12/2019;17:48:46;166;Sem vítima;344;BR-386/RS;Norte;Colisão - Traseira;2;0;0;0;0;0;0;0;0;0;2;0;0;0;0
08/12/2019;18:11:03;170;Sem vítima;426;BR-386/RS;Sul;Colisão - Traseira;1;0;0;0;0;0;0;0;0;0;1;0;0;0;0
08/12/2019;20:01:21;192;Sem vítima;77;BR-290/RS;Oeste;Colisão - Traseira;2;0;0;0;0;0;0;0;0;0;4;0;0;0;0
08/12/2019;20:45:56;205;com vítima;64;BR-290/RS;Oeste;Queda de moto;1;0;0;1;0;0;0;0;0;0;1;2;0;0;0
08/12/2019;20:55:41;209;com vítima;393,03;BR-386/RS;Norte;Queda de moto;0;0;0;1;0;0;0;0;0;0;0;1;0;0;0
08/12/2019;22:50:36;230;Sem vítima;271;BR-386/RS;Sul;Colisão - Traseira;1;0;1;0;0;0;0;0;0;0;3;0;0;0;0
09/12/2019;07:46:43;49;Sem vítima;31;BR-290/RS;Leste;Saída de pista;1;0;0;0;0;0;0;0;0;0;2;0;0;0;0
09/12/2019;08:22:19;57;Sem vítima;91;BR-290/RS;Leste;Capotamento;1;0;0;0;0;0;0;0;0;0;1;0;0;0;0
09/12/2019;09:01:37;72;com vítima;353;BR-386/RS;Norte;Colisão - Lateral;1;0;0;1;0;0;0;0;0;0;1;1;0;0;0
09/12/2019;12:09:38;124;com vítima;52;BR-101/RS;Norte;Tombamento;0;0;0;0;1;0;0;0;0;0;1;1;0;0;0
09/12/2019;14:03:59;153;Sem vítima;74;BR-290/RS;Leste;Choque com veículo na faixa de rolamento;1;0;0;0;1;0;0;0;0;0;2;0;0;0;0
09/12/2019;16:16:13;184;Sem vítima;220;BR-386/RS;Norte;Colisão - Lateral;2;0;0;0;0;0;0;0;0;0;3;0;0;0;0
10/12/2019;00:05:58;3;Sem vítima;3;BR-290/RS;Ambos;Colisão - Traseira;2;0;0;0;0;0;0;0;0;0;3;0;0;0;0
10/12/2019;07:40:17;41;com vítima;88;BR-290/RS;Oeste;Engavetamento;4;0;0;1;0;0;0;0;0;0;4;1;0;0;0
10/12/2019;08:13:26;63;Sem vítima;253;BR-386/RS;Norte;Colisão - Traseira;1;0;1;0;0;0;0;0;0;0;4;0;0;0;0
10/12/2019;11:18:44;134;Sem vítima;402;BR-386/RS;Sul;;0;0;1;0;1;0;0;0;0;0;1;0;0;0;0
10/12/2019;11:20:03;135;com vítima;435;BR-386/RS;Ambos;Colisão - Lateral;1;0;0;0;1;0;0;0;0;0;4;1;1;0;0
10/12/2019;14:19:21;176;com vítima;369;BR-386/RS;Norte;Colisão - Traseira;0;0;0;0;1;0;0;0;0;0;0;1;0;0;0
10/12/2019;15:14:06;191;Sem vítima;86;BR-290/RS;Oeste;Colisão - Traseira;1;0;0;1;0;0;0;0;0;0;3;0;0;0;0
10/12/2019;17:28:54;230;Sem vítima;66;BR-290/RS;Leste;Choque Defensa;1;0;0;0;0;0;0;0;0;0;1;0;0;0;0
10/12/2019;18:50:41;247;Sem vítima;95;BR-290/RS;Oeste;Colisão - Lateral;1;0;0;1;0;0;0;0;0;0;1;0;0;0;0
11/12/2019;01:47:58;4;Sem vítima;44;BR-101/RS;Norte;Colisão - Traseira;1;0;1;0;0;0;0;0;0;0;2;0;0;0;0
11/12/2019;08:32:55;6;com vítima;228;BR-386/RS;Sul;Colisão - Traseira;2;0;0;0;0;0;0;0;0;0;4;2;0;0;0
11/12/2019;07:44:28;8;Sem vítima;95,8;BR-290/RS;Oeste;Colisão - Traseira;1;0;1;0;0;0;0;0;0;0;3;0;0;0;0
11/12/2019;09:19:10;21;Sem vítima;37;BR-101/RS;Sul;Capotamento;1;0;0;0;0;0;0;0;0;0;1;0;0;0;0
11/12/2019;10:47:46;46;Sem vítima;36;BR-101/RS;Sul;Saída de pista;0;0;1;0;1;0;0;0;0;0;2;0;0;0;0
11/12/2019;06:00:30;52;Sem vítima;433;BR-386/RS;Sul;Colisão - Traseira;0;0;0;0;1;0;0;0;0;0;1;0;0;0;0
11/12/2019;07:45:42;79;com vítima;348;BR-386/RS;Norte;Colisão - Lateral;0;0;0;2;0;0;0;0;0;0;1;1;0;0;0
11/12/2019;15:45:59;117;com vítima;345;BR-386/RS;Norte;Queda de moto;1;0;0;1;0;0;0;0;0;0;2;1;0;0;0
11/12/2019;17:43:00;136;com vítima;346;BR-386/RS;Sul;Colisão - Traseira;2;0;0;0;0;0;0;0;0;0;2;1;0;0;0
12/12/2019;07:57:49;59;com vítima;11;BR-448/RS;Sul;Queda de moto;0;0;0;1;0;0;0;0;0;0;0;0;2;0;0
12/12/2019;10:57:15;98;Sem vítima;281;BR-386/RS;Norte;Colisão - Traseira;2;0;0;0;0;0;0;0;0;0;2;0;0;0;0
12/12/2019;12:15:06;112;Sem vítima;19,23;BR-290/RS;Leste;Colisão - Traseira;1;0;1;0;0;0;0;0;0;0;40;0;0;0;0
12/12/2019;16:29:22;157;Sem vítima;1;BR-101/RS;Sul;Colisão - Traseira;2;0;0;0;0;0;0;0;0;0;1;0;0;0;0
12/12/2019;16:35:41;161;Sem vítima;362;BR-386/RS;Sul;Colisão - Transversal;1;0;0;0;1;0;0;0;0;0;2;0;0;0;0
12/12/2019;17:21:11;169;Sem vítima;369,35;BR-386/RS;Ambos;Colisão - Lateral;1;0;0;1;0;0;0;0;0;0;2;0;0;0;0
12/12/2019;17:26:56;170;Sem vítima;422;BR-386/RS;Sul;Capotamento;1;0;0;0;0;0;0;0;0;0;1;0;0;0;0
12/12/2019;19:31:26;191;Sem vítima;73;BR-290/RS;Leste;Queda de moto;0;0;0;1;0;0;0;0;0;0;1;0;0;0;0
12/12/2019;21:42:59;215;Sem vítima;45;BR-290/RS;Leste;Queda de ribanceira;1;0;0;0;0;0;0;0;0;0;1;0;0;0;0
13/12/2019;04:40:16;13;com vítima;52;BR-101/RS;Ambos;Queda de ribanceira;0;0;0;1;0;0;0;0;0;0;0;0;1;0;0
13/12/2019;10:41:54;102;Sem vítima;262;BR-386/RS;Sul;Colisão - Traseira;1;0;1;0;0;0;0;0;0;0;5;0;0;0;0
13/12/2019;14:54:52;156;Sem vítima;35;BR-290/RS;Leste;Colisão - Lateral;1;0;0;0;2;0;0;0;0;0;3;0;0;0;0
13/12/2019;16:10:53;176;com vítima;350;BR-386/RS;Norte;Colisão - Traseira;2;0;0;0;0;0;0;0;0;0;1;0;1;0;0
13/12/2019;17:19:42;190;com vítima;86;BR-101/RS;Sul;Choque Barreira;0;0;2;0;0;0;0;0;0;0;2;1;0;0;0
13/12/2019;17:51:23;197;Sem vítima;87;BR-290/RS;Leste;Colisão - Transversal;2;0;0;0;0;0;0;0;0;0;1;0;0;0;0
13/12/2019;18:18:47;203;com vítima;435;BR-386/RS;Sul;Colisão - Transversal;2;0;0;0;0;0;0;0;0;0;0;3;1;0;0
13/12/2019;18:39:52;207;Sem vítima;346;BR-386/RS;Sul;Colisão - Traseira;0;0;1;0;1;0;0;0;0;0;1;0;0;0;0
13/12/2019;18:49:56;208;Sem vítima;86;BR-101/RS;Norte;Colisão - Traseira;1;0;1;0;0;0;0;0;0;0;2;0;0;0;0
14/12/2019;02:44:44;10;Sem vítima;14;BR-290/RS;Leste;Queda de ribanceira;1;0;0;0;0;0;0;0;0;0;3;0;0;0;0
14/12/2019;03:36:38;13;com vítima;50;BR-290/RS;Oeste;Queda de ribanceira;1;0;0;0;0;0;0;0;0;0;0;2;0;0;0
14/12/2019;09:06:51;72;com vítima;350;BR-386/RS;Norte;Atropelamento - Esportista;1;0;0;0;0;0;0;0;0;0;0;0;0;1;0
14/12/2019;11:11:14;99;com vítima;389;BR-386/RS;Norte;Colisão - Transversal;1;0;0;0;1;0;0;0;0;0;2;1;0;0;0
14/12/2019;17:01:08;172;com vítima;296;BR-386/RS;Norte;Saída de pista;1;0;0;0;0;0;0;0;0;0;3;2;0;0;0
14/12/2019;21:29:35;204;com vítima;65;BR-290/RS;Leste;Queda de ribanceira;1;0;1;0;0;0;0;0;0;0;3;0;1;0;0
15/12/2019;03:35:59;17;Sem vítima;84;BR-290/RS;Oeste;Queda de ribanceira;1;0;0;0;0;0;0;0;0;0;1;0;0;0;0
15/12/2019;05:17:16;22;com vítima;384;BR-386/RS;Norte;Queda de ribanceira;1;0;0;0;0;0;0;0;0;0;0;0;3;0;1
15/12/2019;05:23:07;23;Sem vítima;346;BR-386/RS;Norte;Choque - Arvore;1;0;0;0;0;0;0;0;0;0;1;0;0;0;0
15/12/2019;07:11:56;35;Sem vítima;70;BR-101/RS;Norte;Colisão - Traseira;1;0;0;0;0;0;0;0;0;0;5;0;0;0;0
15/12/2019;07:23:22;38;Sem vítima;88;BR-290/RS;Leste;Colisão - Traseira;1;0;0;0;1;0;0;0;0;0;3;0;0;0;0
15/12/2019;10:39:43;81;Sem vítima;35;BR-101/RS;Sul;Choque Praça - Cabine;0;0;1;0;0;0;0;0;0;0;1;0;0;0;0
15/12/2019;13:38:12;117;Sem vítima;12;BR-101/RS;Sul;Queda de ribanceira;1;0;0;0;0;0;0;0;0;0;2;0;0;0;0
15/12/2019;16:54:41;174;Sem vítima;306;BR-386/RS;Sul;Queda de ribanceira;1;0;0;0;0;0;0;0;0;0;3;0;0;0;0
15/12/2019;20:06:00;223;Sem vítima;1;BR-290/RS;Oeste;Queda de ribanceira;1;0;0;0;0;0;0;0;0;0;2;0;0;0;0
16/12/2019;04:56:10;12;Sem vítima;307;BR-386/RS;Sul;Choque - Sinalização;1;0;0;0;0;0;0;0;0;0;1;0;0;0;0
16/12/2019;07:49:48;47;Sem vítima;83;BR-290/RS;Oeste;Choque Barreira;1;0;0;0;0;0;0;0;0;0;1;0;0;0;0
16/12/2019;12:27:12;143;Sem vítima;4;BR-448/RS;Norte;Colisão - Traseira;2;0;0;0;0;0;0;0;0;0;2;0;0;0;0
16/12/2019;12:39:57;147;Sem vítima;77;BR-290/RS;Oeste;Choque Barreira;1;0;0;0;0;0;0;0;0;0;1;0;0;0;0
16/12/2019;15:51:19;189;com vítima;247;BR-386/RS;Norte;Colisão - Lateral;1;0;0;1;0;0;0;0;0;0;1;0;1;0;0
16/12/2019;17:21:25;205;com vítima;31;BR-101/RS;Norte;Colisão - Lateral;1;0;0;1;0;0;0;0;0;0;0;2;1;0;0
16/12/2019;17:54:58;210;Sem vítima;392;BR-386/RS;Norte;Colisão - Lateral;1;0;1;0;0;0;0;0;0;0;2;0;0;0;0
16/12/2019;18:03:19;215;Sem vítima;390;BR-386/RS;Sul;Colisão - Lateral;1;0;1;0;0;0;0;0;0;0;4;0;0;0;0
16/12/2019;19:32:47;229;Sem vítima;430;BR-386/RS;Sul;Colisão - Lateral;2;0;0;0;0;0;0;0;0;0;6;0;0;0;0
17/12/2019;16:32:48;170;Sem vítima;342;BR-386/RS;Norte;Choque - Poste;0;0;1;0;0;0;0;0;0;0;2;0;0;0;0
17/12/2019;18:21:40;194;Sem vítima;63;BR-290/RS;Oeste;Queda de ribanceira;1;0;0;0;0;0;0;0;0;0;1;0;0;0;0
17/12/2019;20:02:23;212;com vítima;219;BR-386/RS;Norte;Capotamento;1;0;0;0;0;0;0;0;0;0;0;0;1;1;0
18/12/2019;01:23:33;4;Sem vítima;43;BR-290/RS;Oeste;Colisão - Lateral;1;0;0;0;0;0;0;0;0;0;2;0;0;0;0
18/12/2019;04:44:42;13;Sem vítima;305;BR-386/RS;Norte;Saída de pista;0;0;0;0;1;0;0;0;0;0;2;0;0;0;0
18/12/2019;05:02:31;14;com vítima;37;BR-290/RS;Oeste;Colisão - Traseira;2;0;0;0;0;0;0;0;0;0;7;1;0;0;0
18/12/2019;06:31:50;22;Sem vítima;86;BR-290/RS;Leste;Colisão - Lateral;1;0;1;0;0;0;0;0;0;0;2;0;0;0;0
18/12/2019;06:45:15;26;Sem vítima;384;BR-386/RS;Ambos;Queda de ribanceira;1;0;0;0;0;0;0;0;0;0;3;0;0;0;0
18/12/2019;07:48:00;51;Sem vítima;95;BR-290/RS;Oeste;Colisão - Lateral;1;0;0;0;1;0;0;0;0;0;2;0;0;0;0
18/12/2019;08:26:56;74;Sem vítima;92;BR-290/RS;Oeste;Colisão - Traseira;3;0;0;0;0;0;0;0;0;0;3;0;0;0;0
18/12/2019;12:42:06;148;com vítima;12;BR-101/RS;Sul;Colisão - Traseira;2;0;0;0;0;0;0;0;0;0;7;1;0;0;0
18/12/2019;13:58:05;162;Sem vítima;304;BR-386/RS;Norte;Queda de ribanceira;1;0;0;0;0;0;0;0;0;0;2;0;0;0;0
19/12/2019;09:32:18;99;com vítima;271;BR-386/RS;Sul;Colisão - Traseira;1;0;0;1;0;0;0;0;0;0;0;0;2;0;0
19/12/2019;10:35:09;124;Sem vítima;6;BR-290/RS;Leste;Colisão - Lateral;2;0;0;0;0;0;0;0;0;0;1;0;0;0;0
19/12/2019;17:29:05;185;Sem vítima;52,14;BR-290/RS;Leste;Colisão - Traseira;2;0;0;0;0;0;0;0;0;0;2;0;0;0;0
19/12/2019;18:20:19;196;Sem vítima;87;BR-290/RS;Leste;Colisão - Traseira;2;0;0;0;0;0;0;0;0;0;1;0;0;0;0
19/12/2019;21:50:53;222;com vítima;406;BR-386/RS;Norte;Colisão - Traseira;0;0;1;0;1;0;0;0;0;0;2;1;0;0;0
20/12/2019;06:12:18;24;Sem vítima;54;BR-290/RS;Oeste;Colisão - Traseira;1;0;1;0;0;0;0;0;0;0;3;0;0;0;0
20/12/2019;08:22:08;70;Sem vítima;245;BR-386/RS;Norte;Colisão - Traseira;2;0;0;0;0;0;0;0;0;0;7;0;0;0;0
20/12/2019;11:07:31;115;com vítima;74;BR-290/RS;Oeste;Colisão - Traseira;3;0;0;0;0;0;0;0;0;0;2;0;1;0;0
20/12/2019;11:08:22;116;com vítima;34;BR-101/RS;Sul;Queda de moto;0;0;0;1;0;0;0;0;0;0;0;1;0;0;0
20/12/2019;11:16:41;120;Sem vítima;251;BR-386/RS;Norte;Colisão - Traseira;2;0;0;0;0;0;0;0;0;0;6;0;0;0;0
20/12/2019;11:51:23;126;com vítima;360;BR-386/RS;Sul;Saída de pista;1;0;0;0;0;0;0;0;0;0;4;1;0;0;0
20/12/2019;12:24:19;135;Sem vítima;430;BR-386/RS;Norte;Saída de pista;1;0;0;0;0;0;0;0;0;0;1;0;0;0;0
20/12/2019;12:35:39;138;Sem vítima;53;BR-290/RS;Oeste;Colisão - Frontal;2;0;0;0;0;0;0;0;0;0;2;0;0;0;0
20/12/2019;14:29:07;165;com vítima;357;BR-386/RS;Sul;Capotamento;1;0;0;0;0;0;0;0;0;0;0;0;0;1;0
20/12/2019;17:04:24;204;Sem vítima;75;BR-290/RS;Leste;Saída de pista;1;0;0;0;0;0;0;0;0;0;1;0;0;0;0
20/12/2019;20:37:44;255;com vítima;336;BR-386/RS;Norte;Queda de ribanceira;1;0;0;0;0;0;0;0;0;0;0;0;1;0;0
21/12/2019;03:40:43;20;com vítima;298;BR-386/RS;Norte;Capotamento;1;0;0;0;0;0;0;0;0;0;0;2;2;0;0
21/12/2019;05:32:22;37;Sem vítima;301;BR-386/RS;Sul;Colisão - Traseira;2;0;0;0;0;0;0;0;0;0;2;0;0;0;0
21/12/2019;07:09:07;57;Sem vítima;346;BR-386/RS;Norte;Colisão - Traseira;2;0;0;0;0;0;0;0;0;0;8;0;0;0;0
21/12/2019;09:17:33;114;Sem vítima;11;BR-290/RS;Oeste;Saída de pista;1;0;0;0;0;0;0;0;0;0;2;0;0;0;0
21/12/2019;10:21:37;131;com vítima;249;BR-386/RS;Sul;Colisão - Traseira;1;0;1;0;0;0;0;0;0;0;1;0;0;1;0
21/12/2019;11:36:11;154;com vítima;41;BR-290/RS;Leste;Colisão - Traseira;2;0;0;0;0;0;0;0;0;0;2;2;0;0;0
21/12/2019;12:17:51;163;com vítima;23;BR-290/RS;Oeste;Saída de pista;0;0;0;0;1;0;0;0;0;0;0;1;0;0;0
21/12/2019;13:40:50;180;com vítima;80;BR-290/RS;Leste;Colisão - Lateral;1;0;0;0;0;0;0;0;0;0;0;1;0;0;0
21/12/2019;15:10:22;204;Sem vítima;35;BR-101/RS;Norte;Saída de pista;0;0;1;0;0;0;0;0;0;0;2;0;0;0;0
21/12/2019;17:43:02;249;com vítima;246;BR-386/RS;Norte;Colisão - Lateral;1;0;0;1;0;0;0;0;0;0;1;1;0;0;0
21/12/2019;17:58:21;251;Sem vítima;77;BR-290/RS;Oeste;Colisão - Traseira;2;0;0;0;0;0;0;0;0;0;4;0;0;0;0
21/12/2019;18:15:40;256;com vítima;18;BR-101/RS;Sul;Queda de moto;0;0;0;1;0;1;0;0;0;0;0;0;1;0;0
21/12/2019;18:56:55;267;com vítima;30;BR-290/RS;Leste;Capotamento;1;0;0;0;0;0;0;0;0;0;0;0;0;2;0
22/12/2019;01:11:49;8;com vítima;388;BR-386/RS;Norte;Saída de pista;1;0;0;0;0;0;0;0;0;0;0;0;1;0;0
22/12/2019;12:37:14;125;Sem vítima;35;BR-101/RS;Sul;Queda de ribanceira;1;0;0;0;0;0;0;0;0;0;2;0;0;0;0
22/12/2019;13:34:58;137;com vítima;11;BR-290/RS;Oeste;Capotamento;1;0;0;0;0;0;0;0;0;0;0;0;0;1;0
23/12/2019;06:45:46;41;com vítima;269;BR-386/RS;Sul;Colisão - Frontal;0;0;1;1;0;0;0;0;0;0;1;0;1;0;0
23/12/2019;10:30:30;135;com vítima;92;BR-290/RS;Leste;Colisão - Traseira;2;0;0;0;0;0;0;0;0;0;2;1;0;0;0
23/12/2019;10:48:05;147;Sem vítima;285;BR-386/RS;Norte;Colisão - Traseira;2;0;0;0;0;0;0;0;0;0;5;0;0;0;0
23/12/2019;13:06:31;183;Sem vítima;426;BR-386/RS;Ambos;Choque Praça - Cabine;0;0;0;0;1;0;0;0;0;0;1;0;0;0;0
23/12/2019;17:02:25;238;com vítima;58;BR-290/RS;Oeste;Choque - Arvore;1;0;0;0;0;0;0;0;0;0;0;1;0;0;0
23/12/2019;20:10:52;277;com vítima;22;BR-448/RS;Norte;Queda de moto;0;0;0;1;0;0;0;0;0;0;0;2;0;0;0
24/12/2019;02:03:25;8;Sem vítima;341;BR-386/RS;Norte;Saída de pista;1;0;0;0;0;0;0;0;0;0;1;0;0;0;0
24/12/2019;10:11:51;63;Sem vítima;247;BR-386/RS;Norte;Engavetamento;3;0;0;0;0;0;0;0;0;0;11;0;0;0;0
24/12/2019;12:10:17;89;Sem vítima;62;BR-101/RS;Sul;Atropelamento de Animal;1;0;0;0;0;0;0;0;0;0;1;0;0;0;0
24/12/2019;16:18:57;165;com vítima;68;BR-290/RS;Leste;Choque Defensa;1;0;0;0;0;0;0;0;0;0;0;1;0;0;0
24/12/2019;20:46:25;217;Sem vítima;281;BR-386/RS;Sul;Saída de pista;1;0;0;0;0;0;0;0;0;0;1;0;0;0;0
25/12/2019;11:16:29;81;com vítima;432;BR-386/RS;Norte;Queda de moto;0;0;0;1;0;0;0;0;0;0;0;1;1;0;0
26/12/2019;03:34:37;20;com vítima;60;BR-290/RS;Oeste;Capotamento;1;0;0;0;0;0;0;0;0;0;0;1;1;1;0
26/12/2019;07:12:06;56;Sem vítima;276;BR-386/RS;Norte;Engavetamento;3;0;0;0;0;0;0;0;0;0;7;0;0;0;0
26/12/2019;07:28:47;63;Sem vítima;276,04;BR-386/RS;Norte;Colisão - Traseira;2;0;0;0;0;0;0;0;0;0;5;0;0;0;0