data;horario;n_da_ocorrencia;tipo_de_ocorrencia;km;trecho;sentido;tipo_de_acidente;automovel;bicicleta;caminhao;moto;onibus;outros;tracao_animal;transporte_de_cargas_especiais;trator_maquinas;utilitarios;ilesos;levemente_feridos;moderadamente_feridos;gravemente_feridos;mortos
31/01/2020;06:16:24;20;com vítima;347;BR-386/RS;Norte;Atropelamento - Usuário;0;0;0;1;0;0;0;0;0;0;0;0;1;1;0
31/01/2020;13:34:25;164;Sem vítima;44;BR-290/RS;Oeste;Saída de pista;1;0;0;0;0;0;0;0;0;0;2;0;0;0;0
31/01/2020;13:27:39;166;com vítima;297;BR-386/RS;Sul;Colisão - Lateral;2;0;0;0;0;1;0;0;0;0;4;0;1;2;0
31/01/2020;13:29:01;167;Sem vítima;13;BR-101/RS;Norte;Saída de pista;1;0;0;0;0;0;0;0;0;0;2;0;0;0;0
31/01/2020;15:50:34;207;Sem vítima;20;BR-448/RS;Sul;Colisão - Lateral;2;0;0;0;0;0;0;0;0;0;2;0;0;0;0
31/01/2020;15:46:58;209;Sem vítima;60;BR-290/RS;Leste;Colisão - Traseira;1;0;1;0;0;0;0;0;0;0;4;0;0;0;0
31/01/2020;16:10:43;212;Sem vítima;85;BR-101/RS;Sul;Saída de pista;1;0;0;0;0;0;0;0;0;0;1;0;0;0;0
31/01/2020;16:21:15;218;Sem vítima;20;BR-448/RS;Sul;Colisão - Traseira;2;0;0;0;0;0;0;0;0;0;2;0;0;0;0
31/01/2020;16:31:28;221;com vítima;94;BR-290/RS;Leste;Colisão - Traseira;0;0;0;1;0;0;0;0;0;0;0;1;0;0;0
31/01/2020;16:35:51;223;Sem vítima;88,09;BR-290/RS;Leste;Colisão - Traseira;2;0;0;0;1;0;0;0;0;0;3;0;0;0;0
31/01/2020;17:24:46;235;Sem vítima;2;BR-290/RS;Oeste;Queda de ribanceira;0;0;1;0;0;0;0;0;0;0;2;0;0;0;0
31/01/2020;17:56:57;249;Sem vítima;46;BR-290/RS;Leste;Saída de pista;1;0;0;0;0;0;0;0;0;0;1;0;0;0;0
31/01/2020;18:00:42;251;Sem vítima;2;BR-290/RS;Leste;Queda de ribanceira;1;0;1;0;0;0;0;0;0;0;5;0;0;0;0
31/01/2020;18:27:04;261;Sem vítima;430;BR-386/RS;Sul;Engavetamento;1;0;0;0;0;0;0;2;0;0;3;0;0;0;0
31/01/2020;18:51:57;268;Sem vítima;29;BR-101/RS;Norte;Queda de ribanceira;1;0;0;0;0;0;0;0;0;0;3;0;0;0;0
31/01/2020;19:28:25;276;com vítima;33;BR-101/RS;Norte;Queda de moto;0;0;0;1;0;0;0;0;0;0;0;1;1;0;0
31/01/2020;20:15:26;288;com vítima;73;BR-101/RS;Norte;Atropelamento - Andarilho;1;0;0;0;0;0;0;0;0;0;0;0;0;1;0
01/07/2020;17:33:55;162;Sem vítima;11;BR-290/RS;Leste;;1;0;0;0;0;0;0;0;0;0;6;0;0;0;0
01/07/2020;17:45:35;168;Sem vítima;91;BR-290/RS;Leste;Colisão - Traseira;2;0;0;0;0;0;0;0;0;0;1;0;0;0;0
01/07/2020;17:57:13;172;Sem vítima;11,23;BR-290/RS;Leste;Queda de ribanceira;1;0;0;0;0;0;0;0;0;0;1;0;0;0;0
01/07/2020;18:29:35;177;com vítima;435;BR-386/RS;Norte;Colisão - Lateral;2;0;0;0;0;0;0;0;0;0;1;0;1;0;0
01/07/2020;18:42:35;179;Sem vítima;47;BR-290/RS;Leste;;1;0;0;0;0;0;0;0;0;0;1;0;0;0;0
01/07/2020;19:21:17;182;Sem vítima;431;BR-386/RS;Norte;Atropelamento de Animal;1;0;0;0;0;0;0;0;0;0;1;0;0;0;0
01/07/2020;20:30:47;192;Sem vítima;348;BR-386/RS;Norte;Colisão - Lateral;1;0;1;0;0;0;0;0;0;0;3;0;0;0;0
01/07/2020;04:48:09;31;Sem vítima;303;BR-386/RS;Sul;Choque - Meio Fio;2;0;0;0;0;0;0;0;0;0;2;0;0;0;0
01/07/2020;05:43:39;38;Sem vítima;53;BR-290/RS;Oeste;;0;0;0;0;0;0;0;0;0;1;1;0;0;0;0
01/07/2020;06:59:14;52;Sem vítima;60;BR-101/RS;Norte;Queda de ribanceira;1;0;0;0;0;0;0;0;0;0;1;0;0;0;0
02/07/2020;15:22:58;110;Sem vítima;96;BR-290/RS;Leste;Colisão - Lateral;1;0;0;0;0;0;0;1;0;0;2;0;0;0;0
02/07/2020;06:53:56;14;Sem vítima;94;BR-290/RS;Leste;Choque com objeto sobre a pista;1;0;1;0;0;0;0;0;0;0;3;0;0;0;0
02/07/2020;18:24:47;140;Sem vítima;68;BR-290/RS;Leste;Colisão - Traseira;1;0;0;0;0;0;0;1;0;0;2;0;0;0;0
02/07/2020;18:32:04;141;Sem vítima;426;BR-386/RS;Norte;Colisão - Lateral;1;0;0;0;0;0;0;1;0;0;3;0;0;0;0
02/07/2020;18:34:05;142;Sem vítima;77;BR-290/RS;Leste;Colisão - Traseira;1;0;0;0;0;0;0;0;0;1;2;0;0;0;0
02/07/2020;08:03:07;25;com vítima;85;BR-101/RS;Sul;Atropelamento - Esportista;1;0;0;0;0;0;0;0;0;0;0;0;1;0;0
03/07/2020;12:06:26;100;Sem vítima;306;BR-386/RS;Norte;Tombamento;0;0;0;0;0;0;0;1;0;0;1;0;0;0;0
03/07/2020;19:26:02;174;Sem vítima;345;BR-386/RS;Sul;Colisão - Traseira;2;0;0;0;0;0;0;0;0;0;2;0;0;0;0
03/07/2020;21:34:46;196;Sem vítima;17;BR-290/RS;Oeste;Queda de ribanceira;1;0;0;0;0;0;0;0;0;0;2;0;0;0;0
03/07/2020;00:57:35;4;Sem vítima;32;BR-290/RS;Oeste;Atropelamento de Animal;0;0;0;0;0;0;0;0;1;0;1;0;0;0;0
03/07/2020;08:28:55;46;com vítima;96;BR-290/RS;Oeste;Colisão - Traseira;2;0;0;0;0;0;0;0;0;0;1;0;1;0;0
03/07/2020;03:21:03;8;Sem vítima;89;BR-290/RS;Leste;Tombamento;1;0;0;0;0;0;0;0;0;0;1;0;0;0;0
04/07/2020;04:54:53;13;Sem vítima;14;BR-101/RS;Norte;Tombamento;1;0;0;0;0;0;0;0;0;0;3;0;0;0;0
04/07/2020;17:35:40;150;Sem vítima;20;BR-101/RS;Norte;Colisão - Lateral;1;0;0;1;0;0;0;0;0;0;2;0;0;0;0
04/07/2020;18:14:28;157;com vítima;346;BR-386/RS;Norte;Colisão - Traseira;1;0;0;1;0;0;0;0;0;0;1;2;0;0;0
04/07/2020;18:44:14;162;Sem vítima;384;BR-386/RS;Norte;Queda de ribanceira;1;0;0;0;0;0;0;0;0;0;1;0;0;0;0
04/07/2020;22:13:23;183;com vítima;342;BR-386/RS;Norte;Colisão - Traseira;1;0;0;1;0;0;0;0;0;0;2;0;1;0;0
04/07/2020;01:20:14;6;Sem vítima;98;BR-290/RS;Leste;Colisão - Traseira;1;0;0;0;0;0;0;0;0;1;2;0;0;0;0
05/07/2020;17:40:56;100;Sem vítima;262;BR-386/RS;Sul;Queda de ribanceira;1;0;0;0;0;0;0;0;0;0;1;0;0;0;0
05/07/2020;18:41:48;114;Sem vítima;442;BR-386/RS;Norte;Saída de pista;1;0;0;0;0;0;0;0;0;0;1;0;0;0;0
05/07/2020;21:13:53;134;Sem vítima;350;BR-386/RS;Norte;Choque Barreira;1;0;0;0;0;0;0;0;0;0;1;0;0;0;0
05/07/2020;23:49:38;140;Sem vítima;68;BR-290/RS;Oeste;Saída de pista;1;0;0;0;0;0;0;0;0;0;1;0;0;0;0
05/07/2020;10:28:39;30;Sem vítima;73;BR-101/RS;Norte;Colisão - Traseira;1;0;0;0;0;1;0;0;0;0;2;0;0;0;0
05/07/2020;11:09:56;34;Sem vítima;261;BR-386/RS;Norte;Queda de ribanceira;1;0;0;0;0;0;0;0;0;0;3;0;0;0;0
05/07/2020;11:33:16;37;com vítima;346;BR-386/RS;Norte;Colisão - Lateral;2;0;0;0;0;0;0;0;0;0;0;0;1;0;0
05/07/2020;12:36:23;46;com vítima;75;BR-290/RS;Leste;Queda de moto;0;0;0;1;0;0;0;0;0;0;0;1;0;0;0
05/07/2020;14:53:16;65;Sem vítima;91;BR-290/RS;Oeste;Queda de ribanceira;1;0;0;0;0;0;0;0;0;0;1;0;0;0;0
05/07/2020;14:56:43;66;Sem vítima;231;BR-386/RS;Sul;Queda de ribanceira;1;0;0;0;0;0;0;0;0;0;4;0;0;0;0
05/07/2020;15:11:06;70;com vítima;379;BR-386/RS;Sul;Queda de ribanceira;1;0;0;0;0;0;0;0;0;0;0;1;0;0;0
05/07/2020;15:19:57;73;Sem vítima;38;BR-290/RS;Oeste;Queda de ribanceira;2;0;0;0;0;0;0;0;0;0;5;0;0;0;0
06/07/2020;14:35:38;148;com vítima;253;BR-386/RS;Sul;Colisão - Lateral;2;0;0;0;0;0;0;0;0;0;3;0;1;0;0
06/07/2020;15:56:38;164;com vítima;417;BR-386/RS;Sul;Colisão - Transversal;2;0;0;0;0;0;0;0;0;0;2;2;1;0;0
06/07/2020;17:40:21;187;Sem vítima;94;BR-290/RS;Leste;Queda de moto;0;0;0;1;0;0;0;0;0;0;1;0;0;0;0
06/07/2020;09:25:41;86;Sem vítima;356;BR-386/RS;Sul;Saída de pista;1;0;0;0;0;0;0;0;0;0;1;0;0;0;0
06/07/2020;10:03:39;95;Sem vítima;198;BR-386/RS;Sul;Colisão - Lateral;2;0;0;0;0;0;0;0;0;1;5;0;0;0;0
07/07/2020;00:17:21;1;Sem vítima;318;BR-386/RS;Sul;Tombamento;1;0;0;0;0;0;0;0;0;0;2;0;0;0;0
07/07/2020;05:38:17;10;Sem vítima;97;BR-290/RS;Leste;Saída de pista;1;0;0;0;0;0;0;0;0;0;1;0;0;0;0
07/07/2020;18:25:24;112;Sem vítima;347;BR-386/RS;Norte;Queda de ribanceira;1;0;0;0;0;0;0;0;0;0;1;0;0;0;0
07/07/2020;18:25:40;113;Sem vítima;434;BR-386/RS;Sul;Queda de ribanceira;1;0;0;0;0;0;0;0;0;0;1;0;0;0;0
07/07/2020;18:41:47;120;com vítima;77;BR-101/RS;Sul;Queda de moto;0;0;0;1;0;0;0;0;0;0;0;0;1;0;0
07/07/2020;19:16:01;123;Sem vítima;374;BR-386/RS;Sul;Queda de ribanceira;1;0;0;0;0;0;0;0;0;0;1;0;0;0;0
07/07/2020;22:15:27;147;Sem vítima;337;BR-386/RS;Norte;Queda de ribanceira;0;0;0;1;0;0;0;0;0;0;1;0;0;0;0
07/07/2020;23:11:04;150;Sem vítima;87;BR-290/RS;Oeste;Queda de ribanceira;1;0;0;0;0;0;0;0;0;0;1;0;0;0;0
07/07/2020;23:42:58;155;Sem vítima;90;BR-290/RS;Oeste;Queda de ribanceira;1;0;0;0;0;0;0;0;0;0;1;0;0;0;0
07/07/2020;08:40:07;30;Sem vítima;10;BR-448/RS;Norte;Tombamento;1;0;0;0;0;0;0;0;0;0;1;0;0;0;0
07/07/2020;02:33:02;5;Sem vítima;61;BR-290/RS;Oeste;Atropelamento de Animal;1;0;0;0;0;0;0;0;0;0;2;0;0;0;0
07/07/2020;11:48:27;55;Sem vítima;208;BR-386/RS;Norte;Choque Talude;1;0;0;0;0;0;0;0;0;0;3;0;0;0;0
07/07/2020;13:13:22;67;Sem vítima;351;BR-386/RS;Sul;Saída de pista;1;0;0;0;0;0;0;0;0;0;1;0;0;0;0
07/07/2020;16:30:32;90;Sem vítima;351;BR-386/RS;Norte;Queda de ribanceira;3;0;0;0;0;0;0;0;0;0;7;0;0;0;0
07/07/2020;16:55:00;96;Sem vítima;423;BR-386/RS;Sul;Queda de ribanceira;1;0;0;0;0;0;0;0;0;0;1;0;0;0;0
08/07/2020;09:55:35;222;Sem vítima;43;BR-290/RS;Oeste;Queda de ribanceira;0;0;0;0;0;0;0;0;0;1;1;0;0;0;0
08/07/2020;19:31:10;322;com vítima;51;BR-290/RS;Oeste;Colisão - Traseira;1;0;0;1;0;0;0;0;0;0;1;0;2;0;0
09/07/2020;15:57:00;158;com vítima;428;BR-386/RS;Sul;Colisão - Lateral;2;0;0;0;0;0;0;1;0;0;1;1;2;0;0
09/07/2020;17:39:00;176;com vítima;347;BR-386/RS;Norte;Colisão - Traseira;1;0;0;1;0;0;0;0;0;0;1;1;0;0;0
09/07/2020;22:59:40;219;Sem vítima;34;BR-290/RS;Leste;Atropelamento de Animal;1;0;0;0;0;0;0;0;0;0;2;0;0;0;0
09/07/2020;07:17:00;22;Sem vítima;77;BR-290/RS;Oeste;Choque Praça - Submarino;1;0;0;0;0;0;0;0;0;0;1;0;0;0;0
09/07/2020;09:38:00;71;Sem vítima;347;BR-386/RS;Sul;Queda de ribanceira;0;0;0;0;0;0;0;0;0;1;1;0;0;0;0
09/07/2020;10:40:16;91;Sem vítima;229;BR-386/RS;Norte;Queda de ribanceira;1;0;0;0;0;0;0;0;0;0;3;0;0;0;0
10/07/2020;17:30:42;182;Sem vítima;251;BR-386/RS;Norte;Colisão - Traseira;1;0;0;0;0;0;0;1;0;0;2;0;0;0;0
10/07/2020;18:47:00;193;Sem vítima;348;BR-386/RS;Norte;Colisão - Traseira;1;0;1;0;0;0;0;0;0;0;2;0;0;0;0
10/07/2020;19:31:00;199;Sem vítima;350;BR-386/RS;Norte;Queda de ribanceira;1;0;0;0;0;0;0;0;0;0;4;0;0;0;0
10/07/2020;06:01:00;25;Sem vítima;347;BR-386/RS;Norte;Saída de pista;2;0;0;0;0;0;0;0;0;0;1;0;0;0;0
10/07/2020;07:30:00;34;Sem vítima;88;BR-290/RS;Oeste;Colisão - Traseira;1;0;0;0;0;0;0;0;0;1;2;0;0;0;0
11/07/2020;19:53:38;126;Sem vítima;38;BR-290/RS;Oeste;Queda de ribanceira;1;0;0;0;0;0;0;0;0;0;1;0;0;0;0
11/07/2020;00:10:00;2;com vítima;243;BR-386/RS;Norte;Colisão - Transversal;1;0;0;0;0;0;0;2;0;0;2;0;1;0;0
11/07/2020;08:29:00;29;com vítima;38;BR-290/RS;Leste;Saída de pista;1;0;0;0;0;0;0;0;0;0;2;1;0;0;0
11/07/2020;09:51:00;46;Sem vítima;440;BR-386/RS;Norte;Queda de ribanceira;1;0;0;0;0;0;0;0;0;0;1;0;0;0;0
11/07/2020;11:07:00;53;Sem vítima;11;BR-290/RS;Oeste;Saída de pista;1;0;0;0;0;0;0;0;0;0;2;0;0;0;0
11/07/2020;12:15:56;61;Sem vítima;86;BR-290/RS;Oeste;Saída de pista;1;0;0;0;0;0;0;0;0;0;2;0;0;0;0
11/07/2020;14:20:53;83;com vítima;260;BR-386/RS;Norte;Choque Defensa;1;0;0;0;0;0;0;1;0;0;1;0;0;1;0
12/07/2020;05:17:23;12;com vítima;70;BR-290/RS;Leste;Atropelamento - Andarilho;1;0;0;0;0;0;0;0;0;0;0;0;0;1;0
12/07/2020;05:20:00;13;Sem vítima;8;BR-290/RS;Oeste;Saída de pista;1;0;0;0;0;0;0;0;0;0;3;0;0;0;0
12/07/2020;19:46:00;137;Sem vítima;41;BR-290/RS;Oeste;Queda de ribanceira;1;0;0;0;0;0;0;0;0;0;2;0;0;0;0
12/07/2020;20:02:00;141;Sem vítima;299;BR-386/RS;Norte;Queda de ribanceira;1;0;0;0;0;0;0;0;0;0;1;0;0;0;0
12/07/2020;20:44:00;146;Sem vítima;3;BR-101/RS;Sul;Atropelamento de Animal;1;0;0;0;0;0;0;0;0;0;2;0;0;0;0
12/07/2020;21:00:01;148;Sem vítima;19;BR-290/RS;Leste;Colisão - Lateral;2;0;0;0;0;0;0;0;0;0;2;0;0;0;0
12/07/2020;21:09:46;151;com vítima;22;BR-448/RS;Sul;Choque Barreira;1;0;0;0;0;0;0;0;0;0;0;2;0;0;0
12/07/2020;22:00:00;154;Sem vítima;35;BR-101/RS;Sul;;0;0;0;0;0;0;0;0;0;0;1;0;0;0;0
12/07/2020;08:19:00;22;Sem vítima;74;BR-290/RS;Oeste;Saída de pista;1;0;0;0;0;0;0;0;0;0;2;0;0;0;0
12/07/2020;08:49:26;27;Sem vítima;38;BR-290/RS;Leste;Saída de pista;1;0;0;0;0;0;0;0;0;0;4;0;0;0;0
12/07/2020;09:51:00;38;Sem vítima;91;BR-290/RS;Leste;Choque Defensa;1;0;0;0;0;0;0;0;0;0;1;0;0;0;0
13/07/2020;12:11:00;131;Sem vítima;77;BR-290/RS;Oeste;Colisão - Traseira;2;0;0;0;0;0;0;0;0;0;4;0;0;0;0
13/07/2020;13:15:00;145;Sem vítima;47;BR-290/RS;Leste;Queda de ribanceira;0;0;0;0;0;0;0;1;0;0;1;0;0;0;0
13/07/2020;14:56:00;164;Sem vítima;47;BR-290/RS;Oeste;Capotamento;1;0;0;0;0;0;0;0;0;0;1;0;0;0;0
13/07/2020;15:17:52;169;com vítima;46;BR-290/RS;Oeste;Queda de ribanceira;1;0;0;0;0;0;0;0;0;0;0;0;1;0;0
13/07/2020;15:57:00;179;Sem vítima;98;BR-290/RS;Oeste;Colisão - Traseira;0;0;0;0;0;0;0;0;0;2;2;0;0;0;0
13/07/2020;19:53:00;218;Sem vítima;300,59;BR-386/RS;Sul;Saída de pista;1;0;0;0;0;0;0;0;0;0;1;0;0;0;0
13/07/2020;06:18:57;33;Sem vítima;1;BR-290/RS;Oeste;Queda de ribanceira;1;0;0;0;0;0;0;0;0;0;1;0;0;0;0
13/07/2020;08:01:00;55;Sem vítima;92;BR-290/RS;Leste;Colisão - Lateral;1;0;1;0;0;0;0;0;0;0;3;0;0;0;0
13/07/2020;08:02:00;56;com vítima;438;BR-386/RS;Norte;Atropelamento - Usuário;1;0;0;0;0;0;0;0;0;0;1;0;1;0;0
13/07/2020;08:02:00;57;Sem vítima;19;BR-290/RS;Oeste;Choque Defensa;0;0;1;0;0;0;0;0;0;0;1;0;0;0;0
14/07/2020;15:30:00;148;Sem vítima;59;BR-290/RS;Leste;Queda de ribanceira;1;0;0;0;0;0;0;0;0;0;2;0;0;0;0
14/07/2020;16:50:00;165;Sem vítima;98,03;BR-290/RS;Oeste;Colisão - Lateral;1;0;0;0;0;0;0;0;0;0;2;0;0;0;0
14/07/2020;17:19:00;172;Sem vítima;377;BR-386/RS;Norte;Colisão - Traseira;2;0;0;0;0;0;0;0;0;0;3;0;0;0;0
14/07/2020;18:52:15;181;com vítima;412;BR-386/RS;Norte;Atropelamento - Andarilho;1;0;0;1;0;0;0;0;0;0;0;0;0;0;1
14/07/2020;20:44:00;191;Sem vítima;14;BR-290/RS;Leste;Choque - Meio Fio;1;0;0;0;0;0;0;0;0;0;2;0;0;0;0
14/07/2020;10:22:00;84;Sem vítima;91;BR-290/RS;Oeste;Choque Defensa;1;0;0;0;0;0;0;0;0;0;1;0;0;0;0
15/07/2020;12:01:00;116;com vítima;26;BR-290/RS;Oeste;Saída de pista;1;0;0;0;0;0;0;0;0;1;0;1;0;1;1
15/07/2020;15:17:00;143;com vítima;437;BR-386/RS;Norte;Queda de moto;0;0;0;1;0;0;0;0;0;0;0;0;1;0;0
15/07/2020;15:50:00;149;Sem vítima;35;BR-101/RS;Norte;Colisão - Traseira;2;0;0;0;0;0;0;0;0;0;2;0;0;0;0
15/07/2020;18:43:00;179;Sem vítima;435;BR-386/RS;Norte;Colisão - Transversal;2;0;0;0;0;0;0;0;0;0;2;0;0;0;0
15/07/2020;21:06:37;200;Sem vítima;428;BR-386/RS;Sul;Atropelamento de Animal;1;0;0;0;0;0;0;0;0;0;2;0;0;0;0
15/07/2020;06:50:17;28;Sem vítima;391;BR-386/RS;Sul;Colisão - Traseira;0;0;1;0;0;0;0;0;0;1;3;0;0;0;0
15/07/2020;07:29:38;34;Sem vítima;433;BR-386/RS;Sul;Saída de pista;1;0;0;0;0;0;0;0;0;0;1;0;0;0;0
16/07/2020;13:51:00;119;Sem vítima;401;BR-386/RS;Norte;Saída de pista;1;0;0;0;0;0;0;0;0;0;1;0;0;0;0
16/07/2020;14:36:00;125;Sem vítima;91;BR-290/RS;Leste;Choque Defensa;1;0;0;0;0;0;0;0;0;0;1;0;0;0;0
16/07/2020;15:35:57;138;com vítima;50;BR-290/RS;Leste;Saída de pista;1;0;0;0;0;0;0;0;0;0;1;1;0;0;0
16/07/2020;17:05:00;146;Sem vítima;94;BR-290/RS;Leste;Choque Barreira;1;0;0;0;0;0;0;0;0;0;1;0;0;0;0
16/07/2020;21:01:00;177;Sem vítima;426;BR-386/RS;Norte;Choque Praça - Submarino;0;0;0;0;0;0;0;1;0;0;1;0;0;0;0
16/07/2020;21:15:36;179;com vítima;95;BR-290/RS;Leste;Colisão - Traseira;2;0;0;0;0;0;0;0;0;0;3;0;1;0;0
16/07/2020;23:32:00;190;Sem vítima;80;BR-101/RS;Sul;Queda de ribanceira;1;0;0;0;0;0;0;0;0;0;1;0;0;0;0
16/07/2020;09:37:00;65;Sem vítima;216;BR-386/RS;Norte;Colisão - Lateral;2;0;0;0;0;0;0;0;0;0;3;0;0;0;0
17/07/2020;14:40:23;135;Sem vítima;6;BR-448/RS;Norte;Choque Defensa;1;0;0;0;0;0;0;0;0;0;1;0;0;0;0
17/07/2020;18:16:00;187;com vítima;245;BR-386/RS;Norte;Colisão - Lateral;1;0;0;0;0;0;0;1;0;0;4;1;0;0;0
17/07/2020;09:46:10;63;Sem vítima;84;BR-290/RS;Leste;Queda de ribanceira;1;0;0;0;0;1;0;0;0;0;1;0;0;0;0
17/07/2020;02:28:16;7;Sem vítima;44;BR-290/RS;Ambos;Queda de ribanceira;0;0;0;0;0;0;0;0;1;0;1;0;0;0;0
18/07/2020;03:14:00;11;Sem vítima;305;BR-386/RS;Norte;Saída de pista;1;0;0;0;0;0;0;0;0;0;1;0;0;0;0
18/07/2020;04:50:43;17;Sem vítima;416;BR-386/RS;Norte;Saída de pista;1;0;0;0;0;0;0;0;0;0;1;0;0;0;0
18/07/2020;05:29:00;18;Sem vítima;57;BR-101/RS;Norte;Queda de ribanceira;1;0;0;0;0;0;0;0;0;0;1;0;0;0;0
18/07/2020;19:17:54;198;com vítima;48;BR-101/RS;Norte;Queda de moto;0;0;0;1;0;0;0;0;0;0;0;1;0;0;0
19/07/2020;14:15:00;107;Sem vítima;75;BR-290/RS;Leste;Capotamento;1;0;0;0;0;0;0;0;0;0;1;0;0;0;0
19/07/2020;02:12:00;12;com vítima;363;BR-386/RS;Sul;Queda de moto;0;0;0;1;0;0;0;0;0;0;0;0;1;0;0
19/07/2020;15:05:44;128;Sem vítima;81;BR-101/RS;Norte;Capotamento;1;0;0;0;0;0;0;0;0;0;1;0;0;0;0
19/07/2020;16:23:00;153;com vítima;48;BR-101/RS;Sul;Saída de pista;1;0;0;0;0;0;0;0;0;0;1;2;1;0;0
19/07/2020;16:42:00;159;com vítima;19;BR-290/RS;Oeste;Queda de moto;0;0;0;1;0;0;0;0;0;0;1;0;1;0;0
19/07/2020;17:40:25;179;com vítima;439;BR-386/RS;Norte;Colisão - Transversal;1;0;0;0;0;0;0;1;0;0;3;1;0;0;0
19/07/2020;18:35:45;194;Sem vítima;43;BR-290/RS;Oeste;Queda de moto;0;0;0;1;0;0;0;0;0;0;1;0;0;0;0
19/07/2020;18:44:06;197;Sem vítima;7;BR-290/RS;Oeste;Colisão - Traseira;2;0;0;0;0;0;0;0;0;0;7;0;0;0;0
19/07/2020;00:09:00;2;com vítima;245;BR-386/RS;Sul;Saída de pista;1;0;0;0;0;0;0;0;0;0;0;1;0;0;0
19/07/2020;23:24:00;240;Sem vítima;188;BR-386/RS;Norte;Atropelamento de Animal;1;0;0;0;0;0;0;0;0;0;3;0;0;0;0
20/07/2020;13:24:03;108;com vítima;218;BR-386/RS;Norte;Colisão - Traseira;3;0;0;0;1;0;0;0;0;0;3;1;0;0;0
20/07/2020;14:40:00;126;Sem vítima;369;BR-386/RS;Sul;Atropelamento de Animal;1;0;0;0;0;0;0;0;0;0;1;0;0;0;0
20/07/2020;17:47:00;170;Sem vítima;77;BR-290/RS;Leste;Colisão - Traseira;2;0;0;0;0;0;0;0;0;0;2;0;0;0;0
20/07/2020;18:13:00;173;com vítima;420;BR-386/RS;Sul;Tombamento;0;0;0;0;0;0;0;1;0;0;0;0;1;0;0
20/07/2020;18:29:51;177;Sem vítima;437;BR-386/RS;Sul;Queda de ribanceira;1;0;0;0;0;0;0;0;0;0;1;0;0;0;0
21/07/2020;14:32:04;137;Sem vítima;436;BR-386/RS;Sul;Colisão - Traseira;2;0;0;0;0;0;0;0;0;0;2;0;0;0;0
21/07/2020;05:54:00;14;Sem vítima;4;BR-101/RS;Norte;Queda de ribanceira;0;0;0;0;1;0;0;0;0;0;1;0;0;0;0
21/07/2020;20:53:00;204;Sem vítima;21;BR-101/RS;Sul;Colisão - Traseira;0;0;0;0;0;0;0;2;0;0;2;0;0;0;0
21/07/2020;21:34:00;207;Sem vítima;354;BR-386/RS;Sul;Choque Defensa;1;0;0;0;0;0;0;0;0;0;1;0;0;0;0
22/07/2020;05:59:50;12;com vítima;68;BR-290/RS;Ambos;Queda de moto;0;0;0;1;0;0;0;0;0;0;0;0;1;0;0
22/07/2020;19:00:00;196;com vítima;86;BR-101/RS;Sul;Colisão - Transversal;2;0;0;0;0;0;0;0;0;0;2;1;0;0;0
22/07/2020;19:21:00;202;com vítima;393;BR-386/RS;Norte;Colisão - Transversal;1;0;0;1;0;0;0;0;0;0;1;1;0;0;0
22/07/2020;08:01:41;37;Sem vítima;349;BR-386/RS;Sul;Queda de ribanceira;1;0;0;0;0;0;0;0;0;0;1;0;0;0;0
22/07/2020;10:36:00;87;Sem vítima;19;BR-290/RS;Leste;Choque Barreira;1;0;0;0;0;0;0;0;0;0;2;0;0;0;0
23/07/2020;16:45:59;155;Sem vítima;38;BR-101/RS;Sul;Choque Barreira;1;0;0;0;0;0;0;0;0;0;1;0;0;0;0
23/07/2020;18:11:49;171;Sem vítima;86;BR-290/RS;Leste;Queda de ribanceira;2;0;0;0;0;0;0;0;0;0;2;0;0;0;0
23/07/2020;18:58:38;178;com vítima;274;BR-386/RS;Norte;Colisão - Traseira;2;0;0;0;0;0;0;0;0;0;3;2;0;0;0
23/07/2020;10:35:23;85;Sem vítima;373;BR-386/RS;Norte;Colisão - Traseira;2;0;0;0;0;0;0;0;0;0;3;0;0;0;0
24/07/2020;05:20:37;11;com vítima;79;BR-101/RS;Sul;Queda de ribanceira;1;0;0;0;0;0;0;0;0;0;0;0;2;0;0
24/07/2020;14:14:42;136;com vítima;349;BR-386/RS;Norte;Colisão - Traseira;1;0;0;0;0;0;0;0;0;1;2;2;0;0;0
24/07/2020;17:06:13;181;Sem vítima;41;BR-290/RS;Leste;Colisão - Traseira;2;0;0;0;0;0;0;0;0;0;2;0;0;0;0
24/07/2020;17:59:59;190;com vítima;180;BR-386/RS;Sul;Colisão - Traseira;2;0;0;0;0;0;0;0;0;0;1;1;0;0;0
24/07/2020;18:56:06;203;Sem vítima;63;BR-101/RS;Norte;Capotamento;1;0;0;0;0;0;0;0;0;1;4;0;0;0;0
24/07/2020;19:24:05;209;Sem vítima;86;BR-101/RS;Norte;Colisão - Lateral;2;0;0;0;0;0;0;0;0;0;6;0;0;0;0
25/07/2020;18:05:01;107;Sem vítima;290;BR-386/RS;Sul;Choque com objeto sobre a pista;1;0;1;0;0;0;0;0;0;0;4;0;0;0;0
25/07/2020;20:55:30;130;Sem vítima;76;BR-101/RS;Sul;Atropelamento de Animal;1;0;0;0;0;0;0;0;0;0;3;0;0;0;0
25/07/2020;09:51:39;36;Sem vítima;342;BR-386/RS;Sul;Colisão - Traseira;2;0;0;0;0;0;0;0;0;0;5;0;0;0;0
25/07/2020;16:41:04;96;com vítima;22;BR-101/RS;Sul;Atropelamento - Morador/Trabalhador/Estudante;1;0;0;0;0;0;0;0;0;0;1;1;0;0;0