data;horario;n_da_ocorrencia;tipo_de_ocorrencia;km;trecho;sentido;tipo_de_acidente;automovel;bicicleta;caminhao;moto;onibus;outros;tracao_animal;transporte_de_cargas_especiais;trator_maquinas;utilitarios;ilesos;levemente_feridos;moderadamente_feridos;gravemente_feridos;mortos
02/02/2020;16:45:45;167;Sem vítima;78,38;BR-290/RS;Oeste;Colisão - Lateral;1;0;1;0;0;0;0;0;0;0;5;0;0;0;0
02/02/2020;18:35:12;207;Sem vítima;49;BR-290/RS;Leste;Colisão - Traseira;2;0;0;0;0;0;0;0;0;0;2;0;0;0;0
02/02/2020;18:43:50;208;Sem vítima;57;BR-290/RS;Oeste;Engavetamento;4;0;0;0;0;0;0;0;0;0;6;0;0;0;0
02/02/2020;21:43:25;244;Sem vítima;87;BR-101/RS;Norte;Queda de ribanceira;1;0;0;0;0;0;0;0;0;0;5;0;0;0;0
02/02/2020;22:30:48;252;com vítima;231;BR-386/RS;Norte;Colisão - Frontal;2;0;0;0;0;0;0;0;0;0;0;0;4;0;0
02/02/2020;22:38:00;253;Sem vítima;62;BR-290/RS;Oeste;Colisão - Traseira;2;0;0;0;0;0;0;0;0;0;2;0;0;0;0
03/02/2020;03:47:05;14;com vítima;26;BR-290/RS;Oeste;Queda de moto;1;0;0;0;0;0;0;0;0;0;0;1;0;0;0
03/02/2020;07:19:36;41;com vítima;95;BR-290/RS;Oeste;Colisão - Traseira;1;0;0;1;0;0;0;0;0;0;0;2;0;0;0
03/02/2020;07:40:19;50;com vítima;93;BR-290/RS;Leste;Colisão - Lateral;1;0;0;1;0;0;0;0;0;0;0;1;0;0;0
03/02/2020;10:25:48;111;Sem vítima;332;BR-386/RS;Norte;Colisão - Traseira;1;0;0;0;0;0;0;0;0;0;1;0;0;0;0
03/02/2020;17:05:18;207;Sem vítima;35;BR-101/RS;Norte;Queda de ribanceira;1;0;0;0;0;0;0;0;0;0;1;0;0;0;0
03/02/2020;19:27:12;230;Sem vítima;59;BR-290/RS;Oeste;Queda de ribanceira;1;0;0;0;0;0;0;0;0;0;6;0;0;0;0
03/02/2020;19:27:41;231;com vítima;405;BR-386/RS;Sul;Colisão - Frontal;2;0;0;0;0;0;0;0;0;0;3;1;0;0;0
04/02/2020;05:43:26;15;Sem vítima;426;BR-386/RS;Norte;Colisão - Traseira;0;0;2;0;0;0;0;0;0;0;3;0;0;0;0
04/02/2020;07:37:20;49;com vítima;345;BR-386/RS;Sul;Engavetamento;3;0;0;1;0;0;0;0;0;0;6;1;0;0;0
04/02/2020;18:07:48;219;com vítima;354;BR-386/RS;Sul;Saída de pista;2;0;0;0;0;0;0;0;0;0;3;1;0;0;0
05/02/2020;07:21:50;29;Sem vítima;35;BR-101/RS;Sul;Choque Praça - Cabine;0;0;1;0;0;0;0;0;0;0;2;0;0;0;0
05/02/2020;10:21:07;106;com vítima;353;BR-386/RS;Norte;Colisão - Lateral;1;0;0;0;0;0;0;0;0;0;2;1;0;0;0
05/02/2020;11:31:37;122;Sem vítima;60;BR-290/RS;Oeste;Colisão - Lateral;1;0;1;0;0;0;0;0;0;0;2;0;0;0;0
05/02/2020;12:32:27;136;Sem vítima;92;BR-290/RS;Leste;Capotamento;1;0;0;0;0;0;0;0;0;0;2;0;0;0;0
05/02/2020;15:34:20;194;com vítima;95;BR-290/RS;Leste;Queda de moto;0;0;0;1;0;0;0;0;0;0;0;0;1;0;0
05/02/2020;16:41:19;209;Sem vítima;92;BR-290/RS;Leste;Colisão - Traseira;2;0;0;0;0;0;0;0;0;0;2;0;0;0;0
05/02/2020;19:18:12;246;Sem vítima;33;BR-290/RS;Oeste;Queda de ribanceira;1;0;0;0;0;0;0;0;0;0;1;0;0;0;0
06/02/2020;01:58:00;5;Sem vítima;230;BR-386/RS;Norte;Tombamento;0;0;1;0;0;0;0;0;0;0;1;0;0;0;0
06/02/2020;07:18:51;30;com vítima;69;BR-290/RS;Oeste;Colisão - Lateral;2;0;0;0;0;0;0;0;0;0;1;1;0;0;0
06/02/2020;07:30:13;35;Sem vítima;324;BR-386/RS;Ambos;Colisão - Lateral;1;0;2;0;0;0;0;0;0;0;3;0;0;0;0
06/02/2020;11:49:11;102;Sem vítima;440;BR-386/RS;Norte;Colisão - Traseira;2;0;1;0;0;0;0;0;0;0;5;0;0;0;0
06/02/2020;12:17:43;105;com vítima;11;BR-448/RS;Sul;Colisão - Traseira;2;0;0;0;0;0;0;0;0;0;2;2;0;0;0
06/02/2020;15:37:35;151;Sem vítima;88;BR-290/RS;Leste;Colisão - Lateral;2;0;1;0;0;0;0;0;0;0;4;0;0;0;0
06/02/2020;15:54:48;159;Sem vítima;333;BR-386/RS;Norte;Saída de pista;1;0;0;0;0;0;0;0;0;0;2;0;0;0;0
06/02/2020;16:24:36;167;Sem vítima;420;BR-386/RS;Ambos;Colisão - Frontal;1;0;0;0;0;1;0;0;0;0;2;0;0;0;0
06/02/2020;16:30:05;169;Sem vítima;295;BR-386/RS;Norte;Saída de pista;0;0;1;0;0;0;0;0;0;0;2;0;0;0;0
06/02/2020;17:44:11;188;com vítima;79;BR-290/RS;Oeste;Outros;0;0;0;1;0;0;0;0;0;0;0;1;0;0;0
07/02/2020;02:23:05;17;Sem vítima;91;BR-290/RS;Oeste;Saída de pista;0;0;1;0;0;0;0;0;0;0;1;0;0;0;0
07/02/2020;02:59:00;19;com vítima;72;BR-290/RS;Oeste;Queda de moto;0;0;0;1;0;0;0;0;0;0;0;0;0;1;0
07/02/2020;06:15:40;39;Sem vítima;440;BR-386/RS;Sul;Colisão - Traseira;1;0;0;0;0;1;0;0;0;0;5;0;0;0;0
07/02/2020;06:32:15;41;Sem vítima;91;BR-290/RS;Leste;Colisão - Lateral;1;0;0;0;0;0;0;0;0;0;3;0;0;0;0
07/02/2020;09:18:07;101;Sem vítima;262;BR-386/RS;Norte;Colisão - Traseira;2;0;1;0;0;0;0;0;0;0;1;0;0;0;0
07/02/2020;09:37:25;108;Sem vítima;60;BR-290/RS;Oeste;Queda de ribanceira;1;0;0;0;0;0;0;0;0;0;2;0;0;0;0
07/02/2020;12:02:53;146;Sem vítima;56;BR-290/RS;Oeste;Colisão - Traseira;1;0;1;0;0;0;0;0;0;0;1;0;0;0;0
07/02/2020;13:59:26;170;com vítima;65;BR-290/RS;Oeste;Queda de moto;0;0;0;1;0;0;0;0;0;0;0;1;0;0;0
07/02/2020;14:38:16;180;com vítima;302;BR-386/RS;Norte;Colisão - Frontal;2;0;0;0;0;0;0;0;0;0;0;4;2;0;0
07/02/2020;16:15:50;208;Sem vítima;30;BR-290/RS;Leste;Queda de ribanceira;1;0;0;0;0;0;0;0;0;0;2;0;0;0;0
07/02/2020;16:32:33;216;com vítima;37;BR-290/RS;Leste;Engavetamento;3;0;0;0;0;0;0;0;0;0;6;1;0;0;0
07/02/2020;17:42:13;234;Sem vítima;86;BR-290/RS;Leste;Colisão - Lateral;2;0;0;0;0;0;0;0;1;0;3;0;0;0;0
07/02/2020;18:13:12;245;Sem vítima;6;BR-101/RS;Norte;Colisão - Lateral;2;0;0;0;0;0;0;0;0;0;2;0;0;0;0
07/02/2020;18:36:10;252;com vítima;359;BR-386/RS;Norte;Colisão - Traseira;1;0;0;1;0;0;0;0;0;0;1;0;1;0;0
07/02/2020;23:35:45;317;com vítima;435,41;BR-386/RS;Norte;Queda de moto;0;0;0;1;0;0;0;0;0;0;0;1;0;0;0
08/02/2020;02:27:44;15;Sem vítima;18;BR-290/RS;Oeste;Choque - Arvore;1;0;0;0;0;0;0;0;0;0;1;0;0;0;0
08/02/2020;05:13:38;18;Sem vítima;439;BR-386/RS;Sul;Atropelamento de Animal;1;0;0;0;0;0;0;0;0;0;1;0;0;0;0
08/02/2020;07:27:39;32;com vítima;25;BR-290/RS;Oeste;Atropelamento - Esportista;1;0;0;0;0;0;0;0;0;0;1;1;0;0;0
08/02/2020;08:01:20;36;Sem vítima;35;BR-101/RS;Sul;Colisão - Traseira;1;0;0;0;0;0;0;0;0;0;1;0;0;0;0
08/02/2020;12:31:27;109;com vítima;4;BR-448/RS;Sul;Queda de moto;0;0;0;1;0;0;0;0;0;0;0;1;1;0;0
08/02/2020;12:58:54;118;com vítima;45;BR-290/RS;Leste;Queda de ribanceira;1;0;0;0;0;0;0;0;0;0;0;1;0;0;0
08/02/2020;15:05:50;147;com vítima;49;BR-101/RS;Sul;Capotamento;1;0;0;0;0;0;0;0;0;0;0;1;0;0;0
08/02/2020;15:50:26;163;Sem vítima;64;BR-290/RS;Oeste;Queda de ribanceira;1;0;0;0;0;0;0;0;0;0;2;0;0;0;0
08/02/2020;16:02:16;165;com vítima;7;BR-101/RS;Ambos;Colisão - Lateral;2;0;0;0;0;0;0;0;0;0;0;1;0;0;0
08/02/2020;16:11:07;169;com vítima;65;BR-290/RS;Oeste;Queda de moto;1;0;0;0;0;0;0;0;0;0;0;1;0;0;0
08/02/2020;16:33:23;179;com vítima;37;BR-101/RS;Sul;Queda de ribanceira;1;0;0;0;0;0;0;0;0;0;0;0;1;0;0
08/02/2020;18:21:13;198;Sem vítima;93,57;BR-290/RS;Oeste;Choque Defensa;1;0;0;0;0;0;0;0;0;0;1;0;0;0;0
08/02/2020;19:58:19;213;Sem vítima;43;BR-290/RS;Oeste;Queda de ribanceira;1;0;0;0;0;0;0;0;0;0;3;0;0;0;0
08/02/2020;22:36:22;241;Sem vítima;20;BR-448/RS;Sul;Choque Defensa;1;0;0;0;0;0;0;0;0;0;2;0;0;0;0
09/02/2020;01:03:15;8;com vítima;393;BR-386/RS;Sul;Queda de ribanceira;0;0;1;0;0;0;0;0;0;0;0;2;0;0;0
09/02/2020;01:53:30;14;com vítima;356;BR-386/RS;Norte;Queda de moto;0;0;0;1;0;0;0;0;0;0;0;1;0;0;0
09/02/2020;02:02:22;16;com vítima;57;BR-290/RS;Oeste;Queda de ribanceira;1;0;0;0;0;0;0;0;0;0;1;4;0;0;0
09/02/2020;04:23:40;25;com vítima;31;BR-290/RS;Leste;Queda de ribanceira;1;0;0;0;0;0;0;0;0;0;0;1;1;1;0
09/02/2020;05:22:27;27;Sem vítima;226;BR-386/RS;Sul;Queda de ribanceira;1;0;0;0;0;0;0;0;0;0;2;0;0;0;0
09/02/2020;06:24:47;31;Sem vítima;41;BR-290/RS;Oeste;Queda de ribanceira;1;0;0;0;0;0;0;0;0;0;1;0;0;0;0
09/02/2020;07:49:24;43;Sem vítima;92;BR-290/RS;Oeste;Queda de moto;0;0;0;1;0;0;0;0;0;0;1;0;0;0;0
09/02/2020;08:54:08;51;Sem vítima;20;BR-448/RS;Norte;Choque Barreira;1;0;0;0;0;0;0;0;0;0;1;0;0;0;0
09/02/2020;09:28:08;55;Sem vítima;91;BR-290/RS;Leste;Queda de ribanceira;1;0;0;0;0;0;0;0;0;0;1;0;0;0;0
09/02/2020;09:26:33;57;Sem vítima;43;BR-290/RS;Leste;Colisão - Lateral;1;0;1;0;0;0;0;0;0;0;2;0;0;0;0
09/02/2020;09:53:56;64;Sem vítima;96,1;BR-290/RS;Oeste;Colisão - Traseira;2;0;0;0;0;0;0;0;0;0;4;0;0;0;0
09/02/2020;09:55:07;65;Sem vítima;75;BR-290/RS;Leste;Choque Defensa;1;0;0;0;0;0;0;0;0;0;1;0;0;0;0
10/02/2020;00:33:03;6;com vítima;71;BR-290/RS;Oeste;Atropelamento - Andarilho;1;0;0;0;0;0;0;0;0;0;0;1;0;0;0
10/02/2020;04:27:53;20;Sem vítima;35;BR-101/RS;Sul;Choque - Poste;1;0;0;0;0;0;0;0;0;0;1;0;0;0;0
10/02/2020;08:34:16;77;com vítima;25;BR-290/RS;Oeste;Queda de moto;0;0;0;1;0;0;0;0;0;0;1;0;1;0;0
10/02/2020;09:42:32;113;Sem vítima;82;BR-290/RS;Oeste;Engavetamento;4;0;0;0;0;0;0;0;0;0;14;0;0;0;0
10/02/2020;10:33:24;135;com vítima;26;BR-290/RS;Oeste;Engavetamento;3;0;0;0;0;0;0;0;0;0;5;4;0;0;0
10/02/2020;15:40:01;217;Sem vítima;13,37;BR-101/RS;Norte;Capotamento;1;0;0;0;0;0;0;0;0;0;1;0;0;0;0
10/02/2020;17:38:31;240;Sem vítima;401;BR-386/RS;Norte;Colisão - Lateral;2;0;0;0;0;0;0;0;0;0;4;0;0;0;0
11/02/2020;08:30:51;74;Sem vítima;63;BR-101/RS;Sul;Saída de pista;1;0;0;0;0;0;0;0;0;0;2;0;0;0;0
11/02/2020;08:46:18;78;com vítima;96;BR-290/RS;Oeste;Engavetamento;3;0;0;2;0;0;0;0;0;0;3;0;3;0;0
11/02/2020;08:56:40;79;Sem vítima;92;BR-290/RS;Oeste;Colisão - Traseira;2;0;0;0;0;0;0;0;0;0;2;0;0;0;0
11/02/2020;11:03:06;121;Sem vítima;424;BR-386/RS;Norte;Colisão - Lateral;1;0;1;0;0;0;0;0;0;0;1;0;0;0;0
11/02/2020;11:30:54;132;Sem vítima;426;BR-386/RS;Norte;Colisão - Traseira;2;0;0;0;0;0;0;0;0;0;1;0;0;0;0
11/02/2020;13:29:18;160;Sem vítima;23;BR-290/RS;Leste;Colisão - Traseira;2;0;0;0;0;0;0;0;0;0;4;0;0;0;0
11/02/2020;16:11:09;198;Sem vítima;77;BR-290/RS;Oeste;Colisão - Traseira;2;0;0;0;0;0;0;0;0;0;2;0;0;0;0
11/02/2020;16:18:14;202;Sem vítima;19;BR-290/RS;Oeste;Colisão - Traseira;2;0;0;0;0;0;0;0;0;0;6;0;0;0;0
11/02/2020;18:14:40;239;com vítima;371;BR-386/RS;Norte;Queda de moto;0;0;0;1;0;0;0;0;0;0;0;1;0;0;0
11/02/2020;20:05:08;260;Sem vítima;354;BR-386/RS;Norte;Colisão - Lateral;1;0;0;0;0;0;0;0;0;0;2;0;0;0;0
11/02/2020;20:10:45;262;Sem vítima;45;BR-290/RS;Oeste;Colisão - Traseira;2;0;1;0;0;0;0;0;0;0;2;0;0;0;0
12/02/2020;01:04:56;7;Sem vítima;26;BR-290/RS;Oeste;Saída de pista;0;0;0;0;0;0;0;0;1;0;1;0;0;0;0
12/02/2020;07:32:01;45;Sem vítima;98;BR-290/RS;Ambos;Colisão - Lateral;1;0;1;0;0;0;0;0;0;0;2;0;0;0;0
12/02/2020;09:22:03;90;com vítima;333;BR-386/RS;Sul;Colisão - Lateral;1;0;0;0;0;0;0;0;0;0;1;1;0;0;0
12/02/2020;10:18:03;109;Sem vítima;75;BR-290/RS;Leste;Queda de ribanceira;1;0;0;0;0;0;0;0;0;0;1;0;0;0;0
12/02/2020;10:30:21;114;com vítima;347;BR-386/RS;Norte;Colisão - Traseira;2;0;0;0;0;0;0;0;0;0;0;2;2;0;0
12/02/2020;11:19:17;125;Sem vítima;385;BR-386/RS;Norte;Queda de ribanceira;1;0;0;0;0;0;0;0;0;0;1;0;0;0;0
12/02/2020;12:52:59;144;com vítima;98;BR-290/RS;Oeste;Colisão - Traseira;1;0;0;0;0;0;0;0;0;0;3;2;0;0;0
12/02/2020;12:55:34;145;Sem vítima;278;BR-386/RS;Norte;Queda de ribanceira;0;0;0;0;0;0;0;0;0;0;1;0;0;0;0
12/02/2020;16:32:04;186;Sem vítima;78,37;BR-290/RS;Oeste;Colisão - Traseira;2;0;1;0;0;0;0;0;0;0;2;0;0;0;0
12/02/2020;19:26:44;215;com vítima;276;BR-386/RS;Norte;Colisão - Traseira;2;0;1;0;0;0;0;0;0;0;4;1;2;1;0
12/02/2020;21:41:20;228;com vítima;86;BR-290/RS;Oeste;Atropelamento - Esportista;1;0;0;0;0;0;0;0;0;0;0;1;0;0;0
13/02/2020;08:40:35;64;Sem vítima;91;BR-290/RS;Leste;Choque Barreira;2;0;0;0;0;0;0;0;0;0;2;0;0;0;0
13/02/2020;10:06:01;94;Sem vítima;386;BR-386/RS;Norte;Colisão - Traseira;0;0;2;0;0;0;0;0;0;0;2;0;0;0;0
13/02/2020;10:29:23;101;Sem vítima;3;BR-448/RS;Sul;Choque Barreira;1;0;0;0;0;0;0;0;0;0;1;0;0;0;0
13/02/2020;12:45:27;136;Sem vítima;413;BR-386/RS;Norte;Saída de pista;1;0;0;0;0;0;0;0;0;0;1;0;0;0;0
13/02/2020;18:11:55;203;com vítima;353;BR-386/RS;Sul;Choque - Pilar;1;0;0;0;0;0;0;0;0;0;0;1;0;0;0
14/02/2020;05:24:44;20;Sem vítima;75;BR-290/RS;Oeste;Tombamento;0;0;0;0;0;0;0;0;1;0;1;0;0;0;0
14/02/2020;06:54:26;30;Sem vítima;89;BR-290/RS;Leste;Colisão - Lateral;1;0;0;0;0;0;0;0;0;0;2;0;0;0;0
14/02/2020;09:43:58;101;Sem vítima;437;BR-386/RS;Norte;Colisão - Traseira;1;0;0;0;0;0;0;0;0;0;1;0;0;0;0
14/02/2020;13:37:05;161;com vítima;73;BR-290/RS;Leste;Colisão - Lateral;0;0;2;1;0;0;0;0;0;0;1;1;0;0;0
14/02/2020;14:28:24;172;Sem vítima;85;BR-290/RS;Leste;Colisão - Lateral;1;0;0;0;0;0;0;0;0;0;2;0;0;0;0
14/02/2020;18:15:27;242;com vítima;346;BR-386/RS;Sul;Colisão - Lateral;1;0;1;1;0;0;0;0;0;0;0;1;0;0;0
14/02/2020;20:26:29;284;Sem vítima;436;BR-386/RS;Norte;Atropelamento de Animal;1;0;0;0;0;0;0;0;0;0;1;0;0;0;0
14/02/2020;22:41:19;310;com vítima;92;BR-290/RS;Leste;Colisão - Traseira;2;0;1;0;0;0;0;0;0;0;3;1;0;0;0
15/02/2020;06:37:23;40;Sem vítima;303;BR-386/RS;Norte;Saída de pista;0;0;1;0;0;0;0;0;0;0;2;0;0;0;0
15/02/2020;09:06:19;70;Sem vítima;86;BR-101/RS;Sul;Tombamento;2;0;0;0;0;0;0;0;0;0;1;0;0;0;0
15/02/2020;10:24:20;89;Sem vítima;440;BR-386/RS;Sul;Saída de pista;1;0;0;0;0;0;0;0;0;0;1;0;0;0;0
15/02/2020;13:39:46;143;Sem vítima;403;BR-386/RS;Sul;Colisão - Traseira;2;0;0;0;0;0;0;0;0;0;6;0;0;0;0
15/02/2020;15:41:12;168;Sem vítima;347;BR-386/RS;Norte;Colisão - Lateral;2;0;0;0;0;0;0;0;0;0;3;0;0;0;0
15/02/2020;15:41:45;169;Sem vítima;290;BR-386/RS;Sul;Queda de ribanceira;1;0;0;0;0;0;0;0;0;0;1;0;0;0;0
15/02/2020;15:59:01;171;Sem vítima;325;BR-386/RS;Sul;Colisão - Frontal;2;0;0;0;0;0;0;0;0;0;2;0;0;0;0
15/02/2020;17:43:00;198;Sem vítima;95;BR-290/RS;Oeste;Colisão - Lateral;2;0;0;0;0;0;0;0;0;0;2;0;0;0;0
15/02/2020;19:38:24;221;com vítima;24;BR-101/RS;Norte;Atropelamento - Morador/Trabalhador/Estudante;1;0;0;0;0;0;0;0;0;0;0;0;1;1;0
15/02/2020;20:23:01;229;com vítima;92;BR-290/RS;Oeste;Queda de moto;0;0;0;1;0;0;0;0;0;0;0;0;0;1;0
15/02/2020;20:52:10;235;Sem vítima;69;BR-290/RS;Leste;Atropelamento de Animal;1;0;0;0;0;0;0;0;0;0;2;0;0;0;0
16/02/2020;00:18:32;1;com vítima;440;BR-386/RS;Sul;Capotamento;1;0;0;0;0;0;0;0;0;0;0;0;0;1;0
16/02/2020;04:26:45;17;Sem vítima;36;BR-290/RS;Leste;Queda de ribanceira;1;0;0;0;0;0;0;0;0;0;1;0;0;0;0
16/02/2020;14:51:19;123;com vítima;43;BR-290/RS;Leste;Capotamento;1;0;0;0;0;0;0;0;0;0;3;2;0;0;0
16/02/2020;15:57:47;132;Sem vítima;77;BR-290/RS;Oeste;Engavetamento;3;0;0;0;0;0;0;0;0;0;3;0;0;0;0
16/02/2020;17:30:16;175;com vítima;393;BR-386/RS;Sul;Capotamento;1;0;0;0;0;0;0;0;0;0;1;0;1;0;0
16/02/2020;18:28:34;197;Sem vítima;392;BR-386/RS;Sul;Engavetamento;3;0;0;0;0;0;0;0;0;0;3;0;0;0;0
16/02/2020;18:57:22;211;Sem vítima;361;BR-386/RS;Sul;Saída de pista;1;0;0;0;0;0;0;0;0;0;1;0;0;0;0
16/02/2020;19:10:27;217;Sem vítima;406;BR-386/RS;Sul;Choque Defensa;2;0;0;0;0;0;0;0;0;0;3;0;0;0;0
16/02/2020;20:03:14;237;com vítima;405;BR-386/RS;Sul;Saída de pista;1;0;0;0;0;0;0;0;0;0;1;1;0;0;0
16/02/2020;21:07:27;254;Sem vítima;18;BR-290/RS;Oeste;Colisão - Traseira;2;0;0;0;0;0;0;0;0;0;4;0;0;0;0
16/02/2020;21:34:16;267;com vítima;26;BR-290/RS;Oeste;Queda de moto;0;0;0;1;0;0;0;0;0;0;0;1;0;0;0
17/02/2020;05:53:38;26;Sem vítima;406;BR-386/RS;Sul;Atropelamento de Animal;1;0;0;0;0;0;0;0;0;0;1;0;0;0;0
17/02/2020;07:25:34;43;Sem vítima;88;BR-290/RS;Oeste;Colisão - Traseira;2;0;0;0;0;0;0;0;0;0;2;0;0;0;0
17/02/2020;07:40:48;50;com vítima;89;BR-290/RS;Oeste;Engavetamento;3;0;0;1;0;0;0;0;0;0;8;0;1;0;0
17/02/2020;08:04:29;62;com vítima;7;BR-101/RS;Sul;Colisão - Lateral;1;0;0;1;0;0;0;0;0;0;1;0;1;0;0
17/02/2020;08:12:42;64;com vítima;345;BR-386/RS;Norte;Colisão - Frontal;4;0;0;0;0;0;0;0;0;0;4;0;1;0;0
17/02/2020;10:00:00;120;Sem vítima;430;BR-386/RS;Norte;Colisão - Lateral;1;0;0;0;0;0;0;0;1;0;2;0;0;0;0
17/02/2020;15:24:55;212;Sem vítima;411;BR-386/RS;Ambos;Colisão - Traseira;0;0;2;0;0;0;0;0;0;0;2;0;0;0;0
17/02/2020;16:55:02;240;Sem vítima;56;BR-290/RS;Oeste;Queda de ribanceira;1;0;0;0;0;0;0;0;0;0;1;0;0;0;0
17/02/2020;17:50:45;254;Sem vítima;11;BR-290/RS;Leste;Queda de ribanceira;1;0;0;0;0;0;0;0;0;0;3;0;0;0;0
17/02/2020;21:13:57;292;com vítima;78;BR-290/RS;Leste;Capotamento;1;0;0;0;0;0;0;0;0;0;0;3;1;0;0
17/02/2020;21:39:32;294;Sem vítima;35;BR-101/RS;Sul;Choque Praça - Cabine;0;0;1;0;0;0;0;0;0;0;1;0;0;0;0
18/02/2020;01:54:38;10;Sem vítima;10;BR-101/RS;Sul;Atropelamento de Animal;1;0;0;0;0;0;0;0;0;0;1;0;0;0;0
18/02/2020;12:40:50;133;Sem vítima;407;BR-386/RS;Norte;Queda de ribanceira;1;0;0;0;0;0;0;0;0;0;1;0;0;0;0
18/02/2020;13:14:39;139;com vítima;352;BR-386/RS;Norte;Choque Defensa;1;0;0;0;0;0;0;0;0;0;0;3;0;0;0
18/02/2020;13:46:53;150;Sem vítima;299;BR-386/RS;Norte;Saída de pista;1;0;0;0;0;0;0;0;0;0;2;0;0;0;0
18/02/2020;14:01:28;151;Sem vítima;63;BR-101/RS;Norte;Colisão - Lateral;1;0;1;0;0;0;0;0;0;0;2;0;0;0;0
18/02/2020;14:34:46;156;Sem vítima;65;BR-290/RS;Oeste;Queda de ribanceira;0;0;1;0;0;0;0;0;0;0;3;0;0;0;0
18/02/2020;20:44:15;214;Sem vítima;436;BR-386/RS;Sul;Colisão - Lateral;2;0;0;0;0;0;0;0;0;0;2;0;0;0;0
18/02/2020;20:48:30;216;Sem vítima;92;BR-290/RS;Leste;Colisão - Traseira;2;0;0;0;0;0;0;0;0;0;3;0;0;0;0
18/02/2020;21:18:08;218;Sem vítima;57;BR-101/RS;Norte;Capotamento;1;0;0;0;0;0;0;0;0;0;1;0;0;0;0
19/02/2020;01:08:45;5;com vítima;41;BR-290/RS;Oeste;Colisão - Traseira;2;0;0;0;0;0;0;0;0;0;2;0;1;0;0
19/02/2020;04:17:27;16;Sem vítima;26;BR-290/RS;Leste;Queda de ribanceira;1;0;0;0;0;0;0;0;0;0;1;0;0;0;0
19/02/2020;10:33:56;96;Sem vítima;2;BR-101/RS;Sul;Colisão - Traseira;1;0;0;1;0;0;0;0;0;0;3;0;0;0;0
19/02/2020;12:59:45;127;com vítima;392;BR-386/RS;Norte;Queda de moto;0;0;0;1;0;0;0;0;0;0;0;0;1;0;0
19/02/2020;14:49:58;155;Sem vítima;77;BR-290/RS;Oeste;Colisão - Traseira;2;0;0;0;0;0;0;0;0;0;6;0;0;0;0
19/02/2020;18:03:59;203;Sem vítima;85;BR-290/RS;Leste;Colisão - Traseira;1;0;1;0;0;0;0;0;0;0;4;0;0;0;0
20/02/2020;06:36:44;25;com vítima;434;BR-386/RS;Norte;Colisão - Lateral;1;0;0;1;0;0;0;0;0;0;1;1;0;0;0
20/02/2020;07:25:33;31;Sem vítima;398;BR-386/RS;Norte;Saída de pista;0;0;1;0;0;0;0;0;0;0;2;0;0;0;0
20/02/2020;08:53:50;73;Sem vítima;446,02;BR-386/RS;Sul;Colisão - Traseira;1;0;1;0;0;0;0;0;0;0;6;0;0;0;0
20/02/2020;09:27:15;86;Sem vítima;7;BR-101/RS;Norte;Colisão - Lateral;2;0;0;0;0;0;0;0;0;0;6;0;0;0;0
20/02/2020;17:16:54;230;com vítima;438;BR-386/RS;Sul;Queda de moto;0;0;0;1;0;0;0;0;0;0;0;0;2;0;0
20/02/2020;17:27:36;232;com vítima;92;BR-290/RS;Leste;Queda de moto;0;0;0;1;0;0;0;0;0;0;0;0;1;0;0
20/02/2020;21:12:53;309;com vítima;289;BR-386/RS;Norte;Colisão - Lateral;0;0;1;0;0;0;0;0;0;0;2;0;1;0;0
20/02/2020;22:02:16;318;Sem vítima;321;BR-386/RS;Sul;Saída de pista;1;0;0;0;0;0;0;0;0;0;1;0;0;0;0
21/02/2020;04:21:06;28;com vítima;29;BR-290/RS;Oeste;Capotamento;1;0;0;0;0;0;0;0;0;0;0;0;1;0;0
21/02/2020;07:16:01;47;com vítima;438;BR-386/RS;Sul;Colisão - Lateral;0;0;1;1;0;0;0;0;0;0;1;0;1;0;0
21/02/2020;07:28:07;50;com vítima;49;BR-101/RS;Norte;Colisão - Lateral;3;0;0;0;0;0;0;0;0;0;0;3;2;0;0
21/02/2020;13:53:24;176;Sem vítima;22,47;BR-448/RS;Norte;Colisão - Lateral;1;0;1;0;0;0;0;0;0;0;2;0;0;0;0
21/02/2020;16:06:23;222;Sem vítima;306;BR-386/RS;Norte;Tombamento;0;0;1;0;0;0;0;0;0;0;1;0;0;0;0
21/02/2020;16:50:28;233;Sem vítima;74;BR-290/RS;Leste;Colisão - Traseira;3;0;0;0;0;0;0;0;0;0;3;0;0;0;0
21/02/2020;16:53:47;234;Sem vítima;19,43;BR-290/RS;Oeste;Colisão - Traseira;2;0;0;0;0;0;0;0;0;0;5;0;0;0;0
21/02/2020;18:24:16;268;com vítima;275;BR-386/RS;Norte;Colisão - Traseira;4;0;2;0;0;0;0;0;0;0;7;2;0;1;1
21/02/2020;20:56:25;318;Sem vítima;63;BR-290/RS;Leste;;2;0;0;0;0;0;0;0;0;0;1;0;0;0;0
21/02/2020;21:55:23;337;com vítima;1;BR-101/RS;Norte;Colisão - Traseira;1;0;0;1;0;0;0;0;0;0;0;1;0;0;0
22/02/2020;00:29:54;12;Sem vítima;27;BR-290/RS;Leste;;1;0;1;0;0;0;0;0;0;0;4;0;0;0;0
22/02/2020;02:09:13;39;com vítima;77;BR-101/RS;Sul;Queda de ribanceira;1;0;0;0;0;0;0;0;0;0;0;2;0;0;0
22/02/2020;03:36:16;54;Sem vítima;25;BR-290/RS;Leste;Colisão - Traseira;0;0;0;0;0;0;0;0;0;0;1;0;0;0;0