data;horario;n_da_ocorrencia;tipo_de_ocorrencia;km;trecho;sentido;tipo_de_acidente;automovel;bicicleta;caminhao;moto;onibus;outros;tracao_animal;transporte_de_cargas_especiais;trator_maquinas;utilitarios;ilesos;levemente_feridos;moderadamente_feridos;gravemente_feridos;mortos
22/02/2020;04:53:36;71;Sem vítima;24;BR-290/RS;Leste;Colisão - Traseira;2;0;0;0;0;0;0;0;0;0;2;0;0;0;0
22/02/2020;05:42:03;85;Sem vítima;27;BR-290/RS;Leste;Engavetamento;3;0;0;0;0;0;0;0;0;0;3;0;0;0;0
22/02/2020;05:52:41;88;Sem vítima;68;BR-290/RS;Leste;Colisão - Traseira;3;0;0;0;0;0;0;0;0;0;3;0;0;0;0
22/02/2020;06:31:12;94;Sem vítima;428;BR-386/RS;Sul;Queda de ribanceira;1;0;0;0;0;0;0;0;0;0;1;0;0;0;0
22/02/2020;06:52:40;102;Sem vítima;3;BR-101/RS;Norte;Queda de moto;0;0;0;1;0;0;0;0;0;0;1;0;0;0;0
22/02/2020;09:53:07;168;Sem vítima;42;BR-101/RS;Norte;Colisão - Traseira;1;0;0;0;0;0;0;0;0;0;2;0;0;0;0
22/02/2020;10:06:48;171;Sem vítima;61;BR-290/RS;Leste;Colisão - Lateral;2;0;0;0;0;0;0;0;0;0;1;0;0;0;0
22/02/2020;10:37:26;177;Sem vítima;58;BR-290/RS;Oeste;Colisão - Traseira;2;0;0;0;0;0;0;0;0;0;2;0;0;0;0
22/02/2020;11:09:28;192;Sem vítima;34;BR-290/RS;Leste;Colisão - Lateral;1;0;0;2;0;0;0;0;0;0;2;0;0;0;0
22/02/2020;12:22:39;215;Sem vítima;45;BR-290/RS;Leste;Colisão - Traseira;2;0;0;0;0;0;0;0;0;0;2;0;0;0;0
22/02/2020;12:36:48;219;Sem vítima;39;BR-290/RS;Leste;Colisão - Traseira;2;0;0;0;0;0;0;0;0;0;2;0;0;0;0
22/02/2020;12:50:18;229;Sem vítima;40;BR-290/RS;Leste;Saída de pista;0;0;0;0;0;0;0;0;0;0;1;0;0;0;0
22/02/2020;14:01:38;254;Sem vítima;91;BR-290/RS;Leste;Queda de moto;1;0;0;0;0;0;0;0;0;0;2;0;0;0;0
22/02/2020;16:00:26;303;com vítima;46;BR-290/RS;Leste;Colisão - Traseira;2;0;0;0;0;0;0;0;0;0;4;1;0;0;0
22/02/2020;17:11:56;327;Sem vítima;42;BR-290/RS;Leste;Saída de pista;1;0;0;0;0;0;0;0;0;0;1;0;0;0;0
23/02/2020;07:48:14;37;Sem vítima;19;BR-290/RS;Oeste;Colisão - Traseira;1;0;2;0;0;0;0;0;0;0;3;0;0;0;0
23/02/2020;18:04:22;165;com vítima;39;BR-290/RS;Leste;Capotamento;1;0;0;0;0;0;0;0;0;0;0;0;0;1;0
23/02/2020;19:07:26;177;com vítima;435;BR-386/RS;Norte;Colisão - Lateral;1;0;0;0;1;0;0;0;0;0;3;0;1;0;0
23/02/2020;21:46:23;205;com vítima;350;BR-386/RS;Sul;Capotamento;1;0;0;0;0;0;0;0;0;0;3;0;1;0;0
24/02/2020;07:19:22;38;Sem vítima;435;BR-386/RS;Sul;Colisão - Lateral;1;0;1;0;0;0;0;0;0;0;4;0;0;0;0
24/02/2020;08:40:30;68;com vítima;77;BR-290/RS;Oeste;Colisão - Traseira;2;0;0;0;0;0;0;0;0;0;4;1;0;0;0
24/02/2020;11:23:08;108;com vítima;86;BR-290/RS;Leste;Queda de moto;0;0;0;1;0;0;0;0;0;0;0;2;0;0;0
24/02/2020;17:49:56;209;com vítima;343;BR-386/RS;Sul;Colisão - Lateral;1;0;0;1;0;0;0;0;0;0;2;1;0;0;0
24/02/2020;19:12:45;241;Sem vítima;411;BR-386/RS;Sul;Saída de pista;1;0;0;0;0;0;0;0;0;0;2;0;0;0;0
24/02/2020;19:49:52;252;com vítima;54;BR-290/RS;Oeste;Queda de moto;0;0;0;1;0;0;0;0;0;0;0;2;0;0;0
25/02/2020;06:05:25;34;com vítima;40;BR-290/RS;Leste;Queda de ribanceira;1;0;0;0;0;0;0;0;0;0;2;2;0;0;0
25/02/2020;09:32:04;86;com vítima;236;BR-386/RS;Norte;Saída de pista;1;0;0;0;0;0;0;0;0;0;0;4;0;0;0
25/02/2020;09:49:41;92;com vítima;286;BR-386/RS;Norte;Colisão - Lateral;2;0;0;0;0;0;0;0;0;0;1;4;1;0;0
25/02/2020;12:22:07;137;Sem vítima;11;BR-290/RS;Oeste;Colisão - Traseira;3;0;0;0;0;0;0;0;0;0;3;0;0;0;0
25/02/2020;12:24:20;139;com vítima;178;BR-386/RS;Norte;Colisão - Lateral;2;0;0;0;0;0;0;0;0;0;3;2;0;0;0
25/02/2020;12:59:19;155;Sem vítima;39;BR-290/RS;Oeste;Colisão - Traseira;3;0;0;0;0;0;0;0;0;0;3;0;0;0;0
25/02/2020;13:37:43;168;Sem vítima;5;BR-290/RS;Oeste;Colisão - Traseira;2;0;0;0;0;0;0;0;0;0;2;0;0;0;0
25/02/2020;14:10:25;184;com vítima;82;BR-290/RS;Oeste;Saída de pista;1;0;0;0;0;0;0;0;0;0;0;1;0;0;0
25/02/2020;15:57:58;222;com vítima;21;BR-101/RS;Sul;Colisão - Lateral;2;0;0;0;0;0;0;0;0;0;1;1;0;0;0
25/02/2020;20:32:48;335;Sem vítima;69;BR-101/RS;Sul;Colisão - Traseira;2;0;0;0;0;0;0;0;0;0;1;0;0;0;0
25/02/2020;22:44:21;370;Sem vítima;37;BR-101/RS;Sul;Choque Defensa;1;0;0;0;0;0;0;0;0;0;3;0;0;0;0
25/02/2020;22:59:20;375;com vítima;435;BR-386/RS;Norte;Saída de pista;1;0;0;0;0;0;0;0;0;0;0;1;1;0;0
25/02/2020;23:03:58;378;Sem vítima;94;BR-290/RS;Oeste;Choque Defensa;1;0;0;0;0;0;0;0;0;0;1;0;0;0;0
26/02/2020;00:50:58;4;com vítima;372;BR-386/RS;Norte;Saída de pista;1;0;0;0;0;0;0;0;0;0;1;1;0;0;0
26/02/2020;01:06:40;8;com vítima;249;BR-386/RS;Sul;Capotamento;1;0;0;0;0;0;0;0;0;0;1;0;1;0;0
26/02/2020;01:21:50;10;Sem vítima;22;BR-448/RS;Sul;Choque Barreira;1;0;0;0;0;0;0;0;0;0;1;0;0;0;0
26/02/2020;02:55:50;23;com vítima;64;BR-290/RS;Oeste;Saída de pista;1;0;0;0;0;0;0;0;0;0;0;3;0;1;0
26/02/2020;04:59:27;31;Sem vítima;446;BR-386/RS;Sul;Choque Barreira;0;0;1;0;0;0;0;0;0;0;1;0;0;0;0
26/02/2020;10:46:26;139;Sem vítima;19;BR-290/RS;Leste;Colisão - Traseira;2;0;0;0;0;0;0;0;0;0;2;0;0;0;0
26/02/2020;11:46:50;155;Sem vítima;84;BR-101/RS;Sul;Colisão - Traseira;2;0;0;0;0;0;0;0;0;0;1;0;0;0;0
26/02/2020;11:50:32;158;Sem vítima;92;BR-290/RS;Leste;Colisão - Traseira;1;0;1;0;0;0;0;0;0;0;1;0;0;0;0
26/02/2020;11:55:19;160;Sem vítima;82;BR-101/RS;Sul;Colisão - Traseira;2;0;0;0;0;0;0;0;0;0;1;0;0;0;0
26/02/2020;12:21:36;166;com vítima;221;BR-386/RS;Sul;Atropelamento - Morador/Trabalhador/Estudante;1;0;0;0;0;0;0;0;0;0;1;0;0;0;1
26/02/2020;12:45:26;171;Sem vítima;52;BR-290/RS;Oeste;;2;0;0;0;0;0;0;0;0;0;3;0;0;0;0
26/02/2020;13:33:07;184;Sem vítima;57;BR-290/RS;Oeste;;2;0;0;0;0;0;0;0;0;0;3;0;0;0;0
26/02/2020;14:08:54;199;Sem vítima;57;BR-290/RS;Oeste;;2;0;0;0;0;0;0;0;0;0;2;0;0;0;0
26/02/2020;14:43:19;208;com vítima;348;BR-386/RS;Norte;Colisão - Lateral;1;0;0;0;0;0;0;0;0;0;1;1;0;0;0
26/02/2020;18:20:31;260;com vítima;53;BR-290/RS;Oeste;Colisão - Traseira;4;0;1;0;0;0;0;0;0;0;3;2;0;0;0
26/02/2020;18:30:53;263;com vítima;54;BR-290/RS;Oeste;Colisão - Traseira;2;0;0;0;0;0;0;0;0;0;5;0;0;1;0
26/02/2020;20:17:21;284;com vítima;53;BR-290/RS;Oeste;Colisão - Traseira;3;0;0;0;0;0;0;0;0;0;3;0;1;0;0
27/02/2020;09:00:27;89;Sem vítima;79;BR-101/RS;Ambos;Capotamento;1;0;0;0;0;0;0;0;0;0;2;0;0;0;0
27/02/2020;19:53:13;225;Sem vítima;69;BR-290/RS;Oeste;Queda de ribanceira;1;0;0;0;0;0;0;0;0;0;2;0;0;0;0
27/02/2020;20:21:50;231;com vítima;216;BR-386/RS;Norte;Colisão - Lateral;2;0;0;0;0;0;0;0;0;0;2;0;1;0;0
27/02/2020;20:50:53;234;com vítima;347;BR-386/RS;Norte;Atropelamento - Andarilho;1;0;0;0;0;0;0;0;0;0;2;0;0;1;0
28/02/2020;05:11:28;7;com vítima;76;BR-101/RS;Norte;Atropelamento de Animal;1;0;0;0;0;0;0;0;0;0;1;3;0;0;0
28/02/2020;05:48:40;11;Sem vítima;417;BR-386/RS;Sul;Saída de pista;0;0;0;0;0;0;0;0;1;0;1;0;0;0;0
28/02/2020;08:39:28;49;Sem vítima;92;BR-290/RS;Oeste;Choque Barreira;1;0;0;0;0;0;0;0;0;0;1;0;0;0;0
28/02/2020;10:59:42;91;Sem vítima;245;BR-386/RS;Norte;Colisão - Lateral;2;0;0;0;0;0;0;0;0;0;3;0;0;0;0
28/02/2020;11:10:23;98;Sem vítima;191;BR-386/RS;Norte;Colisão - Lateral;1;0;2;0;0;0;0;0;0;0;3;0;0;0;0
28/02/2020;13:04:59;122;com vítima;54;BR-290/RS;Oeste;Colisão - Traseira;2;0;0;0;0;0;0;0;0;0;2;0;1;0;0
28/02/2020;17:17:12;191;Sem vítima;221;BR-386/RS;Norte;Colisão - Traseira;1;0;0;0;0;1;0;0;0;0;2;0;0;0;0
28/02/2020;17:20:45;192;com vítima;30;BR-290/RS;Leste;Queda de ribanceira;1;0;0;0;0;0;0;0;0;0;1;0;1;0;0
28/02/2020;21:29:53;261;Sem vítima;19;BR-290/RS;Leste;Capotamento;1;0;0;0;0;0;0;0;0;0;3;0;0;0;0
28/02/2020;22:35:07;273;com vítima;85;BR-290/RS;Leste;Choque Defensa;1;0;0;0;0;0;0;0;0;0;0;1;0;0;0
28/02/2020;22:50:04;277;Sem vítima;71;BR-290/RS;Leste;Choque Defensa;1;0;0;0;0;0;0;0;0;0;2;0;0;0;0
01/08/2020;10:29:24;70;Acidente sem VITIMA;7,000;BR-101/RS;Sul;Colisão - Lateral;1;0;0;0;0;0;0;1;0;0;6;0;0;0;0
01/08/2020;15:06:42;121;Acidente com VITIMA;231,000;BR-386/RS;Norte;Colisão - Traseira;2;0;0;0;0;0;0;0;0;0;1;0;1;0;0
01/08/2020;15:15:52;127;Acidente sem VITIMA;230,000;BR-386/RS;Norte;Colisão - Traseira;1;0;0;0;0;0;0;1;0;0;3;0;0;0;0
01/08/2020;17:25:19;159;Acidente com VITIMA FATAL;27,000;BR-290/RS;Oeste;Colisão - Transversal;0;0;0;1;0;0;0;0;0;1;4;0;0;0;1
01/08/2020;17:50:36;163;Acidente sem VITIMA;30,000;BR-290/RS;Leste;Queda de ribanceira;1;0;0;0;0;0;0;0;0;0;2;0;0;0;0
01/08/2020;18:17:23;166;Acidente sem VITIMA;327,000;BR-386/RS;Norte;Colisão - Lateral;2;0;0;0;0;0;0;0;0;0;2;0;0;0;0
01/08/2020;20:19:59;179;Acidente sem VITIMA;68,000;BR-290/RS;Leste;Queda de moto;0;0;0;1;0;0;0;0;0;0;1;0;0;0;0
02/08/2020;03:14:36;11;Acidente com VITIMA;9,000;BR-290/RS;Oeste;Queda de moto;0;0;0;1;0;0;0;0;0;0;0;2;0;0;0
02/08/2020;03:40:17;12;Acidente com VITIMA;61,000;BR-290/RS;Oeste;Saída de pista;0;0;1;0;0;0;0;0;0;0;0;0;1;0;0
02/08/2020;11:06:15;58;Acidente com VITIMA;10,000;BR-101/RS;Sul;Colisão - Lateral;2;0;0;0;0;0;0;0;0;0;6;0;2;0;0
02/08/2020;20:40:39;171;Acidente sem VITIMA;1,000;BR-448/RS;Norte;Atropelamento de Animal;1;0;0;0;0;0;0;0;0;0;1;0;0;0;0
03/08/2020;03:20:14;11;Acidente sem VITIMA;57,000;BR-101/RS;Sul;Queda de ribanceira;1;0;0;0;0;0;0;0;0;0;1;0;0;0;0
03/08/2020;07:58:09;37;Acidente sem VITIMA;436,000;BR-386/RS;Norte;Colisão - Lateral;1;0;1;0;0;0;0;0;0;0;2;0;0;0;0
03/08/2020;10:24:06;83;Acidente com VITIMA FATAL;88,000;BR-290/RS;Leste;Colisão - Traseira;0;0;0;0;0;0;0;2;0;0;1;0;0;0;1
03/08/2020;18:25:00;175;Acidente sem VITIMA;72,000;BR-290/RS;Oeste;Choque com objeto sobre a pista;1;0;0;0;0;0;0;0;0;0;1;0;0;0;0
03/08/2020;20:19:24;190;Acidente com VITIMA;236,000;BR-386/RS;Norte;Queda de ribanceira;1;0;0;0;0;0;0;0;0;0;0;2;0;0;0
04/08/2020;07:07:04;23;Acidente sem VITIMA;373,000;BR-386/RS;Sul;Saída de pista;0;0;0;1;0;0;0;0;0;1;2;0;0;0;0
04/08/2020;10:09:56;86;Acidente sem VITIMA;98,000;BR-290/RS;Oeste;Engavetamento;4;0;0;0;0;0;0;0;0;0;4;0;0;0;0
04/08/2020;16:12:19;168;Acidente com VITIMA;77,000;BR-101/RS;Sul;Queda de ribanceira;1;0;0;0;0;0;0;0;0;0;0;0;1;1;0
04/08/2020;16:14:45;169;Acidente sem VITIMA;86,000;BR-290/RS;Leste;Colisão - Lateral;1;0;1;0;0;0;0;0;0;0;2;0;0;0;0
04/08/2020;19:16:44;193;Acidente com VITIMA;87,000;BR-290/RS;Leste;Colisão - Traseira;1;0;0;0;0;0;0;1;0;0;2;2;0;0;0
04/08/2020;21:38:38;207;Acidente sem VITIMA;295,000;BR-386/RS;Norte;Queda de Carga;0;0;0;0;0;0;0;0;0;1;2;0;0;0;0
04/08/2020;21:51:20;208;Acidente sem VITIMA;60,000;BR-290/RS;Leste;Choque - Sinalização;1;0;0;0;0;0;0;0;0;0;4;0;0;0;0
05/08/2020;01:21:14;3;Acidente sem VITIMA;68,000;BR-290/RS;Oeste;Queda de ribanceira;1;0;0;0;0;0;0;0;0;0;1;0;0;0;0
05/08/2020;05:06:33;11;Acidente sem VITIMA;427,000;BR-386/RS;Sul;Choque Defensa;1;0;0;0;0;0;0;0;0;0;1;0;0;0;0
05/08/2020;07:53:08;30;Acidente sem VITIMA;89,000;BR-290/RS;Oeste;Choque Barreira;1;0;0;0;0;0;0;0;0;0;1;0;0;0;0
05/08/2020;11:14:36;92;Acidente sem VITIMA;16,000;BR-448/RS;Sul;Colisão - Transversal;2;0;0;0;0;0;0;0;0;0;3;0;0;0;0
05/08/2020;11:17:59;93;Acidente sem VITIMA;92,000;BR-290/RS;Oeste;Outros;1;0;0;0;0;0;0;0;0;0;1;0;0;0;0
05/08/2020;11:19:36;94;Acidente com VITIMA;258,000;BR-386/RS;Norte;Tombamento;0;0;1;0;0;0;0;0;0;0;1;1;0;0;0
05/08/2020;11:56:44;102;Acidente com VITIMA;255,000;BR-386/RS;Sul;Tombamento;0;0;0;0;0;0;0;1;0;0;0;1;0;0;0
05/08/2020;12:08:35;105;Acidente com VITIMA;443,000;BR-386/RS;Norte;Queda de ribanceira;1;0;0;0;0;0;0;0;0;0;0;1;0;0;0
05/08/2020;13:18:43;118;Acidente sem VITIMA;15,000;BR-448/RS;Sul;Choque Defensa;1;0;0;0;0;0;0;0;0;0;1;0;0;0;0
05/08/2020;14:19:49;129;Acidente com VITIMA;89,180;BR-290/RS;Leste;Queda de moto;0;0;0;1;0;0;0;0;0;0;0;2;0;0;0
05/08/2020;18:19:24;175;Acidente com VITIMA;60,000;BR-290/RS;Oeste;Colisão - Traseira;2;0;0;0;0;0;0;0;0;0;1;4;0;0;0
05/08/2020;20:15:22;194;Acidente sem VITIMA;343,000;BR-386/RS;Sul;Saída de pista;1;0;0;0;0;0;0;0;0;0;1;0;0;0;0
05/08/2020;20:26:51;199;Acidente sem VITIMA;268,000;BR-386/RS;Sul;Queda de ribanceira;1;0;0;0;0;0;0;1;0;0;3;0;0;0;0
06/08/2020;02:48:50;11;Acidente sem VITIMA;279,000;BR-386/RS;Norte;Queda de ribanceira;1;0;0;0;0;0;0;0;0;0;1;0;0;0;0
06/08/2020;08:33:51;61;Acidente sem VITIMA;15,000;BR-290/RS;Leste;Queda de ribanceira;1;0;0;0;0;0;0;0;0;0;2;0;0;0;0
06/08/2020;10:44:28;89;Acidente sem VITIMA;260,000;BR-386/RS;Norte;Colisão - Traseira;2;0;0;0;0;0;0;0;0;0;2;0;0;0;0
06/08/2020;11:51:51;105;Acidente sem VITIMA;291,000;BR-386/RS;Norte;Colisão - Traseira;1;0;0;0;0;0;0;1;0;0;3;0;0;0;0
06/08/2020;15:25:55;147;Acidente sem VITIMA;350,000;BR-386/RS;Norte;Colisão - Lateral;1;0;0;0;0;1;0;0;0;0;6;0;0;0;0
06/08/2020;18:33:24;195;Acidente sem VITIMA;18,000;BR-448/RS;Sul;Capotamento;1;0;0;0;0;0;0;0;0;0;1;0;0;0;0
06/08/2020;20:17:51;205;Acidente sem VITIMA;14,000;BR-101/RS;Sul;Choque com objeto sobre a pista;2;0;0;0;0;0;0;0;0;0;4;0;0;0;0
07/08/2020;05:27:07;16;Acidente com VITIMA;414,000;BR-386/RS;Norte;Atropelamento de Animal;2;0;0;0;0;0;0;0;0;0;1;1;0;0;0
07/08/2020;11:02:56;89;Acidente sem VITIMA;304,000;BR-386/RS;Norte;Colisão - Lateral;1;0;0;0;0;0;0;1;0;0;2;0;0;0;0
07/08/2020;11:21:50;97;Acidente sem VITIMA;306,000;BR-386/RS;Sul;Colisão - Lateral;1;0;0;0;0;0;0;1;0;0;2;0;0;0;0
07/08/2020;12:15:49;105;Acidente sem VITIMA;91,000;BR-290/RS;Oeste;Colisão - Traseira;2;0;0;0;0;0;0;0;0;0;2;0;0;0;0
07/08/2020;15:44:46;140;Acidente sem VITIMA;77,000;BR-290/RS;Leste;Colisão - Traseira;2;0;0;0;0;0;0;0;0;0;2;0;0;0;0
07/08/2020;16:31:02;150;Acidente com VITIMA;344,000;BR-386/RS;Norte;Colisão - Traseira;1;0;1;0;0;0;0;0;0;0;1;1;0;0;0
07/08/2020;16:37:35;152;Acidente com VITIMA;336,000;BR-386/RS;Norte;Colisão - Traseira;0;0;0;1;0;0;0;1;0;0;1;1;0;0;0
07/08/2020;16:39:33;154;Acidente com VITIMA;336,000;BR-386/RS;Norte;Queda de moto;0;0;0;1;0;0;0;0;0;0;1;1;0;0;0
07/08/2020;18:07:31;166;Acidente sem VITIMA;91,000;BR-290/RS;Leste;Colisão - Traseira;2;0;0;0;0;0;0;0;0;0;3;0;0;0;0
07/08/2020;20:01:22;195;Acidente com VITIMA;82,000;BR-290/RS;Oeste;Capotamento;1;0;0;0;0;0;0;0;0;0;0;1;0;0;0
08/08/2020;02:01:45;9;Acidente sem VITIMA;411,000;BR-386/RS;Norte;Saída de pista;1;0;0;0;0;0;0;0;0;0;1;0;0;0;0
08/08/2020;03:13:03;11;Acidente com VITIMA;64,000;BR-290/RS;Oeste;Capotamento;1;0;0;0;0;0;0;0;0;0;1;1;1;0;0
08/08/2020;08:24:02;34;Acidente sem VITIMA;35,000;BR-101/RS;Norte;Colisão - Traseira;0;0;0;1;0;0;0;1;0;0;2;0;0;0;0
08/08/2020;09:00:57;42;Acidente com VITIMA;96,000;BR-290/RS;Oeste;Colisão - Traseira;2;0;0;0;0;0;0;0;0;0;5;1;0;0;0
08/08/2020;09:46:57;53;Acidente sem VITIMA;234,000;BR-386/RS;Norte;Colisão - Traseira;1;0;1;0;0;0;0;0;0;0;3;0;0;0;0
08/08/2020;11:50:54;88;Acidente com VITIMA;89,000;BR-290/RS;Oeste;Choque Barreira;1;0;0;0;0;0;0;0;0;0;4;1;0;0;0
08/08/2020;12:35:29;97;Acidente sem VITIMA;45,000;BR-290/RS;Oeste;Capotamento;1;0;0;0;0;0;0;0;0;0;1;0;0;0;0
08/08/2020;20:00:32;173;Acidente sem VITIMA;356,000;BR-386/RS;Sul;Saída de pista;1;0;0;0;0;0;0;0;0;0;2;0;0;0;0
08/08/2020;20:24:19;175;Acidente com VITIMA;343,000;BR-386/RS;Ambos;Colisão - Lateral;1;0;0;1;0;0;0;0;0;0;2;0;1;0;0
09/08/2020;00:27:29;2;Acidente com VITIMA;261,000;BR-386/RS;Norte;Colisão - Traseira;2;0;0;0;0;0;0;0;0;0;3;2;0;0;0
09/08/2020;11:22:23;59;Acidente sem VITIMA;94,000;BR-290/RS;Leste;Colisão - Traseira;2;0;0;0;0;0;0;0;0;0;5;0;0;0;0
09/08/2020;17:15:08;119;Acidente com VITIMA;399,000;BR-386/RS;Norte;Colisão - Transversal;2;0;0;0;0;0;0;0;0;0;0;1;0;0;0
09/08/2020;17:17:30;121;Acidente com VITIMA;72,000;BR-101/RS;Sul;Colisão - Transversal;1;0;0;1;0;0;0;0;0;0;1;0;1;0;0
09/08/2020;18:49:47;147;Acidente com VITIMA;446,000;BR-386/RS;Sul;Atropelamento de Animal;1;0;0;0;0;0;0;0;0;0;3;1;0;0;0
09/08/2020;19:58:54;170;Acidente com VITIMA;269,000;BR-386/RS;Norte;Colisão - Traseira;2;0;0;0;0;0;0;0;0;0;3;1;0;0;0
09/08/2020;22:33:56;203;Acidente sem VITIMA;92,000;BR-290/RS;Oeste;Colisão - Traseira;2;0;0;0;0;0;0;0;0;0;2;0;0;0;0
10/08/2020;00:01:32;1;Acidente com VITIMA;26,000;BR-101/RS;Sul;Colisão - Traseira;2;0;0;0;0;0;0;0;0;0;2;0;1;0;0
10/08/2020;05:47:43;13;Acidente sem VITIMA;86,000;BR-290/RS;Oeste;Queda de ribanceira;1;0;0;0;0;0;0;0;0;0;1;0;0;0;0
10/08/2020;08:29:29;53;Acidente sem VITIMA;291,000;BR-386/RS;Norte;Colisão - Traseira;1;0;0;0;0;0;0;1;0;0;3;0;0;0;0
10/08/2020;09:47:58;87;Acidente com VITIMA;426,000;BR-386/RS;Norte;Colisão - Traseira;1;0;0;0;0;1;0;0;0;0;1;1;0;0;0
10/08/2020;10:07:50;95;Acidente sem VITIMA;30,000;BR-101/RS;Sul;Colisão - Lateral;1;0;1;0;0;0;0;0;0;0;4;0;0;0;0
10/08/2020;10:29:23;103;Acidente sem VITIMA;295,000;BR-386/RS;Sul;Choque com veículo na faixa de rolamento;2;0;0;0;0;0;0;0;0;0;5;0;0;0;0
10/08/2020;17:34:07;208;Acidente sem VITIMA;16,000;BR-448/RS;Norte;Colisão - Traseira;1;0;1;0;0;0;0;0;0;0;6;0;0;0;0
10/08/2020;17:40:42;212;Acidente sem VITIMA;28,000;BR-290/RS;Leste;Queda de ribanceira;0;0;1;0;0;0;0;0;0;0;1;0;0;0;0
10/08/2020;18:16:23;217;Acidente sem VITIMA;13,000;BR-101/RS;Norte;Queda de ribanceira;2;0;0;0;0;0;0;0;0;0;3;0;0;0;0
10/08/2020;18:34:09;222;Acidente sem VITIMA;188,000;BR-386/RS;Sul;;1;0;1;0;0;0;0;0;0;0;3;0;0;0;0
10/08/2020;20:04:41;241;Acidente com VITIMA;379,000;BR-386/RS;Norte;Colisão - Lateral;1;0;0;1;0;0;0;0;0;0;2;1;0;0;0
11/08/2020;11:57:19;106;Acidente sem VITIMA;392,000;BR-386/RS;Sul;Choque com veículo na faixa de rolamento;1;0;0;0;0;0;0;1;0;0;3;0;0;0;0
11/08/2020;16:15:00;147;Acidente sem VITIMA;46,000;BR-290/RS;Oeste;Choque Defensa;1;0;0;0;0;0;0;0;0;0;1;0;0;0;0
11/08/2020;17:07:55;160;Acidente com VITIMA;420,000;BR-386/RS;Norte;Queda de ribanceira;1;0;0;0;0;0;0;0;0;0;0;1;0;0;0
11/08/2020;18:42:50;185;Acidente com VITIMA;92,260;BR-290/RS;Oeste;;2;0;0;0;0;0;0;0;0;0;1;4;0;0;0
11/08/2020;20:34:57;201;Atropelamento;417,000;BR-386/RS;Sul;Atropelamento - Andarilho;0;0;0;0;0;1;0;0;0;0;0;1;0;0;0
11/08/2020;20:39:39;202;Atropelamento;5,000;BR-101/RS;Norte;;0;0;0;0;0;1;0;0;0;0;1;0;1;0;0
11/08/2020;20:50:24;204;Acidente sem VITIMA;92,000;BR-290/RS;Leste;Colisão - Traseira;2;0;0;0;0;0;0;0;0;0;2;0;0;0;0
11/08/2020;23:34:43;216;Acidente com VITIMA;365,000;BR-386/RS;Sul;Tombamento;0;0;0;0;0;0;0;1;0;0;1;1;0;0;0
12/08/2020;00:21:42;2;Acidente sem VITIMA;76,000;BR-290/RS;Oeste;Queda de ribanceira;1;0;0;0;0;0;0;0;0;0;2;0;0;0;0
12/08/2020;04:12:33;10;Acidente sem VITIMA;6,000;BR-290/RS;Oeste;Queda de ribanceira;1;0;0;0;0;0;0;0;0;0;2;0;0;0;0
12/08/2020;05:22:15;11;Acidente sem VITIMA;364,000;BR-386/RS;Norte;Saída de pista;1;0;0;0;0;0;0;0;0;0;1;0;0;0;0
12/08/2020;07:59:56;34;Acidente sem VITIMA;75,000;BR-290/RS;Leste;Saída de pista;1;0;0;0;0;0;0;0;0;0;1;0;0;0;0
12/08/2020;09:52:39;55;Acidente sem VITIMA;255,000;BR-386/RS;Sul;Saída de pista;1;0;0;0;0;0;0;0;0;0;1;0;0;0;0
12/08/2020;12:14:28;83;Acidente sem VITIMA;306,000;BR-386/RS;Sul;Tombamento;0;0;0;0;0;0;0;1;0;0;1;0;0;0;0
12/08/2020;12:51:01;92;Acidente com VITIMA;373,000;BR-386/RS;Norte;Colisão - Lateral;1;0;0;0;0;0;0;1;0;0;1;1;1;0;0
12/08/2020;14:35:03;111;Acidente sem VITIMA;433,000;BR-386/RS;Sul;Saída de pista;1;0;0;0;0;0;0;0;0;0;1;0;0;0;0
12/08/2020;19:23:12;158;Acidente sem VITIMA;392,000;BR-386/RS;Sul;Saída de pista;1;0;0;0;0;0;0;0;0;0;1;0;0;0;0
12/08/2020;19:55:03;163;Acidente sem VITIMA;359,000;BR-386/RS;Norte;Choque Defensa;1;0;0;0;0;0;0;0;0;0;1;0;0;0;0
12/08/2020;19:56:14;165;Acidente sem VITIMA;86,000;BR-290/RS;Oeste;Queda de ribanceira;1;0;0;0;0;0;0;0;0;0;1;0;0;0;0
13/08/2020;08:10:31;21;Acidente sem VITIMA;91,000;BR-290/RS;Oeste;Choque Defensa;1;0;0;0;0;0;0;0;0;0;1;0;0;0;0
13/08/2020;09:03:38;35;Acidente com VITIMA;343,000;BR-386/RS;Sul;Colisão - Lateral;2;0;0;0;0;0;0;0;0;0;1;1;0;0;0
13/08/2020;16:28:57;123;Acidente sem VITIMA;78,000;BR-290/RS;Leste;Colisão - Traseira;2;0;0;0;0;0;0;0;0;0;1;0;0;0;0