data;horario;n_da_ocorrencia;tipo_de_ocorrencia;km;trecho;sentido;tipo_de_acidente;automovel;bicicleta;caminhao;moto;onibus;outros;tracao_animal;transporte_de_cargas_especiais;trator_maquinas;utilitarios;ilesos;levemente_feridos;moderadamente_feridos;gravemente_feridos;mortos
13/08/2020;19:44:04;161;Acidente sem VITIMA;306,000;BR-386/RS;Sul;Choque Barreira;1;0;0;0;0;0;0;0;0;0;1;0;0;0;0
13/08/2020;20:12:16;168;Acidente sem VITIMA;413,000;BR-386/RS;Norte;Queda de ribanceira;1;0;0;0;0;0;0;0;0;0;2;0;0;0;0
14/08/2020;03:27:28;9;Acidente sem VITIMA;445,000;BR-386/RS;Norte;Atropelamento de Animal;0;0;0;0;0;0;0;0;0;1;1;0;0;0;0
14/08/2020;05:04:34;10;Acidente sem VITIMA;9,000;BR-290/RS;Oeste;Saída de pista;0;0;0;0;0;0;0;1;0;0;1;0;0;0;0
14/08/2020;07:17:11;19;Acidente sem VITIMA;232,000;BR-386/RS;Sul;Queda de ribanceira;0;0;1;0;0;0;0;0;0;0;2;0;0;0;0
14/08/2020;16:28:51;151;Acidente sem VITIMA;13,000;BR-290/RS;Leste;Saída de pista;1;0;0;0;0;0;0;0;0;0;1;0;0;0;0
14/08/2020;18:40:33;178;Acidente sem VITIMA;76,000;BR-290/RS;Leste;Queda de moto;1;0;0;0;0;0;0;0;0;0;2;0;0;0;0
14/08/2020;19:48:36;192;Acidente sem VITIMA;342,000;BR-386/RS;Ambos;Queda de ribanceira;1;0;0;0;0;0;0;0;0;0;2;0;0;0;0
14/08/2020;19:56:59;195;Acidente sem VITIMA;349,000;BR-386/RS;Norte;Colisão - Traseira;1;0;0;0;0;0;0;1;0;0;2;0;0;0;0
14/08/2020;20:21:26;200;Acidente sem VITIMA;8,000;BR-290/RS;Leste;Colisão - Traseira;1;0;0;0;0;0;0;0;0;0;2;0;0;0;0
14/08/2020;20:38:47;203;Acidente sem VITIMA;35,000;BR-290/RS;Oeste;Queda de ribanceira;1;0;0;0;0;0;0;0;0;0;1;0;0;0;0
14/08/2020;22:03:26;216;Acidente com VITIMA;405,000;BR-386/RS;Norte;Queda de ribanceira;1;0;0;0;0;0;0;0;0;0;3;1;1;0;0
14/08/2020;22:03:48;217;Acidente com VITIMA;441,000;BR-386/RS;Sul;Queda de ribanceira;1;0;0;0;0;0;0;0;0;0;0;1;0;0;0
14/08/2020;22:14:57;219;Acidente com VITIMA FATAL;339,000;BR-386/RS;Norte;Colisão - Lateral;1;0;1;0;0;0;0;1;0;0;2;0;0;0;2
15/08/2020;05:42:30;24;Acidente sem VITIMA;68,000;BR-290/RS;Oeste;Queda de ribanceira;1;0;0;0;0;0;0;0;0;0;1;0;0;0;0
15/08/2020;17:11:07;155;Acidente sem VITIMA;352,000;BR-386/RS;Sul;Queda de ribanceira;1;0;0;0;0;0;0;0;0;0;2;0;0;0;0
15/08/2020;17:32:26;162;Acidente sem VITIMA;28,000;BR-290/RS;Leste;Choque com objeto sobre a pista;1;0;0;0;0;0;0;0;0;0;1;0;0;0;0
15/08/2020;17:55:37;166;Acidente com VITIMA;53,000;BR-101/RS;Sul;Queda de ribanceira;0;0;0;1;0;0;0;0;0;0;1;1;0;0;0
15/08/2020;21:34:33;198;Acidente com VITIMA;10,000;BR-448/RS;Norte;Choque Barreira;1;0;0;0;0;0;0;0;0;0;0;0;1;1;0
16/08/2020;01:28:11;6;Atropelamento;434,000;BR-386/RS;Sul;Atropelamento - Morador/Trabalhador/Estudante;1;0;0;0;0;0;0;0;0;0;0;0;1;0;0
16/08/2020;05:15:37;18;Acidente sem VITIMA;34,000;BR-290/RS;Oeste;Atropelamento de Animal;1;0;0;0;0;0;0;0;0;0;1;0;0;0;0
16/08/2020;06:15:31;19;Acidente com VITIMA;30,000;BR-101/RS;Sul;Queda de ribanceira;1;0;0;0;0;0;0;0;0;0;0;0;1;0;0
16/08/2020;14:10:30;71;Acidente sem VITIMA;70,000;BR-101/RS;Sul;Saída de pista;1;0;0;0;0;0;0;0;0;0;3;0;0;0;0
16/08/2020;15:04:10;75;Acidente com VITIMA;69,000;BR-290/RS;Oeste;Queda de ribanceira;1;0;0;0;0;0;0;0;0;0;0;1;0;0;0
16/08/2020;16:43:05;99;Acidente sem VITIMA;4,000;BR-290/RS;Leste;Choque com veículo no acostamento;2;0;0;0;0;0;0;0;0;0;5;0;0;0;0
16/08/2020;17:32:59;118;Acidente sem VITIMA;342,000;BR-386/RS;Sul;Engavetamento;3;0;0;0;0;0;0;0;0;0;6;0;0;0;0
16/08/2020;18:31:22;130;Acidente com VITIMA;89,000;BR-290/RS;Oeste;Queda de moto;0;0;0;1;0;0;0;0;0;0;0;1;0;0;0
16/08/2020;20:01:41;152;Acidente sem VITIMA;52,000;BR-101/RS;Norte;Queda de ribanceira;1;0;0;0;0;0;0;0;0;0;1;0;0;0;0
17/08/2020;08:14:28;43;Acidente sem VITIMA;60,000;BR-290/RS;Oeste;Colisão - Traseira;2;0;0;0;0;0;0;0;0;0;6;0;0;0;0
17/08/2020;10:20:31;85;Acidente com VITIMA;446,000;BR-386/RS;Sul;Capotamento;1;0;0;0;0;0;0;0;0;0;0;1;0;0;0
17/08/2020;11:42:36;101;Acidente sem VITIMA;295,000;BR-386/RS;Sul;Colisão - Traseira;2;0;0;0;0;0;0;0;0;0;2;0;0;0;0
17/08/2020;11:56:50;103;Acidente sem VITIMA;60,000;BR-290/RS;Leste;Choque Praça - Cabine;0;0;0;0;0;0;0;1;0;0;2;0;0;0;0
17/08/2020;20:15:11;194;Acidente com VITIMA;344,000;BR-386/RS;Sul;Outros;2;0;0;0;0;0;0;0;0;0;1;0;1;0;0
17/08/2020;20:33:59;197;Acidente sem VITIMA;272,000;BR-386/RS;Sul;Queda de moto;0;0;1;1;0;0;0;0;0;0;2;0;0;0;0
17/08/2020;22:18:39;209;Acidente com VITIMA;97,000;BR-290/RS;Oeste;Choque Defensa;1;0;0;0;0;0;0;0;0;0;0;2;0;0;0
17/08/2020;23:23:29;215;Acidente com VITIMA;21,000;BR-101/RS;Sul;Choque Defensa;1;0;0;0;0;0;0;0;0;0;0;0;3;0;0
18/08/2020;06:40:03;17;Acidente com VITIMA;28,000;BR-290/RS;Ambos;Saída de pista;1;0;0;0;0;0;0;0;0;0;0;1;0;0;0
18/08/2020;08:11:51;45;Acidente com VITIMA;420,000;BR-386/RS;Norte;Tombamento;0;0;0;0;0;0;0;1;0;0;0;1;0;0;0
18/08/2020;10:39:13;90;Acidente sem VITIMA;42,000;BR-290/RS;Oeste;Colisão - Traseira;2;0;0;0;0;0;0;0;0;0;5;0;0;0;0
18/08/2020;12:06:48;102;Acidente sem VITIMA;40,000;BR-101/RS;Sul;Saída de pista;1;0;0;0;0;0;0;0;0;0;2;0;0;0;0
18/08/2020;12:51:48;115;Acidente com VITIMA;386,000;BR-386/RS;Sul;Queda de moto;0;0;0;1;0;0;0;0;0;0;0;0;0;1;0
18/08/2020;18:29:25;176;Acidente com VITIMA;434,000;BR-386/RS;Norte;Colisão - Transversal;2;0;0;0;0;0;0;0;0;0;1;1;0;0;0
18/08/2020;20:56:16;198;Acidente sem VITIMA;43,000;BR-290/RS;Oeste;Queda de ribanceira;1;0;0;0;0;0;0;0;0;0;1;0;0;0;0
19/08/2020;07:23:01;22;Acidente sem VITIMA;86,000;BR-290/RS;Oeste;Colisão - Traseira;1;0;0;1;0;0;0;0;0;0;2;0;0;0;0
19/08/2020;12:21:31;93;Acidente com VITIMA;34,000;BR-290/RS;Leste;Queda de ribanceira;0;0;0;0;0;0;0;1;0;0;0;0;1;0;0
19/08/2020;13:06:04;110;Acidente sem VITIMA;60,000;BR-290/RS;Oeste;Colisão - Traseira;1;0;0;0;0;0;0;1;0;0;2;0;0;0;0
20/08/2020;05:28:44;14;Acidente sem VITIMA;17,000;BR-290/RS;Oeste;Tombamento;0;0;0;0;0;0;0;0;0;1;1;0;0;0;0
20/08/2020;07:04:39;21;Acidente sem VITIMA;12,000;BR-448/RS;Sul;Colisão - Traseira;1;0;0;0;0;0;0;0;0;1;2;0;0;0;0
20/08/2020;10:12:35;72;Acidente sem VITIMA;272,000;BR-386/RS;Norte;Atropelamento de Animal;1;0;0;0;0;0;0;0;0;0;3;0;0;0;0
20/08/2020;10:50:00;79;Acidente sem VITIMA;90,000;BR-290/RS;Oeste;Queda de ribanceira;1;0;1;0;0;0;0;0;0;0;2;0;0;0;0
20/08/2020;11:25:57;86;Acidente com VITIMA;334,000;BR-386/RS;Sul;Queda de ribanceira;1;0;0;0;0;0;0;0;0;0;3;0;1;0;0
20/08/2020;16:02:46;134;Acidente sem VITIMA;76,000;BR-290/RS;Oeste;Queda de moto;0;0;0;1;0;0;0;0;0;0;2;0;0;0;0
20/08/2020;18:27:32;153;Acidente sem VITIMA;60,000;BR-290/RS;Oeste;Colisão - Traseira;2;0;0;0;0;0;0;0;0;0;3;0;0;0;0
20/08/2020;20:56:53;179;Acidente sem VITIMA;436,000;BR-386/RS;Norte;Atropelamento de Animal;2;0;0;0;0;0;0;0;0;1;3;0;0;0;0
21/08/2020;02:44:11;8;Acidente sem VITIMA;50,000;BR-290/RS;Oeste;Atropelamento de Animal;1;0;0;0;0;0;0;0;0;0;3;0;0;0;0
21/08/2020;08:58:36;76;Acidente sem VITIMA;268,000;BR-386/RS;Sul;Colisão - Traseira;2;0;0;0;0;0;0;0;0;0;5;0;0;0;0
21/08/2020;11:19:07;118;Atropelamento;32,000;BR-101/RS;Sul;Atropelamento - Esportista;1;0;0;1;0;0;0;0;0;0;2;1;0;0;0
21/08/2020;15:53:40;178;Acidente sem VITIMA;97,000;BR-290/RS;Oeste;Colisão - Traseira;2;0;0;0;0;0;0;0;0;0;2;0;0;0;0
21/08/2020;18:36:21;220;Acidente com VITIMA FATAL;347,000;BR-386/RS;Norte;Colisão - Lateral;0;0;0;1;0;0;0;0;0;0;0;0;1;0;1
21/08/2020;19:08:10;222;Acidente sem VITIMA;42,000;BR-101/RS;Norte;Choque Defensa;1;0;0;0;0;0;0;0;0;0;2;0;0;0;0
21/08/2020;19:37:51;232;Acidente sem VITIMA;423,000;BR-386/RS;Norte;Queda de ribanceira;1;0;0;0;0;0;0;0;0;0;1;0;0;0;0
21/08/2020;20:37:30;247;Acidente sem VITIMA;3,000;BR-290/RS;Leste;Queda de ribanceira;0;0;0;0;0;0;0;1;0;0;1;0;0;0;0
21/08/2020;23:46:57;267;Acidente sem VITIMA;2,000;BR-290/RS;Leste;Queda de ribanceira;0;0;1;0;0;0;0;0;0;0;1;0;0;0;0
22/08/2020;00:26:38;2;Acidente sem VITIMA;10,000;BR-101/RS;Sul;Tombamento;0;0;0;0;0;0;0;1;0;0;1;0;0;0;0
22/08/2020;04:35:28;10;Acidente sem VITIMA;92,000;BR-290/RS;Oeste;Capotamento;1;0;0;0;0;0;0;0;0;0;2;0;0;0;0
22/08/2020;07:16:17;21;Acidente sem VITIMA;362,000;BR-386/RS;Norte;Colisão - Traseira;2;0;0;0;0;0;0;0;0;0;6;0;0;0;0
23/08/2020;01:43:53;8;Acidente com VITIMA;13,000;BR-290/RS;Oeste;Capotamento;1;0;0;0;0;0;0;0;0;0;0;1;0;0;0
23/08/2020;01:52:35;9;Acidente sem VITIMA;45,000;BR-290/RS;Leste;Atropelamento de Animal;1;0;0;0;0;0;0;0;0;0;1;0;0;0;0
23/08/2020;04:56:10;15;Acidente com VITIMA;79,000;BR-101/RS;Sul;Queda de ribanceira;1;0;0;0;0;0;0;0;0;0;0;0;1;0;0
23/08/2020;08:03:33;24;Acidente sem VITIMA;26,000;BR-290/RS;Oeste;Colisão - Lateral;1;0;1;0;0;0;0;0;0;0;4;0;0;0;0
23/08/2020;16:17:48;90;Acidente sem VITIMA;401,000;BR-386/RS;Norte;Saída de pista;1;0;0;0;0;0;0;0;0;0;2;0;0;0;0
23/08/2020;20:54:42;135;Acidente sem VITIMA;432,000;BR-386/RS;Sul;Atropelamento de Animal;1;0;0;0;0;0;0;0;0;0;1;0;0;0;0
24/08/2020;05:30:12;10;Acidente com VITIMA;75,000;BR-290/RS;Oeste;Queda de moto;0;0;0;1;0;0;0;0;0;0;0;1;0;0;0
24/08/2020;10:22:37;85;Acidente sem VITIMA;8,000;BR-448/RS;Sul;Queda de moto;0;0;0;1;0;0;0;0;0;0;1;0;0;0;0
24/08/2020;13:15:33;129;Acidente com VITIMA;75,000;BR-290/RS;Oeste;Colisão - Lateral;1;0;0;1;0;0;0;0;0;0;0;1;1;0;0
24/08/2020;13:46:15;138;Acidente sem VITIMA;9,000;BR-290/RS;Leste;Queda de ribanceira;1;0;0;0;0;0;0;0;0;0;2;0;0;0;0
24/08/2020;15:39:28;165;Acidente sem VITIMA;77,000;BR-290/RS;Oeste;Colisão - Lateral;2;0;0;0;0;0;0;0;0;0;3;0;0;0;0
24/08/2020;18:33:58;214;Acidente com VITIMA;12,000;BR-290/RS;Leste;Capotamento;1;0;0;0;0;0;0;0;0;0;0;3;0;0;0
24/08/2020;18:43:09;218;Acidente com VITIMA;335,000;BR-386/RS;Ambos;Colisão - Lateral;0;0;0;1;0;0;0;1;0;0;1;0;1;0;0
25/08/2020;06:44:04;18;Acidente sem VITIMA;10,000;BR-448/RS;Norte;Queda de moto;1;0;1;1;0;0;0;0;0;0;3;0;0;0;0
25/08/2020;07:02:05;21;Acidente com VITIMA;417,000;BR-386/RS;Norte;Capotamento;1;0;0;0;0;0;0;0;0;0;1;0;0;1;0
25/08/2020;07:28:18;29;Acidente sem VITIMA;345,000;BR-386/RS;Sul;Colisão - Traseira;2;0;0;0;0;0;0;0;0;0;2;0;0;0;0
25/08/2020;08:23:00;57;Acidente sem VITIMA;77,000;BR-290/RS;Oeste;Outros;1;0;0;0;0;0;0;0;0;0;2;0;0;0;0
25/08/2020;09:11:57;64;Acidente sem VITIMA;388,000;BR-386/RS;Sul;Colisão - Lateral;0;0;1;0;0;0;0;1;0;0;4;0;0;0;0
25/08/2020;14:58:26;130;Acidente sem VITIMA;326,000;BR-386/RS;Norte;Queda de ribanceira;1;0;0;0;0;0;0;0;0;0;1;0;0;0;0
26/08/2020;12:58:52;130;Acidente sem VITIMA;263,000;BR-386/RS;Sul;Colisão - Traseira;2;0;0;0;0;0;0;1;0;0;3;0;0;0;0
26/08/2020;14:11:41;151;Acidente com VITIMA;407,000;BR-386/RS;Norte;Queda de moto;0;0;0;1;0;0;0;0;0;0;0;1;0;0;0
26/08/2020;15:03:31;161;Acidente sem VITIMA;261,000;BR-386/RS;Norte;Choque com objeto sobre a pista;1;0;0;0;0;0;0;0;0;0;3;0;0;0;0
26/08/2020;15:23:23;165;Acidente com VITIMA;96,000;BR-290/RS;Leste;Queda de moto;1;0;0;0;0;0;0;0;0;0;0;1;1;0;0
26/08/2020;17:43:56;191;Acidente sem VITIMA;9,000;BR-290/RS;Oeste;Queda de ribanceira;1;0;0;0;0;0;0;0;0;0;1;0;0;0;0
26/08/2020;19:16:09;209;Acidente sem VITIMA;96,000;BR-290/RS;Oeste;Colisão - Lateral;1;0;1;0;0;0;0;0;0;0;3;0;0;0;0
27/08/2020;07:10:20;22;Atropelamento;350,000;BR-386/RS;Sul;Atropelamento - Morador/Trabalhador/Estudante;1;0;0;0;0;0;0;0;0;0;1;1;0;0;0
27/08/2020;07:52:58;35;Acidente sem VITIMA;299,000;BR-386/RS;Sul;Queda de ribanceira;1;0;0;0;0;0;0;0;0;0;1;0;0;0;0
28/08/2020;04:15:16;14;Acidente sem VITIMA;432,000;BR-386/RS;Norte;Atropelamento de Animal;0;0;0;0;0;0;0;1;0;0;1;0;0;0;0
28/08/2020;07:37:08;32;Acidente com VITIMA;92,000;BR-290/RS;Oeste;Queda de moto;0;0;0;1;0;0;0;0;0;0;0;0;2;0;0
28/08/2020;08:47:56;59;Acidente com VITIMA;290,000;BR-386/RS;Sul;Colisão - Lateral;1;0;0;1;0;0;0;0;0;0;4;0;0;1;0
28/08/2020;14:19:17;135;Acidente sem VITIMA;77,460;BR-290/RS;Leste;Choque Praça - Submarino;0;0;1;0;0;0;0;0;0;0;1;0;0;0;0
28/08/2020;18:40:42;178;Acidente sem VITIMA;65,000;BR-290/RS;Leste;Queda de ribanceira;1;0;0;0;0;0;0;0;0;0;1;0;0;0;0
28/08/2020;20:05:00;194;Acidente sem VITIMA;0,000;BR-290/RS;Leste;Choque com veículo na faixa de rolamento;0;0;1;0;0;0;0;1;0;0;2;0;0;0;0
29/08/2020;05:05:01;11;Acidente sem VITIMA;37,000;BR-290/RS;Leste;Queda de ribanceira;1;0;0;0;0;0;0;0;0;0;2;0;0;0;0
29/08/2020;09:15:57;50;Acidente sem VITIMA;380,000;BR-386/RS;Norte;Choque - Poste;1;0;0;0;0;0;0;0;0;0;2;0;0;0;0
29/08/2020;13:46:54;111;Acidente com VITIMA;35,000;BR-101/RS;Sul;Colisão - Traseira;1;0;1;0;0;0;0;0;0;0;1;1;0;0;0
29/08/2020;20:07:00;186;Acidente com VITIMA;10,000;BR-290/RS;Leste;Choque Defensa;2;0;0;0;0;0;0;0;0;0;0;1;2;0;0
29/08/2020;20:28:54;191;Acidente sem VITIMA;180,000;BR-386/RS;Sul;Queda de ribanceira;1;0;0;0;0;0;0;0;0;0;1;0;0;0;0
29/08/2020;20:28:40;192;Acidente sem VITIMA;1,000;BR-290/RS;Leste;Colisão - Traseira;1;0;0;0;0;0;0;0;0;0;4;0;0;0;0
29/08/2020;21:29:52;201;Acidente sem VITIMA;22,000;BR-101/RS;Sul;Capotamento;1;0;0;0;0;0;0;0;0;0;3;0;0;0;0
29/08/2020;22:19:26;207;Acidente sem VITIMA;38,000;BR-290/RS;Leste;Queda de ribanceira;1;0;0;0;0;0;0;0;0;0;3;0;0;0;0
29/08/2020;22:25:05;208;Acidente sem VITIMA;348,000;BR-386/RS;Norte;Queda de ribanceira;1;0;0;0;0;0;0;0;0;0;1;0;0;0;0
29/08/2020;22:52:04;211;Acidente com VITIMA;345,000;BR-386/RS;Norte;Queda de moto;0;0;0;1;0;0;0;0;0;0;0;0;1;0;0
30/08/2020;00:25:41;1;Acidente sem VITIMA;9,000;BR-448/RS;Sul;Choque Barreira;1;0;0;0;0;0;0;0;0;0;1;0;0;0;0
30/08/2020;02:28:32;5;Acidente com VITIMA;271,000;BR-386/RS;Norte;Capotamento;1;0;0;0;0;0;0;0;0;0;0;0;1;0;0
30/08/2020;07:39:40;16;Acidente sem VITIMA;397,000;BR-386/RS;Norte;Queda de ribanceira;1;0;0;0;0;0;0;0;0;0;1;0;0;0;0
30/08/2020;08:15:30;24;Acidente sem VITIMA;5,000;BR-290/RS;Leste;Queda de ribanceira;1;0;0;0;0;0;0;0;0;0;3;0;0;0;0
30/08/2020;08:36:34;27;Acidente sem VITIMA;25,000;BR-290/RS;Oeste;Outros;1;0;0;0;0;0;0;0;0;0;1;0;0;0;0
30/08/2020;08:53:58;32;Acidente com VITIMA;236,000;BR-386/RS;Sul;Queda de moto;0;0;0;1;0;0;0;0;0;0;0;1;0;0;0
30/08/2020;09:03:39;33;Acidente com VITIMA;206,000;BR-386/RS;Norte;Capotamento;1;0;0;0;0;0;0;0;0;0;0;0;0;1;0
30/08/2020;10:41:02;45;Acidente sem VITIMA;251,000;BR-386/RS;Sul;Queda de ribanceira;1;0;0;0;0;0;0;0;0;0;5;0;0;0;0
31/08/2020;00:58:47;5;Acidente sem VITIMA;411,000;BR-386/RS;Sul;Choque Defensa;1;0;0;0;0;0;0;0;0;0;1;0;0;0;0
31/08/2020;05:52:07;15;Acidente com VITIMA;445,000;BR-386/RS;Sul;Atropelamento de Animal;1;0;0;0;0;0;0;0;0;0;1;0;1;0;0
31/08/2020;06:15:23;19;Acidente sem VITIMA;299,000;BR-386/RS;Norte;Queda de ribanceira;1;0;0;0;0;0;0;0;0;0;1;0;0;0;0
31/08/2020;08:11:05;35;Acidente com VITIMA;265,000;BR-386/RS;Sul;Choque Talude;1;0;0;0;0;0;0;0;0;0;0;0;1;0;0
31/08/2020;08:38:08;41;Acidente sem VITIMA;213,000;BR-386/RS;Sul;Queda de ribanceira;0;0;0;0;0;0;0;0;0;1;1;0;0;0;0
31/08/2020;09:30:36;57;Acidente sem VITIMA;291,000;BR-386/RS;Sul;Queda de ribanceira;1;0;0;0;0;0;0;0;0;0;5;0;0;0;0
31/08/2020;11:05:53;86;Acidente sem VITIMA;349,000;BR-386/RS;Norte;Colisão - Lateral;2;0;0;0;0;0;0;0;0;0;2;0;0;0;0
31/08/2020;13:59:28;122;Acidente sem VITIMA;43,000;BR-290/RS;Leste;Choque Defensa;1;0;0;0;0;0;0;0;0;0;2;0;0;0;0
31/08/2020;17:47:13;152;Acidente com VITIMA;91,000;BR-290/RS;Leste;Capotamento;1;0;0;0;0;0;0;0;0;0;0;2;0;0;0
31/08/2020;20:46:46;178;Acidente sem VITIMA;376,000;BR-386/RS;Norte;Capotamento;1;0;0;0;0;0;0;0;0;0;1;0;0;0;0
31/08/2020;22:29:41;192;Acidente sem VITIMA;84,000;BR-101/RS;Sul;Colisão - Lateral;0;0;1;0;0;0;0;0;0;1;3;0;0;0;0
01/09/2020;02:27:38;6;Acidente sem VITIMA;434,000;BR-386/RS;Norte;Saída de pista;1;0;0;0;0;0;0;0;0;0;1;0;0;0;0
01/09/2020;06:16:57;10;Acidente com VITIMA;40,000;BR-290/RS;Oeste;Saída de pista;1;0;0;0;0;0;0;0;0;0;0;0;0;1;0
01/09/2020;07:56:08;30;Acidente com VITIMA;343,000;BR-386/RS;Norte;Queda de moto;0;0;0;1;0;0;0;0;0;0;0;1;0;0;0
01/09/2020;11:25:47;96;Acidente sem VITIMA;86,000;BR-290/RS;Oeste;Queda de moto;1;0;0;1;0;0;0;0;0;0;2;0;0;0;0
01/09/2020;13:01:03;111;Atropelamento Fatal;72,000;BR-290/RS;Oeste;Atropelamento - Funcionário;0;0;0;0;0;1;0;0;0;0;0;0;0;0;1
01/09/2020;14:22:59;124;Acidente sem VITIMA;2,000;BR-101/RS;Norte;Choque Barreira;1;0;0;0;0;0;0;0;0;0;2;0;0;0;0
01/09/2020;14:33:23;126;Acidente sem VITIMA;68,000;BR-290/RS;Oeste;Queda de ribanceira;1;0;0;0;0;0;0;0;0;0;3;0;0;0;0
01/09/2020;16:01:57;138;Acidente sem VITIMA;3,000;BR-101/RS;Norte;Colisão - Lateral;1;0;0;0;0;0;0;1;0;0;2;0;0;0;0
02/09/2020;02:50:20;7;Acidente sem VITIMA;35,000;BR-290/RS;Oeste;Queda de ribanceira;0;0;0;0;0;0;0;1;0;0;1;0;0;0;0
02/09/2020;11:24:23;111;Acidente sem VITIMA;307,000;BR-386/RS;Norte;Engavetamento;1;0;2;0;0;0;0;0;0;0;5;0;0;0;0
02/09/2020;13:51:54;144;Acidente sem VITIMA;5,000;BR-101/RS;Norte;Colisão - Lateral;1;0;0;0;0;0;0;0;0;1;2;0;0;0;0
02/09/2020;19:28:56;196;Acidente sem VITIMA;248,000;BR-386/RS;Sul;Choque - Canaleta;1;0;0;0;0;0;0;0;0;0;1;0;0;0;0
03/09/2020;00:10:14;1;Acidente com VITIMA;371,000;BR-386/RS;Norte;Queda de ribanceira;1;0;0;0;0;0;0;0;0;0;0;1;0;0;0
03/09/2020;02:32:14;5;Acidente sem VITIMA;354,000;BR-386/RS;Norte;Choque Barreira;1;0;0;0;0;0;0;0;0;0;2;0;0;0;0
03/09/2020;06:31:43;14;Acidente sem VITIMA;304,000;BR-386/RS;Norte;Queda de ribanceira;0;0;0;0;0;0;0;1;0;0;1;0;0;0;0
03/09/2020;08:36:15;34;Acidente com VITIMA;79,000;BR-290/RS;Leste;Queda de ribanceira;1;0;0;0;0;0;0;0;0;0;0;1;0;0;0
03/09/2020;08:44:30;38;Acidente sem VITIMA;37,000;BR-290/RS;Leste;Queda de ribanceira;1;0;0;0;0;0;0;0;0;0;1;0;0;0;0
03/09/2020;12:32:52;85;Acidente sem VITIMA;2,000;BR-290/RS;Leste;Queda de ribanceira;1;0;0;0;0;0;0;0;0;0;1;0;0;0;0
03/09/2020;13:35:40;95;Acidente sem VITIMA;79,000;BR-101/RS;Norte;Queda de ribanceira;1;0;0;0;0;0;0;0;0;0;1;0;0;0;0
03/09/2020;14:03:44;102;Acidente sem VITIMA;77,000;BR-290/RS;Oeste;;0;0;1;0;0;0;0;0;0;0;1;0;0;0;0
03/09/2020;16:15:04;122;Acidente com VITIMA;38,000;BR-101/RS;Sul;Queda de ribanceira;1;0;0;0;0;0;0;0;0;0;1;0;1;0;0
03/09/2020;18:22:17;143;Acidente sem VITIMA;418,000;BR-386/RS;Sul;Queda de ribanceira;2;0;0;0;0;0;0;0;0;0;1;0;0;0;0
03/09/2020;18:49:51;146;Acidente sem VITIMA;293,000;BR-386/RS;Sul;Colisão - Frontal;3;0;0;0;0;0;0;0;0;0;8;0;0;0;0
03/09/2020;18:57:52;147;Acidente sem VITIMA;12,000;BR-290/RS;Leste;Saída de pista;1;0;0;0;0;0;0;0;0;0;1;0;0;0;0
04/09/2020;07:06:27;205;Acidente sem VITIMA;272,000;BR-386/RS;Norte;Tombamento;0;0;0;0;0;0;0;1;0;0;1;0;0;0;0
04/09/2020;07:15:36;207;Acidente com VITIMA;92,000;BR-290/RS;Oeste;Queda de moto;0;0;0;1;0;0;0;0;0;0;0;1;0;0;0
04/09/2020;07:27:58;212;Acidente sem VITIMA;422,000;BR-386/RS;Sul;Capotamento;1;0;0;0;0;0;0;0;0;0;1;0;0;0;0
04/09/2020;13:25:18;304;Acidente sem VITIMA;41,000;BR-290/RS;Oeste;Queda de ribanceira;1;0;0;0;0;0;0;0;0;0;3;0;0;0;0
04/09/2020;19:56:40;391;Acidente com VITIMA;269,000;BR-386/RS;Sul;Colisão - Traseira;1;0;1;0;0;0;0;0;0;0;2;2;0;0;0
05/09/2020;01:06:19;6;Acidente sem VITIMA;347,000;BR-386/RS;Norte;Queda de ribanceira;1;0;0;0;0;0;0;0;0;0;2;0;0;0;0
05/09/2020;01:46:23;10;Acidente sem VITIMA;84,000;BR-290/RS;Oeste;Queda de ribanceira;1;0;0;0;0;0;0;0;0;0;1;0;0;0;0
05/09/2020;07:40:32;40;Acidente com VITIMA;76,000;BR-290/RS;Leste;Choque Barreira;1;0;0;0;0;0;0;0;0;0;0;1;0;0;0
05/09/2020;07:49:31;44;Acidente sem VITIMA;96,000;BR-290/RS;Oeste;Choque Barreira;1;0;0;0;0;0;0;0;0;0;1;0;0;0;0
05/09/2020;08:07:31;45;Acidente sem VITIMA;276,000;BR-386/RS;Norte;Colisão - Traseira;2;0;0;0;0;0;0;0;0;0;5;0;0;0;0
05/09/2020;08:09:54;46;Acidente sem VITIMA;17,000;BR-448/RS;Norte;Capotamento;1;0;0;0;0;0;0;0;0;0;1;0;0;0;0
05/09/2020;08:44:52;51;Acidente sem VITIMA;4,000;BR-290/RS;Oeste;Queda de ribanceira;1;0;0;0;0;0;0;0;0;0;1;0;0;0;0