data;horario;n_da_ocorrencia;tipo_de_ocorrencia;km;trecho;sentido;tipo_de_acidente;automovel;bicicleta;caminhao;moto;onibus;outros;tracao_animal;transporte_de_cargas_especiais;trator_maquinas;utilitarios;ilesos;levemente_feridos;moderadamente_feridos;gravemente_feridos;mortos
05/09/2020;09:43:32;69;Acidente sem VITIMA;343,050;BR-386/RS;Sul;Saída de pista;1;0;0;0;0;0;0;0;0;0;1;0;0;0;0
05/09/2020;10:42:21;78;Acidente sem VITIMA;94,000;BR-290/RS;Leste;Choque Barreira;1;0;0;0;0;0;0;0;0;0;1;0;0;0;0
05/09/2020;19:52:59;169;Acidente sem VITIMA;33,000;BR-290/RS;Leste;Queda de ribanceira;0;0;0;0;0;0;0;1;0;0;1;0;0;0;0
05/09/2020;20:24:15;173;Acidente sem VITIMA;346,000;BR-386/RS;Norte;Queda de ribanceira;1;0;0;0;0;0;0;0;0;0;1;0;0;0;0
05/09/2020;21:43:13;184;Acidente sem VITIMA;247,000;BR-386/RS;Norte;Capotamento;1;0;0;0;0;0;0;0;0;0;1;0;0;0;0
06/09/2020;00:34:18;2;Acidente sem VITIMA;63,000;BR-101/RS;Sul;Queda de ribanceira;0;0;0;0;0;0;0;0;0;1;1;0;0;0;0
06/09/2020;07:06:19;20;Acidente sem VITIMA;260,000;BR-386/RS;Norte;Saída de pista;1;0;0;0;0;0;0;0;0;0;3;0;0;0;0
06/09/2020;07:16:32;21;Acidente sem VITIMA;76,000;BR-101/RS;Norte;Saída de pista;1;0;0;0;0;0;0;0;0;0;1;0;0;0;0
06/09/2020;07:38:20;22;Acidente sem VITIMA;96,000;BR-290/RS;Leste;Choque Barreira;1;0;0;0;0;0;0;0;0;0;1;0;0;0;0
06/09/2020;09:24:15;33;Acidente sem VITIMA;236,000;BR-386/RS;Norte;Queda de ribanceira;1;0;0;0;0;0;0;0;0;0;2;0;0;0;0
06/09/2020;09:26:45;34;Acidente com VITIMA FATAL;261,000;BR-386/RS;Sul;Colisão - Lateral;2;0;0;0;0;0;0;0;0;0;0;0;2;3;1
06/09/2020;10:41:46;45;Acidente sem VITIMA;4,000;BR-101/RS;Sul;Queda de ribanceira;1;0;0;0;0;0;0;0;0;0;2;0;0;0;0
06/09/2020;11:03:08;49;Acidente com VITIMA;57,000;BR-290/RS;Leste;Colisão - Lateral;2;0;0;0;0;0;0;0;0;0;0;2;1;0;0
06/09/2020;13:44:21;65;Acidente com VITIMA;265,000;BR-386/RS;Sul;Colisão - Traseira;3;0;0;0;0;0;0;0;0;0;6;1;0;0;0
06/09/2020;14:06:58;68;Acidente sem VITIMA;401,000;BR-386/RS;Norte;Queda de ribanceira;1;0;0;0;0;0;0;0;0;0;2;0;0;0;0
06/09/2020;15:28:01;73;Acidente sem VITIMA;10,000;BR-448/RS;Norte;Queda de ribanceira;1;0;0;0;0;0;0;0;0;0;2;0;0;0;0
06/09/2020;18:24:51;87;Acidente sem VITIMA;60,000;BR-290/RS;Leste;Colisão - Traseira;1;0;1;0;0;0;0;0;0;0;2;0;0;0;0
06/09/2020;18:58:12;94;Acidente com VITIMA;214,000;BR-386/RS;Norte;Colisão - Traseira;2;0;0;0;0;0;0;0;0;0;3;1;0;0;0
06/09/2020;20:18:56;103;Acidente sem VITIMA;19,000;BR-290/RS;Oeste;Colisão - Traseira;2;0;0;0;0;0;0;0;0;0;7;0;0;0;0
06/09/2020;22:20:05;114;Acidente sem VITIMA;85,000;BR-290/RS;Oeste;Queda de ribanceira;1;0;0;0;0;0;0;0;0;0;1;0;0;0;0
06/09/2020;23:05:37;123;Acidente sem VITIMA;10,000;BR-448/RS;Norte;Queda de ribanceira;1;0;0;0;0;0;0;0;0;0;1;0;0;0;0
06/09/2020;23:28:34;124;Acidente sem VITIMA;10,000;BR-448/RS;Sul;Queda de ribanceira;1;0;0;0;0;0;0;0;0;0;1;0;0;0;0
07/09/2020;09:00:38;21;Acidente sem VITIMA;78,000;BR-101/RS;Norte;Queda de ribanceira;1;0;0;0;0;0;0;0;0;0;2;0;0;0;0
07/09/2020;09:28:02;25;Acidente sem VITIMA;417,000;BR-386/RS;Sul;Queda de ribanceira;1;0;0;0;0;0;0;0;0;0;1;0;0;0;0
07/09/2020;10:06:00;29;Acidente sem VITIMA;28,000;BR-101/RS;Norte;Queda de ribanceira;1;0;0;0;0;0;0;0;0;0;2;0;0;0;0
07/09/2020;10:36:28;31;Acidente sem VITIMA;316,000;BR-386/RS;Norte;Colisão - Traseira;2;0;0;0;0;0;0;0;0;0;6;0;0;0;0
07/09/2020;10:40:39;33;Acidente sem VITIMA;11,000;BR-290/RS;Oeste;Queda de ribanceira;1;0;0;0;0;0;0;0;0;0;3;0;0;0;0
07/09/2020;12:09:16;55;Acidente sem VITIMA;351,000;BR-386/RS;Norte;Queda de ribanceira;1;0;0;0;0;0;0;0;0;0;4;0;0;0;0
07/09/2020;12:24:16;59;Acidente com VITIMA;48,000;BR-290/RS;Oeste;Queda de ribanceira;1;0;0;0;0;0;0;0;0;0;2;1;0;0;0
07/09/2020;13:43:00;73;Acidente sem VITIMA;17,000;BR-290/RS;Oeste;Queda de ribanceira;1;0;0;0;0;0;0;0;0;0;2;0;0;0;0
07/09/2020;14:18:35;84;Acidente com VITIMA;205,000;BR-386/RS;Norte;Engavetamento;3;0;0;0;0;0;0;0;0;0;5;0;2;0;0
07/09/2020;14:25:23;86;Acidente com VITIMA;8,000;BR-290/RS;Leste;Queda de ribanceira;1;0;0;0;0;0;0;0;0;0;0;0;1;0;0
07/09/2020;15:33:22;104;Acidente sem VITIMA;74,000;BR-101/RS;Sul;Engavetamento;3;0;0;1;0;0;0;0;0;0;9;0;0;0;0
07/09/2020;17:31:47;141;Acidente sem VITIMA;79,000;BR-290/RS;Oeste;Queda de ribanceira;1;0;0;0;0;0;0;0;0;0;3;0;0;0;0
07/09/2020;17:47:21;149;Acidente sem VITIMA;97,100;BR-290/RS;Leste;Colisão - Traseira;2;0;0;0;0;0;0;0;0;0;4;0;0;0;0
07/09/2020;19:09:51;171;Acidente sem VITIMA;265,000;BR-386/RS;Sul;Colisão - Traseira;2;0;0;0;0;0;0;0;0;0;2;0;0;0;0
07/09/2020;20:26:15;194;Acidente sem VITIMA;428,000;BR-386/RS;Sul;Atropelamento de Animal;1;0;0;0;0;0;0;0;0;0;3;0;0;0;0
08/09/2020;01:22:09;3;Acidente com VITIMA;5,000;BR-290/RS;Leste;Capotamento;1;0;0;0;0;0;0;0;0;0;2;0;2;0;0
08/09/2020;06:17:59;8;Acidente sem VITIMA;6,000;BR-290/RS;Oeste;Capotamento;1;0;0;0;0;0;0;0;0;0;1;0;0;0;0
08/09/2020;07:08:16;18;Acidente sem VITIMA;7,000;BR-290/RS;Oeste;Queda de ribanceira;1;0;0;0;0;0;0;0;0;0;1;0;0;0;0
08/09/2020;08:47:59;50;Acidente sem VITIMA;94,000;BR-290/RS;Oeste;Choque Barreira;1;0;0;0;0;0;0;0;0;0;1;0;0;0;0
08/09/2020;09:39:01;65;Acidente sem VITIMA;22,000;BR-448/RS;Norte;Choque Barreira;1;0;0;0;0;0;0;0;0;0;1;0;0;0;0
08/09/2020;13:56:33;127;Acidente sem VITIMA;27,000;BR-101/RS;Sul;Engavetamento;3;0;0;0;0;0;0;0;0;0;12;0;0;0;0
08/09/2020;14:06:06;128;Acidente sem VITIMA;1,000;BR-448/RS;Norte;Colisão - Traseira;2;0;0;0;0;0;0;0;0;0;3;0;0;0;0
08/09/2020;14:53:28;142;Acidente sem VITIMA;62,000;BR-101/RS;Norte;Queda de ribanceira;1;0;0;0;0;0;0;0;0;0;1;0;0;0;0
08/09/2020;16:10:19;167;Acidente sem VITIMA;92,000;BR-290/RS;Leste;Colisão - Lateral;2;0;0;0;0;0;0;0;0;0;4;0;0;0;0
08/09/2020;16:18:49;168;Acidente sem VITIMA;78,380;BR-290/RS;Oeste;;1;0;0;0;0;0;0;0;0;0;1;0;0;0;0
08/09/2020;18:45:55;187;Acidente sem VITIMA;272,000;BR-386/RS;Sul;Queda de ribanceira;0;0;0;0;0;0;0;0;0;1;1;0;0;0;0
08/09/2020;22:58:48;225;Acidente sem VITIMA;290,000;BR-386/RS;Sul;Queda de ribanceira;0;0;0;0;0;0;0;0;0;1;1;0;0;0;0
09/09/2020;00:52:16;6;Acidente sem VITIMA;85,000;BR-101/RS;Sul;Choque com objeto sobre a pista;1;0;0;0;0;0;0;0;0;1;5;0;0;0;0
09/09/2020;16:46:39;193;Acidente sem VITIMA;321,000;BR-386/RS;Norte;Colisão - Traseira;2;0;0;0;0;0;0;0;0;0;3;0;0;0;0
09/09/2020;18:17:31;210;Acidente com VITIMA;391,000;BR-386/RS;Norte;Colisão - Transversal;2;0;0;0;0;0;0;0;0;0;0;0;2;0;0
09/09/2020;20:58:15;236;Acidente com VITIMA;4,000;BR-448/RS;Norte;Colisão - Lateral;2;0;0;0;0;0;0;0;0;0;1;1;0;0;0
10/09/2020;01:26:02;7;Acidente sem VITIMA;399,000;BR-386/RS;Norte;Queda de ribanceira;1;0;0;0;0;0;0;0;0;0;3;0;0;0;0
10/09/2020;05:07:43;16;Acidente sem VITIMA;26,000;BR-290/RS;Leste;Queda de ribanceira;1;0;0;0;0;0;0;0;0;0;4;0;0;0;0
10/09/2020;06:43:45;20;Acidente sem VITIMA;14,000;BR-290/RS;Leste;Tombamento;0;0;1;0;0;0;0;0;0;1;4;0;0;0;0
10/09/2020;06:54:24;21;Acidente sem VITIMA;91,000;BR-290/RS;Oeste;Colisão - Lateral;1;0;1;0;0;0;0;0;0;0;2;0;0;0;0
10/09/2020;07:35:33;33;Acidente sem VITIMA;19,000;BR-101/RS;Sul;Colisão - Lateral;2;0;0;0;0;0;0;0;0;0;2;0;0;0;0
10/09/2020;08:23:29;52;Acidente com VITIMA;307,000;BR-386/RS;Norte;Choque Talude;1;0;0;0;0;0;0;0;0;0;0;2;0;0;0
10/09/2020;18:53:21;211;Acidente com VITIMA;342,000;BR-386/RS;Norte;Colisão - Lateral;1;0;0;1;0;0;0;0;0;0;1;0;1;0;0
11/09/2020;00:04:27;2;Acidente sem VITIMA;14,000;BR-290/RS;Leste;Atropelamento de Animal;1;0;0;0;0;0;0;0;0;0;2;0;0;0;0
11/09/2020;18:37:13;222;Atropelamento;92,000;BR-290/RS;Leste;Atropelamento - Usuário;1;0;0;0;0;1;0;0;0;0;1;1;0;0;0
11/09/2020;20:08:47;244;Acidente sem VITIMA;305,000;BR-386/RS;Sul;Choque Defensa;1;0;0;0;0;0;0;0;0;0;1;0;0;0;0
11/09/2020;22:59:39;266;Acidente sem VITIMA;46,000;BR-290/RS;Leste;Saída de pista;1;0;0;0;0;0;0;0;0;0;1;0;0;0;0
11/09/2020;23:05:04;269;Acidente com VITIMA;15,000;BR-101/RS;Sul;Colisão - Lateral;2;0;0;0;0;0;0;0;0;0;6;1;1;0;0
12/09/2020;02:11:22;9;Acidente sem VITIMA;291,000;BR-386/RS;Norte;Saída de pista;1;0;0;0;0;0;0;0;0;0;1;0;0;0;0
12/09/2020;14:42:14;114;Acidente sem VITIMA;35,250;BR-101/RS;Norte;Colisão - Traseira;1;0;1;0;0;0;0;0;0;0;2;0;0;0;0
12/09/2020;16:40:19;130;Acidente com VITIMA;307,000;BR-386/RS;Sul;Queda de ribanceira;1;0;0;0;0;0;0;0;0;0;3;1;0;0;0
12/09/2020;19:06:21;149;Acidente sem VITIMA;86,000;BR-290/RS;Leste;Queda de ribanceira;1;0;0;0;0;0;0;0;0;0;1;0;0;0;0
12/09/2020;20:06:55;160;Acidente sem VITIMA;374,000;BR-386/RS;Norte;Saída de pista;1;0;0;0;0;0;0;0;0;0;3;0;0;0;0
12/09/2020;21:48:59;171;Acidente com VITIMA;83,000;BR-101/RS;Norte;Choque - Meio Fio;1;0;0;0;0;0;0;0;0;0;3;1;0;0;0
12/09/2020;22:04:13;175;Acidente sem VITIMA;394,000;BR-386/RS;Norte;Saída de pista;1;0;0;0;0;0;0;0;0;0;2;0;0;0;0
12/09/2020;22:20:22;176;Acidente com VITIMA;435,000;BR-386/RS;Norte;Colisão - Lateral;1;0;0;1;0;0;0;0;0;0;1;1;0;0;0
12/09/2020;22:36:39;178;Acidente sem VITIMA;88,000;BR-290/RS;Oeste;Saída de pista;1;0;0;0;0;0;0;0;0;0;1;0;0;0;0
12/09/2020;22:50:28;179;Acidente sem VITIMA;88,000;BR-290/RS;Oeste;Colisão - Transversal;2;0;0;0;0;0;0;0;0;0;3;0;0;0;0
13/09/2020;02:47:58;10;Acidente sem VITIMA;62,000;BR-101/RS;Norte;Choque Defensa;1;0;0;0;0;0;0;0;0;0;1;0;0;0;0
13/09/2020;05:00:14;18;Acidente sem VITIMA;81,000;BR-290/RS;Oeste;Atropelamento de Animal;1;0;0;0;0;0;0;0;0;0;1;0;0;0;0
13/09/2020;05:45:02;20;Acidente sem VITIMA;412,000;BR-386/RS;Ambos;Queda de ribanceira;1;0;0;0;0;0;0;0;0;0;1;0;0;0;0
13/09/2020;16:41:26;84;Acidente sem VITIMA;75,000;BR-290/RS;Leste;Choque Defensa;1;0;0;0;0;0;0;0;0;0;1;0;0;0;0
13/09/2020;19:29:20;115;Acidente sem VITIMA;252,000;BR-386/RS;Sul;Saída de pista;0;0;1;0;0;0;0;0;0;0;1;0;0;0;0
13/09/2020;19:53:56;117;Atropelamento Fatal;33,000;BR-101/RS;Sul;Atropelamento - Morador/Trabalhador/Estudante;1;0;0;0;0;0;0;0;0;0;4;0;0;0;1
13/09/2020;20:13:15;122;Acidente sem VITIMA;269,000;BR-386/RS;Norte;Queda de ribanceira;1;0;0;0;0;0;0;0;0;0;1;0;0;0;0
13/09/2020;22:00:59;141;Acidente sem VITIMA;9,000;BR-448/RS;Sul;Saída de pista;0;0;0;0;0;0;0;0;0;1;2;0;0;0;0
14/09/2020;00:21:36;4;Acidente sem VITIMA;358,000;BR-386/RS;Sul;Queda de ribanceira;1;0;0;0;0;0;0;0;0;0;2;0;0;0;0
14/09/2020;09:09:36;50;Acidente sem VITIMA;414,000;BR-386/RS;Sul;Saída de pista;1;0;0;0;0;0;0;0;0;0;1;0;0;0;0
14/09/2020;23:21:58;176;Acidente sem VITIMA;52,000;BR-290/RS;Oeste;Queda de ribanceira;1;0;0;0;0;0;0;0;0;0;1;0;0;0;0
15/09/2020;01:14:36;6;Acidente sem VITIMA;376,000;BR-386/RS;Sul;Atropelamento de Animal;1;0;0;0;0;0;0;0;0;0;2;0;0;0;0
15/09/2020;03:51:23;13;Acidente sem VITIMA;82,000;BR-290/RS;Leste;Atropelamento de Animal;1;0;0;0;0;0;0;0;0;0;1;0;0;0;0
15/09/2020;07:11:09;23;Acidente sem VITIMA;307,000;BR-386/RS;Norte;Tombamento;0;0;0;0;0;0;0;1;0;0;1;0;0;0;0
15/09/2020;09:52:42;77;Acidente sem VITIMA;440,000;BR-386/RS;Norte;Colisão - Lateral;1;0;0;0;0;0;0;1;0;0;2;0;0;0;0
15/09/2020;14:00:25;123;Acidente com VITIMA;31,000;BR-290/RS;Oeste;Colisão - Transversal;2;0;0;0;0;0;0;0;0;0;1;2;0;0;0
15/09/2020;20:05:52;177;Acidente sem VITIMA;440,000;BR-386/RS;Norte;Queda de ribanceira;1;0;0;0;0;0;0;0;0;0;1;0;0;0;0
15/09/2020;20:28:30;179;Acidente sem VITIMA;356,000;BR-386/RS;Norte;Saída de pista;1;0;0;0;0;0;0;0;0;0;1;0;0;0;0
15/09/2020;21:59:09;194;Acidente sem VITIMA;37,000;BR-101/RS;Norte;Choque Barreira;1;0;0;0;0;0;0;0;0;0;4;0;0;0;0
15/09/2020;23:38:08;202;Acidente sem VITIMA;76,000;BR-290/RS;Oeste;Choque Defensa;1;0;0;0;0;0;0;0;0;0;2;0;0;0;0
16/09/2020;00:43:35;2;Acidente sem VITIMA;80,000;BR-290/RS;Leste;Choque Barreira;1;0;0;0;0;0;0;0;0;0;1;0;0;0;0
16/09/2020;07:33:51;20;Acidente sem VITIMA;205,000;BR-386/RS;Norte;Queda de ribanceira;1;0;0;0;0;0;0;0;0;0;1;0;0;0;0
16/09/2020;07:38:32;22;Acidente com VITIMA;97,000;BR-290/RS;Oeste;Colisão - Lateral;2;0;0;1;0;0;0;0;0;0;4;0;1;0;0
16/09/2020;11:46:12;60;Acidente sem VITIMA;396,000;BR-386/RS;Norte;Queda de ribanceira;1;0;0;0;0;0;0;0;0;0;2;0;0;0;0
16/09/2020;11:55:39;62;Acidente sem VITIMA;16,000;BR-448/RS;Norte;Choque Defensa;1;0;0;0;0;0;0;0;0;0;1;0;0;0;0
16/09/2020;13:35:23;80;Acidente sem VITIMA;1,000;BR-290/RS;Leste;Queda de ribanceira;1;0;0;0;0;0;0;0;0;0;2;0;0;0;0
16/09/2020;14:15:18;86;Acidente sem VITIMA;181,000;BR-386/RS;Norte;Colisão - Traseira;2;0;0;0;0;0;0;0;0;0;2;0;0;0;0
16/09/2020;14:26:27;89;Acidente sem VITIMA;401,000;BR-386/RS;Norte;Queda de ribanceira;1;0;0;0;0;0;0;0;0;0;1;0;0;0;0
16/09/2020;14:45:46;92;Acidente sem VITIMA;405,000;BR-386/RS;Norte;Queda de ribanceira;1;0;0;0;0;0;0;0;0;0;1;0;0;0;0
16/09/2020;15:10:30;97;Acidente com VITIMA;432,000;BR-386/RS;Sul;Colisão - Traseira;0;0;2;0;0;0;0;0;0;1;3;1;0;0;0
16/09/2020;15:21:12;98;Acidente sem VITIMA;38,000;BR-290/RS;Leste;Queda de ribanceira;1;0;0;0;0;0;0;0;0;0;1;0;0;0;0
16/09/2020;16:35:43;106;Acidente sem VITIMA;440,000;BR-386/RS;Norte;Queda de ribanceira;1;0;0;0;0;0;0;0;0;0;1;0;0;0;0
16/09/2020;16:40:32;107;Acidente sem VITIMA;304,000;BR-386/RS;Norte;Queda de ribanceira;1;0;0;0;0;0;0;0;0;0;3;0;0;0;0
16/09/2020;21:12:06;143;Acidente sem VITIMA;290,000;BR-386/RS;Sul;Colisão - Frontal;1;0;0;0;0;0;0;1;0;1;4;0;0;0;0
17/09/2020;05:46:34;35;Acidente sem VITIMA;57,000;BR-290/RS;Oeste;Queda de ribanceira;0;0;1;0;0;0;0;0;0;0;1;0;0;0;0
17/09/2020;08:26:09;75;Acidente sem VITIMA;77,000;BR-290/RS;Leste;Choque Praça - Cabine;0;0;0;0;0;0;0;1;0;0;1;0;0;0;0
17/09/2020;19:35:16;232;Acidente com VITIMA;344,000;BR-386/RS;Norte;Colisão - Lateral;1;0;0;1;0;0;0;0;0;0;0;2;0;0;0
17/09/2020;20:40:31;245;Acidente sem VITIMA;75,000;BR-290/RS;Oeste;Tombamento;0;0;1;0;0;0;0;0;0;0;2;0;0;0;0
18/09/2020;08:03:17;42;Acidente sem VITIMA;87,000;BR-290/RS;Oeste;Colisão - Traseira;2;0;0;0;0;0;0;0;0;0;2;0;0;0;0
18/09/2020;08:21:48;51;Acidente sem VITIMA;89,000;BR-290/RS;Oeste;Colisão - Lateral;1;0;1;0;0;0;0;0;0;0;2;0;0;0;0
18/09/2020;12:32:21;112;Acidente sem VITIMA;93,000;BR-290/RS;Leste;Choque com objeto sobre a pista;1;0;1;0;0;0;0;0;0;0;2;0;0;0;0
18/09/2020;12:41:41;115;Acidente sem VITIMA;44,000;BR-290/RS;Leste;Queda de ribanceira;1;0;0;0;0;0;0;0;0;0;5;0;0;0;0
18/09/2020;13:18:00;127;Acidente com VITIMA;43,000;BR-290/RS;Oeste;Queda de ribanceira;1;0;0;0;0;0;0;0;0;0;0;1;0;0;0
18/09/2020;15:10:27;151;Acidente sem VITIMA;418,000;BR-386/RS;Norte;Queda de ribanceira;1;0;0;0;0;0;0;0;0;0;2;0;0;0;0
18/09/2020;17:26:09;199;Acidente sem VITIMA;89,000;BR-290/RS;Leste;Colisão - Lateral;1;0;1;0;0;0;0;0;0;0;2;0;0;0;0
18/09/2020;18:32:10;218;Acidente com VITIMA FATAL;356,000;BR-386/RS;Norte;Queda de ribanceira;1;0;0;0;0;0;0;0;0;0;0;0;0;0;1
18/09/2020;21:12:19;259;Acidente sem VITIMA;446,000;BR-386/RS;Sul;Queda de ribanceira;1;0;0;0;0;0;0;0;0;0;1;0;0;0;0
18/09/2020;21:22:31;264;Acidente sem VITIMA;85,000;BR-290/RS;Oeste;Atropelamento de Animal;1;0;0;0;0;0;0;0;0;0;1;0;0;0;0
18/09/2020;22:58:30;278;Acidente sem VITIMA;41,000;BR-290/RS;Leste;;1;0;0;0;0;0;0;0;0;0;1;0;0;0;0
19/09/2020;02:03:53;9;Acidente sem VITIMA;436,000;BR-386/RS;Sul;Colisão - Traseira;1;0;0;0;0;0;0;0;0;1;2;0;0;0;0
19/09/2020;08:39:03;50;Acidente sem VITIMA;58,000;BR-290/RS;Leste;Choque com objeto sobre a pista;3;0;0;0;0;0;0;0;0;0;4;0;0;0;0
19/09/2020;09:38:39;71;Acidente com VITIMA;252,000;BR-386/RS;Norte;Capotamento;1;0;0;0;0;0;0;0;0;0;3;1;1;0;0
19/09/2020;09:59:28;81;Acidente sem VITIMA;60,000;BR-290/RS;Leste;Colisão - Traseira;0;0;1;0;0;0;0;1;0;0;3;0;0;0;0
19/09/2020;10:50:25;90;Acidente sem VITIMA;271,000;BR-386/RS;Sul;Colisão - Traseira;0;0;0;0;0;0;0;1;0;1;3;0;0;0;0
19/09/2020;12:04:28;112;Acidente sem VITIMA;333,000;BR-386/RS;Norte;Colisão - Frontal;2;0;0;0;0;0;0;0;0;0;6;0;0;0;0
19/09/2020;21:14:34;199;Acidente sem VITIMA;371,000;BR-386/RS;Sul;Atropelamento de Animal;1;0;0;0;0;0;0;0;0;0;5;0;0;0;0
20/09/2020;06:34:25;18;Acidente sem VITIMA;10,000;BR-448/RS;Norte;Choque Defensa;1;0;0;0;0;0;0;0;0;0;1;0;0;0;0
20/09/2020;14:44:19;96;Acidente sem VITIMA;19,000;BR-290/RS;Oeste;Choque Praça - Cabine;0;0;0;0;0;0;0;1;0;0;1;0;0;0;0
20/09/2020;18:37:40;139;Acidente sem VITIMA;97,000;BR-290/RS;Oeste;Colisão - Lateral;1;0;0;1;0;0;0;0;0;0;4;0;0;0;0
20/09/2020;19:23:01;146;Acidente sem VITIMA;35,000;BR-290/RS;Leste;Queda de ribanceira;1;0;0;0;0;0;0;0;0;0;1;0;0;0;0
20/09/2020;21:36:18;160;Acidente sem VITIMA;68,000;BR-290/RS;Oeste;Queda de ribanceira;1;0;0;0;0;0;0;0;0;0;1;0;0;0;0
20/09/2020;22:44:40;161;Acidente sem VITIMA;68,000;BR-290/RS;Oeste;Queda de ribanceira;1;0;0;0;0;0;0;0;0;0;4;0;0;0;0
21/09/2020;11:08:39;104;Acidente sem VITIMA;92,000;BR-290/RS;Leste;Outros;0;0;0;1;0;0;0;2;0;0;4;0;0;0;0
21/09/2020;11:27:41;112;Acidente sem VITIMA;295,000;BR-386/RS;Norte;Colisão - Transversal;2;0;0;0;0;0;0;0;0;0;7;0;0;0;0
21/09/2020;11:33:45;113;Acidente com VITIMA;95,000;BR-290/RS;Leste;;0;0;0;1;0;0;0;0;0;0;0;0;1;0;0
21/09/2020;11:58:31;117;Acidente com VITIMA;351,000;BR-386/RS;Sul;Choque com veículo na faixa de rolamento;1;0;0;0;0;0;0;0;0;1;1;0;1;0;0
21/09/2020;13:26:24;134;Acidente sem VITIMA;437,000;BR-386/RS;Sul;Choque Barreira;0;0;0;0;0;1;0;0;0;1;3;0;0;0;0
21/09/2020;19:09:39;195;Acidente sem VITIMA;444,000;BR-386/RS;Norte;Engavetamento;2;0;0;0;0;0;0;0;0;1;2;0;0;0;0
22/09/2020;06:26:38;17;Acidente sem VITIMA;36,000;BR-290/RS;Leste;Queda de ribanceira;0;0;1;0;0;0;0;0;0;0;2;0;0;0;0
22/09/2020;11:10:29;99;Acidente sem VITIMA;9,000;BR-448/RS;Sul;Choque Defensa;1;0;0;0;0;0;0;0;0;0;3;0;0;0;0
22/09/2020;11:16:59;101;Acidente sem VITIMA;389,000;BR-386/RS;Sul;Colisão - Traseira;1;0;0;1;0;0;0;0;0;0;2;0;0;0;0
22/09/2020;15:36:30;151;Acidente com VITIMA;23,270;BR-290/RS;Leste;Colisão - Traseira;2;0;0;0;0;0;0;0;0;0;4;0;1;0;0
22/09/2020;17:30:59;177;Acidente sem VITIMA;238,000;BR-386/RS;Norte;Queda de ribanceira;1;0;0;0;0;0;0;0;0;0;1;0;0;0;0
22/09/2020;21:00:25;202;Acidente sem VITIMA;84,000;BR-101/RS;Norte;Colisão - Traseira;1;0;0;0;0;0;0;0;0;0;3;0;0;0;0
22/09/2020;22:31:39;215;Acidente com VITIMA;435,000;BR-386/RS;Sul;Colisão - Traseira;2;0;0;0;0;0;0;0;0;0;2;0;1;0;0
23/09/2020;05:31:44;12;Acidente com VITIMA;23,000;BR-290/RS;Oeste;Tombamento;0;0;0;0;0;0;0;1;0;0;0;1;0;0;0
23/09/2020;08:01:29;40;Acidente com VITIMA;76,000;BR-290/RS;Oeste;Colisão - Lateral;1;0;0;1;0;0;0;0;0;0;1;1;0;0;0
23/09/2020;17:08:59;187;Acidente sem VITIMA;77,000;BR-290/RS;Oeste;Choque Praça - Cabine;0;0;2;0;0;0;0;0;0;0;2;0;0;0;0
23/09/2020;17:17:58;189;Acidente sem VITIMA;346,000;BR-386/RS;Sul;Colisão - Traseira;1;0;0;0;0;0;0;1;0;0;3;0;0;0;0
23/09/2020;19:36:48;211;Acidente com VITIMA;347,000;BR-386/RS;Norte;Capotamento;1;0;0;0;0;0;0;0;0;0;0;0;1;0;0
24/09/2020;07:09:22;22;Acidente sem VITIMA;87,000;BR-290/RS;Leste;Queda de moto;0;0;0;1;0;0;0;0;0;0;1;0;0;0;0
24/09/2020;10:28:18;97;Acidente sem VITIMA;31,000;BR-101/RS;Sul;Choque - Caixa de Captação/Fibra;0;0;0;0;0;0;0;0;0;1;1;0;0;0;0
24/09/2020;10:29:56;98;Acidente sem VITIMA;92,000;BR-290/RS;Oeste;Queda de moto;0;0;0;1;0;0;0;0;0;0;1;0;0;0;0
24/09/2020;22:29:06;226;Acidente com VITIMA;38,540;BR-290/RS;Leste;Atropelamento - Funcionário;1;0;0;0;0;0;0;0;0;1;1;0;1;0;0
25/09/2020;07:42:04;31;Acidente com VITIMA;23,000;BR-290/RS;Oeste;Colisão - Lateral;0;0;1;0;0;0;0;1;0;0;1;2;0;0;0
25/09/2020;12:07:07;113;Acidente sem VITIMA;71,000;BR-290/RS;Oeste;Outros;1;0;0;0;0;0;0;0;0;0;1;0;0;0;0
25/09/2020;12:38:46;119;Acidente sem VITIMA;60,000;BR-290/RS;Leste;Colisão - Traseira;2;0;0;0;0;0;0;0;0;0;2;0;0;0;0