data;horario;n_da_ocorrencia;tipo_de_ocorrencia;km;trecho;sentido;tipo_de_acidente;automovel;bicicleta;caminhao;moto;onibus;outros;tracao_animal;transporte_de_cargas_especiais;trator_maquinas;utilitarios;ilesos;levemente_feridos;moderadamente_feridos;gravemente_feridos;mortos
25/09/2020;14:19:42;140;Acidente com VITIMA;433,000;BR-386/RS;Norte;Colisão - Traseira;1;0;1;0;0;0;0;0;0;0;2;2;0;0;0
25/09/2020;14:36:20;144;Acidente sem VITIMA;215,000;BR-386/RS;Sul;Colisão - Lateral;2;0;0;0;0;0;0;0;0;0;4;0;0;0;0
25/09/2020;19:18:34;221;Acidente sem VITIMA;97,500;BR-290/RS;Oeste;Colisão - Traseira;2;0;0;0;0;0;0;0;0;0;3;0;0;0;0
26/09/2020;04:54:13;24;Acidente sem VITIMA;3,000;BR-290/RS;Oeste;Queda de ribanceira;1;0;0;0;0;0;0;0;0;0;1;0;0;0;0
26/09/2020;11:51:40;115;Acidente sem VITIMA;16,000;BR-101/RS;Norte;Colisão - Lateral;1;0;0;0;0;0;0;1;0;0;3;0;0;0;0
26/09/2020;16:44:58;188;Acidente sem VITIMA;19,000;BR-290/RS;Leste;Colisão - Traseira;2;0;0;0;0;0;0;0;0;0;2;0;0;0;0
26/09/2020;17:42:26;195;Acidente sem VITIMA;12,000;BR-290/RS;Leste;Tombamento;0;0;0;0;0;0;0;0;0;1;2;0;0;0;0
26/09/2020;18:23:50;201;Acidente sem VITIMA;60,000;BR-290/RS;Oeste;Colisão - Traseira;2;0;0;0;0;0;0;0;0;0;2;0;0;0;0
27/09/2020;04:56:29;9;Acidente sem VITIMA;414,000;BR-386/RS;Sul;Capotamento;1;0;0;0;0;0;0;0;0;0;1;0;0;0;0
27/09/2020;11:55:21;50;Acidente sem VITIMA;72,000;BR-290/RS;Oeste;Queda de ribanceira;1;0;0;0;0;0;0;0;0;0;2;0;0;0;0
27/09/2020;12:07:01;52;Acidente sem VITIMA;93,000;BR-290/RS;Oeste;Choque Defensa;1;0;0;0;0;0;0;0;0;0;1;0;0;0;0
27/09/2020;12:34:03;56;Acidente sem VITIMA;22,000;BR-448/RS;Sul;Capotamento;1;0;0;0;0;0;0;0;0;0;2;0;0;0;0
27/09/2020;12:46:01;57;Acidente sem VITIMA;94,000;BR-290/RS;Oeste;Outros;1;0;0;0;0;0;0;0;0;0;1;0;0;0;0
27/09/2020;13:33:02;64;Acidente sem VITIMA;22,000;BR-448/RS;Sul;Choque Defensa;1;0;0;0;0;0;0;0;0;0;1;0;0;0;0
27/09/2020;13:41:14;67;Acidente sem VITIMA;440,000;BR-386/RS;Norte;Queda de ribanceira;1;0;0;0;0;0;0;0;0;0;1;0;0;0;0
27/09/2020;14:23:48;77;Acidente sem VITIMA;399,000;BR-386/RS;Sul;Queda de ribanceira;1;0;0;0;0;0;0;0;0;0;1;0;0;0;0
27/09/2020;15:22:17;90;Acidente sem VITIMA;53,000;BR-101/RS;Norte;Queda de ribanceira;1;0;0;0;0;0;0;0;0;0;4;0;0;0;0
27/09/2020;18:27:26;118;Acidente sem VITIMA;19,000;BR-290/RS;Oeste;Choque Praça - Submarino;1;0;0;0;0;0;0;0;0;0;2;0;0;0;0
27/09/2020;20:52:17;149;Acidente sem VITIMA;270,000;BR-386/RS;Sul;Saída de pista;1;0;0;0;0;0;0;0;0;0;2;0;0;0;0
27/09/2020;22:50:03;158;Atropelamento;86,000;BR-290/RS;Leste;Atropelamento - Usuário;1;0;0;0;0;0;0;0;0;0;1;0;1;0;0
28/09/2020;09:29:23;70;Acidente com VITIMA;347,000;BR-386/RS;Norte;Colisão - Traseira;0;0;1;1;0;0;0;0;0;0;1;1;0;0;0
28/09/2020;11:52:26;109;Acidente com VITIMA;22,000;BR-448/RS;Sul;Tombamento;0;0;0;0;0;0;0;1;0;0;0;1;0;0;0
28/09/2020;14:27:25;136;Acidente sem VITIMA;94,000;BR-290/RS;Leste;Colisão - Lateral;1;0;0;0;0;0;0;1;0;0;5;0;0;0;0
28/09/2020;15:52:10;151;Acidente sem VITIMA;60,000;BR-290/RS;Leste;Colisão - Traseira;1;0;0;0;0;0;0;1;0;0;4;0;0;0;0
28/09/2020;17:44:03;171;Acidente sem VITIMA;345,000;BR-386/RS;Norte;Colisão - Traseira;3;0;0;0;0;0;0;0;0;0;6;0;0;0;0
28/09/2020;19:02:42;181;Acidente sem VITIMA;311,000;BR-386/RS;Sul;Colisão - Traseira;0;0;0;0;0;0;0;2;0;0;2;0;0;0;0
29/09/2020;00:53:40;2;Acidente com VITIMA;16,500;BR-101/RS;Norte;Colisão - Traseira;0;0;1;0;0;0;0;0;0;1;2;0;1;0;0
29/09/2020;07:59:41;37;Acidente sem VITIMA;342,000;BR-386/RS;Norte;Colisão - Lateral;2;0;0;0;0;0;0;0;0;0;2;0;0;0;0
29/09/2020;10:02:21;91;Acidente com VITIMA;373,000;BR-386/RS;Norte;Capotamento;1;0;0;0;0;0;0;0;0;0;0;1;0;0;0
29/09/2020;14:51:34;146;Acidente sem VITIMA;345,000;BR-386/RS;Norte;Colisão - Traseira;0;0;0;0;0;0;0;1;0;1;2;0;0;0;0
29/09/2020;16:16:58;165;Acidente sem VITIMA;426,000;BR-386/RS;Sul;Colisão - Traseira;2;0;0;0;0;0;0;0;0;0;3;0;0;0;0
29/09/2020;19:41:04;197;Acidente sem VITIMA;44,000;BR-290/RS;Leste;Choque com objeto sobre a pista;1;0;0;0;0;0;0;0;0;0;1;0;0;0;0
30/09/2020;01:16:28;4;Acidente com VITIMA;374,000;BR-386/RS;Sul;Queda de moto;0;0;0;1;0;0;0;0;0;0;0;0;1;0;0
30/09/2020;06:50:35;25;Acidente sem VITIMA;24,390;BR-290/RS;Leste;Queda de ribanceira;0;0;1;0;0;0;0;0;0;0;2;0;0;0;0
30/09/2020;08:20:50;48;Acidente sem VITIMA;360,000;BR-386/RS;Ambos;Queda de ribanceira;1;0;1;0;0;0;0;0;0;0;4;0;0;0;0
30/09/2020;08:51:06;53;Acidente sem VITIMA;355,000;BR-386/RS;Norte;Queda de ribanceira;1;0;0;0;0;0;0;0;0;0;2;0;0;0;0
30/09/2020;09:15:59;62;Acidente sem VITIMA;71,000;BR-290/RS;Leste;Choque Defensa;1;0;0;0;0;0;0;0;0;0;1;0;0;0;0
30/09/2020;09:26:45;66;Acidente sem VITIMA;94,000;BR-290/RS;Oeste;Choque Barreira;1;0;0;0;0;0;0;0;0;0;1;0;0;0;0
30/09/2020;09:29:34;69;Acidente sem VITIMA;351,000;BR-386/RS;Norte;Choque Defensa;1;0;0;0;0;0;0;0;0;0;1;0;0;0;0
30/09/2020;09:38:05;71;Acidente com VITIMA;35,000;BR-290/RS;Oeste;Queda de ribanceira;1;0;0;0;0;0;0;0;0;0;0;0;1;0;0
30/09/2020;10:16:47;75;Acidente sem VITIMA;401,000;BR-386/RS;Sul;Queda de ribanceira;1;0;0;0;0;0;0;0;0;0;2;0;0;0;0
30/09/2020;11:18:23;89;Acidente sem VITIMA;9,000;BR-448/RS;Norte;Queda de ribanceira;1;0;0;0;0;0;0;0;0;0;1;0;0;0;0
30/09/2020;11:24:03;91;Acidente sem VITIMA;92,000;BR-290/RS;Leste;Choque Defensa;1;0;0;0;0;0;0;0;0;0;1;0;0;0;0
30/09/2020;11:37:39;93;Acidente sem VITIMA;426,000;BR-386/RS;Sul;Choque Barreira;0;0;0;0;0;0;0;0;0;1;1;0;0;0;0
30/09/2020;12:02:02;97;Acidente com VITIMA;193,000;BR-386/RS;Sul;Queda de ribanceira;1;0;0;0;0;0;0;0;0;0;1;1;0;0;0
30/09/2020;12:14:07;101;Acidente sem VITIMA;84,000;BR-101/RS;Sul;Choque - Sinalização;1;0;0;0;0;0;0;0;0;0;3;0;0;0;0
30/09/2020;13:06:00;105;Acidente sem VITIMA;11,000;BR-290/RS;Ambos;Queda de ribanceira;1;0;0;0;0;0;0;0;0;0;3;0;0;0;0
30/09/2020;13:16:56;110;Acidente sem VITIMA;13,000;BR-290/RS;Oeste;Queda de ribanceira;1;0;0;0;0;0;0;0;0;0;2;0;0;0;0
01/10/2020;02:01:11;10;Acidente com VITIMA FATAL;279,000;BR-386/RS;Norte;Capotamento;1;0;0;0;0;0;0;0;0;0;0;0;0;0;1
01/10/2020;09:48:56;104;Acidente sem VITIMA;400,000;BR-386/RS;Sul;Queda de ribanceira;1;0;0;0;0;0;0;0;0;0;1;0;0;0;0
01/10/2020;10:00:53;108;Acidente sem VITIMA;62,000;BR-290/RS;Oeste;;0;0;0;0;0;0;0;1;0;0;1;0;0;0;0
01/10/2020;15:32:44;189;Acidente com VITIMA;375,000;BR-386/RS;Sul;Choque com veículo na faixa de rolamento;0;0;1;1;0;0;0;0;0;0;0;1;0;0;0
01/10/2020;15:34:03;190;Acidente sem VITIMA;92,000;BR-290/RS;Leste;;2;0;0;0;0;0;0;0;0;0;2;0;0;0;0
01/10/2020;19:25:25;229;Acidente sem VITIMA;94,000;BR-290/RS;Leste;Engavetamento;3;0;0;0;0;0;0;0;0;0;3;0;0;0;0
01/10/2020;20:59:02;244;Acidente com VITIMA;245,000;BR-386/RS;Sul;Atropelamento de Animal;0;0;0;0;0;0;0;0;0;1;0;1;0;0;0
02/10/2020;06:10:40;23;Acidente sem VITIMA;87,000;BR-290/RS;Oeste;Queda de ribanceira;1;0;0;0;0;0;0;0;0;0;2;0;0;0;0
02/10/2020;06:26:33;25;Acidente sem VITIMA;28,000;BR-290/RS;Leste;Queda de ribanceira;1;0;0;0;0;0;0;0;0;0;1;0;0;0;0
02/10/2020;08:22:24;53;Acidente sem VITIMA;37,000;BR-290/RS;Oeste;Queda de ribanceira;1;0;0;0;0;0;0;0;0;0;1;0;0;0;0
02/10/2020;11:02:25;90;Acidente sem VITIMA;243,000;BR-386/RS;Sul;Tombamento;0;0;1;0;0;0;0;0;0;0;1;0;0;0;0
02/10/2020;12:55:38;109;Acidente sem VITIMA;335,000;BR-386/RS;Norte;Queda de ribanceira;1;0;0;0;0;0;0;0;0;0;2;0;0;0;0
02/10/2020;13:32:45;121;Acidente com VITIMA;233,000;BR-386/RS;Sul;Engavetamento;1;0;0;0;0;0;0;1;0;1;2;0;1;0;0
02/10/2020;14:06:50;130;Acidente com VITIMA;347,000;BR-386/RS;Norte;Queda de moto;0;0;0;1;0;0;0;0;0;0;0;1;0;0;0
02/10/2020;16:08:35;155;Acidente sem VITIMA;26,000;BR-290/RS;Oeste;Queda de ribanceira;1;0;0;0;0;0;0;0;0;0;1;0;0;0;0
02/10/2020;19:29:43;196;Acidente sem VITIMA;234,000;BR-386/RS;Norte;Queda de ribanceira;1;0;0;0;0;0;0;0;0;0;2;0;0;0;0
02/10/2020;20:52:27;208;Acidente sem VITIMA;29,000;BR-290/RS;Oeste;Choque com objeto sobre a pista;1;0;0;0;0;0;0;0;0;0;2;0;0;0;0
02/10/2020;22:06:42;212;Acidente sem VITIMA;431,000;BR-386/RS;Norte;Queda de ribanceira;0;0;1;0;0;0;0;0;0;0;1;0;0;0;0
02/10/2020;23:09:02;224;Acidente sem VITIMA;435,000;BR-386/RS;Norte;Colisão - Traseira;2;0;0;0;0;0;0;0;0;0;1;0;0;0;0
02/10/2020;23:36:28;227;Acidente sem VITIMA;50,000;BR-101/RS;Norte;;1;0;0;0;0;0;0;0;0;0;2;0;0;0;0
03/10/2020;00:56:32;4;Acidente sem VITIMA;10,000;BR-101/RS;Sul;Saída de pista;0;0;1;0;0;0;0;0;0;0;1;0;0;0;0
03/10/2020;01:14:14;7;Acidente sem VITIMA;84,010;BR-101/RS;Norte;Saída de pista;1;0;0;0;0;0;0;0;0;0;1;0;0;0;0
03/10/2020;04:34:56;12;Acidente sem VITIMA;68,000;BR-290/RS;Oeste;Queda de ribanceira;1;0;0;0;0;0;0;0;0;0;1;0;0;0;0
03/10/2020;04:47:02;13;Atropelamento Fatal;440,000;BR-386/RS;Sul;Atropelamento - Morador/Trabalhador/Estudante;1;0;0;0;0;0;0;0;0;0;1;0;0;0;1
03/10/2020;07:47:09;22;Acidente sem VITIMA;69,000;BR-290/RS;Oeste;Queda de ribanceira;1;0;0;0;0;0;0;0;0;0;1;0;0;0;0
03/10/2020;07:52:39;24;Acidente sem VITIMA;423,000;BR-386/RS;Sul;Queda de ribanceira;1;0;0;0;0;0;0;0;0;0;1;0;0;0;0
03/10/2020;08:02:20;26;Acidente sem VITIMA;443,000;BR-386/RS;Norte;Saída de pista;1;0;0;0;0;0;0;0;0;0;1;0;0;0;0
03/10/2020;10:17:57;46;Acidente sem VITIMA;262,000;BR-386/RS;Sul;Colisão - Traseira;1;0;0;0;0;0;0;0;0;1;5;0;0;0;0
03/10/2020;10:58:27;55;Acidente com VITIMA;340,000;BR-386/RS;Norte;Capotamento;1;0;0;0;0;0;0;0;0;0;0;1;0;0;0
03/10/2020;11:03:14;57;Acidente sem VITIMA;270,000;BR-386/RS;Norte;Colisão - Lateral;2;0;0;0;0;0;0;0;0;0;3;0;0;0;0
03/10/2020;11:32:57;60;Acidente sem VITIMA;352,000;BR-386/RS;Norte;Choque Defensa;1;0;0;0;0;0;0;0;0;0;1;0;0;0;0
03/10/2020;11:34:11;62;Acidente sem VITIMA;82,000;BR-290/RS;Oeste;Queda de ribanceira;1;0;0;0;0;0;0;0;0;0;1;0;0;0;0
03/10/2020;11:35:10;63;Acidente sem VITIMA;445,000;BR-386/RS;Sul;Saída de pista;1;0;0;0;0;0;0;0;0;0;1;0;0;0;0
03/10/2020;12:17:29;70;Acidente com VITIMA;15,000;BR-448/RS;Sul;Choque Barreira;1;0;0;0;0;0;0;0;0;0;1;0;1;0;0
03/10/2020;12:20:49;74;Acidente sem VITIMA;2,000;BR-290/RS;Leste;Queda de ribanceira;1;0;0;0;0;0;0;0;0;0;2;0;0;0;0
03/10/2020;16:45:47;97;Acidente sem VITIMA;65,000;BR-290/RS;Ambos;Saída de pista;1;0;0;0;0;0;0;0;0;0;3;0;0;0;0
03/10/2020;17:21:49;100;Acidente sem VITIMA;10,000;BR-448/RS;Norte;Queda de ribanceira;1;0;0;0;0;0;0;0;0;0;2;0;0;0;0
04/10/2020;03:10:18;6;Acidente sem VITIMA;14,000;BR-448/RS;Norte;Saída de pista;1;0;0;0;0;0;0;0;0;0;1;0;0;0;0
04/10/2020;06:01:34;12;Acidente sem VITIMA;60,000;BR-290/RS;Leste;Choque Praça - Submarino;1;0;0;0;0;0;0;0;0;0;4;0;0;0;0
04/10/2020;10:28:21;38;Acidente com VITIMA;404,000;BR-386/RS;Sul;Capotamento;1;0;0;0;0;0;0;0;0;0;0;1;1;0;0
04/10/2020;11:00:42;44;Acidente sem VITIMA;345,000;BR-386/RS;Norte;Queda de ribanceira;1;0;0;0;0;0;0;0;0;0;1;0;0;0;0
04/10/2020;12:34:09;58;Acidente sem VITIMA;440,000;BR-386/RS;Norte;Saída de pista;1;0;0;0;0;0;0;0;0;0;1;0;0;0;0
04/10/2020;15:30:21;73;Acidente com VITIMA;44,000;BR-290/RS;Leste;Saída de pista;1;0;0;0;0;0;0;0;0;0;3;2;0;0;0
04/10/2020;16:10:39;79;Acidente sem VITIMA;15,000;BR-290/RS;Leste;Queda de ribanceira;0;0;1;0;0;0;0;0;0;0;1;0;0;0;0
04/10/2020;18:45:00;111;Acidente sem VITIMA;92,000;BR-290/RS;Oeste;Saída de pista;1;0;0;0;0;0;0;0;0;0;1;0;0;0;0
05/10/2020;07:05:15;14;Acidente com VITIMA;362,000;BR-386/RS;Norte;Choque com veículo na faixa de rolamento;1;0;0;1;0;0;0;0;0;0;1;1;0;0;0
05/10/2020;07:59:24;39;Acidente sem VITIMA;88,000;BR-290/RS;Oeste;Engavetamento;4;0;0;0;0;0;0;0;0;0;4;0;0;0;0
05/10/2020;14:24:12;144;Acidente com VITIMA;79,000;BR-101/RS;Sul;Queda de ribanceira;1;0;0;0;0;0;0;0;0;0;0;0;2;0;0
05/10/2020;17:04:50;173;Acidente sem VITIMA;43,000;BR-101/RS;Norte;Colisão - Lateral;2;0;0;0;0;0;0;0;0;0;4;0;0;0;0
05/10/2020;18:16:33;178;Acidente sem VITIMA;91,000;BR-290/RS;Leste;Colisão - Transversal;1;0;0;1;0;0;0;0;0;0;2;0;0;0;0
05/10/2020;18:23:27;180;Acidente sem VITIMA;62,000;BR-290/RS;Oeste;Atropelamento de Animal;1;0;0;0;0;0;0;0;0;0;3;0;0;0;0
05/10/2020;18:26:15;181;Acidente com VITIMA;194,000;BR-386/RS;Norte;Queda de ribanceira;0;0;0;0;0;0;0;0;0;1;0;1;0;0;0
05/10/2020;23:21:46;224;Acidente sem VITIMA;348,000;BR-386/RS;Sul;Saída de pista;1;0;0;0;0;0;0;0;0;0;1;0;0;0;0
06/10/2020;05:00:58;16;Acidente sem VITIMA;48,000;BR-290/RS;Leste;Atropelamento de Animal;1;0;0;0;0;0;0;0;0;0;3;0;0;0;0
06/10/2020;09:31:40;88;Acidente sem VITIMA;67,000;BR-290/RS;Leste;Queda de ribanceira;1;0;0;0;0;0;0;1;0;0;3;0;0;0;0
06/10/2020;19:00:12;200;Acidente com VITIMA;342,000;BR-386/RS;Sul;Atropelamento de Animal;1;0;0;1;0;0;0;0;0;0;1;0;1;0;0
06/10/2020;19:24:30;204;Acidente com VITIMA;60,000;BR-101/RS;Sul;Colisão - Traseira;1;0;0;0;0;0;0;1;0;0;2;2;0;0;0
06/10/2020;19:32:25;206;Acidente sem VITIMA;353,000;BR-386/RS;Sul;Choque Defensa;1;0;0;0;0;0;0;0;0;0;2;0;0;0;0
06/10/2020;19:34:15;207;Acidente sem VITIMA;84,560;BR-290/RS;Oeste;Colisão - Lateral;2;0;0;0;0;0;0;0;0;0;2;0;0;0;0
06/10/2020;23:55:26;234;Acidente sem VITIMA;407,000;BR-386/RS;Norte;Saída de pista;1;0;0;0;0;0;0;0;0;0;1;0;0;0;0
07/10/2020;14:59:43;155;Acidente com VITIMA FATAL;248,000;BR-386/RS;Norte;Colisão - Transversal;1;0;0;0;0;0;0;1;0;0;0;0;1;1;1
07/10/2020;18:18:33;183;Acidente sem VITIMA;435,000;BR-386/RS;Sul;Colisão - Lateral;2;0;0;0;0;0;0;0;0;0;2;0;0;0;0
08/10/2020;06:09:46;10;Acidente com VITIMA;72,000;BR-101/RS;Sul;Colisão - Traseira;0;0;2;0;0;0;0;0;0;0;1;1;0;0;0
08/10/2020;12:19:18;122;Acidente sem VITIMA;268,000;BR-386/RS;Sul;Atropelamento de Animal;1;0;0;0;0;0;0;0;0;0;5;0;0;0;0
08/10/2020;15:57:07;170;Acidente sem VITIMA;213,000;BR-386/RS;Norte;Colisão - Lateral;2;0;0;0;0;0;0;0;0;0;3;0;0;0;0
08/10/2020;17:25:42;184;Acidente com VITIMA;372,000;BR-386/RS;Norte;Colisão - Traseira;0;0;0;0;0;0;0;1;0;1;0;1;1;0;0
08/10/2020;17:56:10;194;Acidente sem VITIMA;87,000;BR-290/RS;Leste;Engavetamento;3;0;0;0;0;0;0;0;0;0;5;0;0;0;0
08/10/2020;18:10:33;200;Acidente sem VITIMA;92,000;BR-290/RS;Leste;Colisão - Traseira;1;0;0;0;0;0;0;0;0;0;1;0;0;0;0
08/10/2020;18:23:50;202;Acidente com VITIMA;435,000;BR-386/RS;Sul;Colisão - Traseira;1;0;0;1;0;0;0;0;0;0;1;0;1;0;0
08/10/2020;21:48:35;229;Acidente com VITIMA;59,000;BR-290/RS;Oeste;Colisão - Traseira;2;0;0;0;0;0;0;0;0;0;2;1;0;0;0
09/10/2020;10:31:35;96;Acidente sem VITIMA;77,000;BR-290/RS;Oeste;Choque Praça - Cabine;0;0;0;0;0;1;0;0;0;0;1;0;0;0;0
09/10/2020;14:38:40;167;Acidente sem VITIMA;44,000;BR-101/RS;Sul;Choque Barreira;1;0;0;0;0;0;0;0;0;0;1;0;0;0;0
09/10/2020;16:42:35;196;Acidente sem VITIMA;85,000;BR-290/RS;Leste;Colisão - Traseira;1;0;0;0;0;0;0;0;0;1;2;0;0;0;0
09/10/2020;17:47:45;212;Acidente sem VITIMA;328,000;BR-386/RS;Sul;Colisão - Traseira;2;0;0;0;0;0;0;0;0;0;3;0;0;0;0
09/10/2020;18:12:59;218;Acidente sem VITIMA;436,000;BR-386/RS;Ambos;Colisão - Traseira;2;0;0;0;0;0;0;0;0;0;2;0;0;0;0
10/10/2020;02:46:32;13;Acidente com VITIMA;3,000;BR-101/RS;Sul;Colisão - Lateral;2;0;0;0;0;0;0;0;0;0;8;1;0;0;0
10/10/2020;07:46:00;50;Acidente sem VITIMA;345,000;BR-386/RS;Norte;Engavetamento;4;0;0;0;0;0;0;0;0;0;6;0;0;0;0
10/10/2020;08:38:57;73;Acidente sem VITIMA;95,470;BR-290/RS;Oeste;Colisão - Transversal;2;0;0;0;0;0;0;0;0;0;3;0;0;0;0
10/10/2020;09:22:24;85;Acidente com VITIMA;19,000;BR-290/RS;Leste;Colisão - Traseira;2;0;0;0;0;0;0;0;0;0;5;2;0;0;0
10/10/2020;10:13:36;100;Acidente sem VITIMA;410,000;BR-386/RS;Norte;Colisão - Traseira;2;0;0;0;0;0;0;0;0;0;3;0;0;0;0
10/10/2020;10:36:49;104;Acidente sem VITIMA;375,000;BR-386/RS;Sul;Colisão - Traseira;2;0;0;0;0;0;0;0;0;0;5;0;0;0;0
10/10/2020;10:44:30;108;Acidente sem VITIMA;32,000;BR-290/RS;Leste;Colisão - Traseira;2;0;0;0;0;0;0;0;0;0;2;0;0;0;0
10/10/2020;10:58:25;113;Acidente com VITIMA;97,000;BR-290/RS;Oeste;;0;0;0;1;0;0;0;0;0;0;0;1;0;0;0
10/10/2020;11:54:20;131;Acidente sem VITIMA;80,000;BR-290/RS;Leste;Colisão - Lateral;1;0;0;0;0;0;0;0;0;1;5;0;0;0;0
10/10/2020;12:18:18;134;Acidente sem VITIMA;345,000;BR-386/RS;Norte;Colisão - Traseira;1;0;1;0;0;0;0;0;0;0;2;0;0;0;0
10/10/2020;14:57:17;169;Acidente sem VITIMA;296,000;BR-386/RS;Norte;;0;0;0;0;0;0;0;1;0;0;1;0;0;0;0
11/10/2020;12:43:53;110;Acidente sem VITIMA;60,000;BR-290/RS;Oeste;Engavetamento;2;0;0;1;0;0;0;0;0;0;6;0;0;0;0
11/10/2020;14:26:26;129;Acidente sem VITIMA;434,000;BR-386/RS;Norte;Colisão - Traseira;2;0;0;0;0;0;0;0;0;0;3;0;0;0;0
11/10/2020;15:44:34;145;Acidente sem VITIMA;74,000;BR-101/RS;Sul;Outros;1;0;0;0;0;0;0;0;0;0;3;0;0;0;0
11/10/2020;16:27:42;157;Acidente sem VITIMA;248,000;BR-386/RS;Sul;Colisão - Lateral;2;0;0;0;0;0;0;0;0;0;7;0;0;0;0
11/10/2020;17:43:49;176;Acidente sem VITIMA;92,000;BR-290/RS;Oeste;Choque - Sinalização;0;0;0;1;0;0;0;0;0;0;2;0;0;0;0
11/10/2020;21:04:30;223;Acidente sem VITIMA;1,000;BR-101/RS;Norte;Saída de pista;1;0;0;0;0;0;0;0;0;0;3;0;0;0;0
12/10/2020;01:56:59;8;Acidente sem VITIMA;418,000;BR-386/RS;Norte;Atropelamento de Animal;1;0;0;0;0;0;0;0;0;0;1;0;0;0;0
12/10/2020;08:15:50;28;Acidente com VITIMA;71,000;BR-101/RS;Sul;Saída de pista;1;0;0;0;0;0;0;0;0;0;0;0;1;0;0
12/10/2020;09:20:00;39;Acidente com VITIMA;15,000;BR-448/RS;Sul;Colisão - Traseira;2;0;0;0;0;0;0;0;0;0;1;1;0;0;0
12/10/2020;09:23:50;42;Acidente sem VITIMA;92,000;BR-290/RS;Leste;Choque Defensa;2;0;0;0;0;0;0;0;0;0;3;0;0;0;0
12/10/2020;10:18:35;50;Acidente com VITIMA;232,000;BR-386/RS;Sul;Queda de moto;1;0;0;0;0;0;0;0;0;0;1;1;0;0;0
12/10/2020;11:32:33;77;Acidente sem VITIMA;325,000;BR-386/RS;Norte;Colisão - Traseira;2;0;0;0;0;0;0;0;0;0;2;0;0;0;0
12/10/2020;12:55:20;102;Acidente com VITIMA;5,000;BR-290/RS;Oeste;Queda de moto;0;0;0;1;0;0;0;0;0;0;1;1;0;0;0
12/10/2020;15:38:00;146;Acidente sem VITIMA;392,000;BR-386/RS;Sul;Colisão - Traseira;2;0;0;0;0;0;0;0;0;0;8;0;0;0;0
12/10/2020;16:10:26;157;Acidente sem VITIMA;426,000;BR-386/RS;Sul;Colisão - Traseira;2;0;0;0;0;0;0;0;0;0;2;0;0;0;0
12/10/2020;17:01:24;180;Acidente sem VITIMA;24,000;BR-101/RS;Sul;Engavetamento;3;0;0;0;0;0;0;0;0;0;9;0;0;0;0
12/10/2020;17:12:28;185;Acidente com VITIMA;430,000;BR-386/RS;Norte;Colisão - Lateral;1;0;0;1;0;0;0;0;0;0;1;1;0;0;0
12/10/2020;18:04:09;204;Acidente com VITIMA;342,000;BR-386/RS;Norte;Colisão - Transversal;1;0;0;1;0;0;0;0;0;0;1;1;0;0;0
12/10/2020;20:13:53;251;Acidente sem VITIMA;442,000;BR-386/RS;Sul;Colisão - Lateral;1;0;0;0;0;0;0;0;0;0;1;0;0;0;0
12/10/2020;20:48:12;264;Acidente com VITIMA;34,000;BR-290/RS;Oeste;Queda de moto;0;0;0;1;0;0;0;0;0;0;0;2;0;0;0
12/10/2020;22:20:18;275;Acidente sem VITIMA;57,000;BR-290/RS;Oeste;Choque com objeto sobre a pista;1;0;0;0;0;0;0;0;0;0;1;0;0;0;0
12/10/2020;22:40:28;282;Acidente com VITIMA;71,000;BR-290/RS;Oeste;Capotamento;1;0;0;0;0;0;0;0;0;0;0;2;0;0;0
13/10/2020;04:35:41;20;Acidente sem VITIMA;69,000;BR-290/RS;Oeste;Atropelamento de Animal;1;0;0;0;0;0;0;0;0;0;3;0;0;0;0
13/10/2020;07:53:08;52;Acidente com VITIMA;90,000;BR-290/RS;Oeste;Colisão - Traseira;2;0;0;1;0;0;0;0;0;0;2;1;0;0;0
13/10/2020;08:21:06;66;Acidente sem VITIMA;2,000;BR-290/RS;Leste;Queda de ribanceira;1;0;0;0;0;0;0;0;0;0;1;0;0;0;0
13/10/2020;09:07:16;80;Acidente com VITIMA;16,000;BR-448/RS;Sul;Engavetamento;3;0;0;0;0;0;0;0;0;0;3;0;0;1;0
13/10/2020;16:21:35;195;Acidente com VITIMA;345,000;BR-386/RS;Sul;Colisão - Lateral;1;0;0;1;0;0;0;0;0;0;1;0;1;0;0
13/10/2020;16:33:11;197;Acidente com VITIMA;6,000;BR-448/RS;Norte;Choque Barreira;0;0;1;0;0;0;0;0;0;0;0;1;0;0;0
13/10/2020;16:43:35;204;Acidente com VITIMA;20,000;BR-101/RS;Norte;Colisão - Lateral;1;0;0;0;0;0;0;1;0;0;1;0;1;0;0
13/10/2020;16:56:40;205;Acidente sem VITIMA;343,000;BR-386/RS;Sul;Engavetamento;3;0;0;0;0;0;0;0;0;0;4;0;0;0;0