data;horario;n_da_ocorrencia;tipo_de_ocorrencia;km;trecho;sentido;tipo_de_acidente;automovel;bicicleta;caminhao;moto;onibus;outros;tracao_animal;transporte_de_cargas_especiais;trator_maquinas;utilitarios;ilesos;levemente_feridos;moderadamente_feridos;gravemente_feridos;mortos
13/10/2020;19:27:37;245;Acidente sem VITIMA;88,000;BR-290/RS;Leste;Colisão - Traseira;2;0;0;0;0;0;0;0;0;0;2;0;0;0;0
13/10/2020;22:02:34;257;Acidente sem VITIMA;70,000;BR-290/RS;Oeste;Atropelamento de Animal;1;0;0;0;0;0;0;0;0;0;1;0;0;0;0
14/10/2020;01:55:24;2;Acidente sem VITIMA;89,000;BR-290/RS;Oeste;Queda de ribanceira;0;0;1;0;0;0;0;0;0;0;1;0;0;0;0
14/10/2020;05:14:49;10;Acidente sem VITIMA;14,000;BR-290/RS;Leste;Saída de pista;0;0;0;0;0;0;0;1;0;0;1;0;0;0;0
14/10/2020;07:07:15;22;Acidente sem VITIMA;1,000;BR-448/RS;Sul;Choque Defensa;1;0;0;0;0;0;0;0;0;0;1;0;0;0;0
14/10/2020;08:34:52;70;Acidente sem VITIMA;84,000;BR-290/RS;Oeste;Choque Defensa;0;0;1;0;0;0;0;0;0;0;2;0;0;0;0
14/10/2020;09:28:19;85;Acidente com VITIMA;268,000;BR-386/RS;Sul;Tombamento;0;0;0;0;0;0;0;1;0;0;0;1;0;0;0
14/10/2020;10:17:50;95;Acidente com VITIMA;262,000;BR-386/RS;Sul;Queda de moto;0;0;0;1;0;0;0;0;0;0;0;2;0;0;0
14/10/2020;13:14:30;137;Acidente com VITIMA;342,000;BR-386/RS;Norte;Choque com veículo na faixa de rolamento;0;0;0;2;0;0;0;0;0;0;0;1;1;0;0
14/10/2020;20:47:53;217;Acidente sem VITIMA;309,000;BR-386/RS;Sul;Colisão - Traseira;1;0;0;0;0;1;0;0;0;0;2;0;0;0;0
15/10/2020;00:57:17;5;Acidente sem VITIMA;16,000;BR-101/RS;Sul;Atropelamento de Animal;1;0;0;0;0;0;0;0;0;0;2;0;0;0;0
15/10/2020;01:29:35;7;Acidente com VITIMA;407,000;BR-386/RS;Norte;Choque Barreira;1;0;0;0;0;0;0;0;0;0;0;0;1;0;0
15/10/2020;07:05:27;35;Acidente sem VITIMA;435,000;BR-386/RS;Norte;Choque com veículo na faixa de rolamento;2;0;0;0;0;0;0;0;0;0;2;0;0;0;0
15/10/2020;12:34:11;145;Acidente sem VITIMA;35,000;BR-101/RS;Sul;Outros;1;0;0;0;0;1;0;0;0;0;2;0;0;0;0
15/10/2020;15:25:49;180;Acidente com VITIMA;72,000;BR-290/RS;Oeste;Capotamento;1;0;0;0;0;0;0;0;0;0;0;0;1;0;0
15/10/2020;15:33:30;183;Acidente sem VITIMA;35,000;BR-101/RS;Norte;Colisão - Traseira;2;0;0;0;0;0;0;0;0;0;4;0;0;0;0
15/10/2020;17:14:23;195;Acidente sem VITIMA;375,000;BR-386/RS;Sul;Colisão - Traseira;2;0;0;0;0;0;0;0;0;0;5;0;0;0;0
15/10/2020;17:27:25;199;Acidente sem VITIMA;60,000;BR-290/RS;Oeste;Colisão - Lateral;1;0;0;0;0;0;0;0;0;1;2;0;0;0;0
15/10/2020;17:33:09;202;Acidente sem VITIMA;73,000;BR-290/RS;Leste;Queda de moto;0;0;0;1;0;0;0;0;0;0;2;0;0;0;0
16/10/2020;08:58:28;73;Acidente sem VITIMA;412,000;BR-386/RS;Sul;Saída de pista;1;0;0;0;0;0;0;0;0;0;4;0;0;0;0
16/10/2020;10:43:23;110;Acidente sem VITIMA;284,000;BR-386/RS;Norte;Colisão - Lateral;1;0;0;0;0;0;0;1;0;0;2;0;0;0;0
16/10/2020;13:32:47;147;Acidente sem VITIMA;390,000;BR-386/RS;Norte;Colisão - Lateral;1;0;0;0;0;0;0;1;0;0;5;0;0;0;0
16/10/2020;16:19:56;187;Acidente sem VITIMA;426,000;BR-386/RS;Norte;Colisão - Traseira;0;0;0;0;0;0;0;1;0;1;2;0;0;0;0
16/10/2020;23:26:02;258;Acidente sem VITIMA;309,000;BR-386/RS;Sul;Colisão - Traseira;1;0;0;0;0;0;0;0;0;0;1;0;0;0;0
17/10/2020;05:43:42;19;Acidente sem VITIMA;85,000;BR-101/RS;Sul;Saída de pista;1;0;0;0;0;0;0;0;0;0;2;0;0;0;0
17/10/2020;09:31:22;65;Acidente sem VITIMA;86,000;BR-290/RS;Oeste;Tombamento;0;0;0;0;0;0;0;0;0;1;2;0;0;0;0
17/10/2020;09:50:52;69;Acidente com VITIMA;98,000;BR-290/RS;Oeste;Colisão - Traseira;1;0;0;0;0;0;0;0;0;1;1;1;0;0;0
17/10/2020;13:07:49;105;Acidente com VITIMA;95,000;BR-290/RS;Oeste;Colisão - Traseira;1;0;0;1;0;0;0;0;0;0;1;0;1;0;0
17/10/2020;20:08:16;201;Acidente com VITIMA;84,000;BR-101/RS;Norte;Choque - Poste;1;0;0;0;0;0;0;0;0;0;0;4;1;0;0
18/10/2020;06:08:14;27;Acidente com VITIMA;58,000;BR-290/RS;Oeste;Capotamento;1;0;0;0;0;0;0;0;0;0;0;2;0;0;0
18/10/2020;07:42:56;42;Acidente sem VITIMA;26,000;BR-290/RS;Oeste;Colisão - Lateral;1;0;0;0;0;0;0;0;0;1;2;0;0;0;0
18/10/2020;08:46:43;53;Acidente com VITIMA;242,000;BR-386/RS;Sul;Colisão - Transversal;2;0;0;0;0;0;0;0;0;0;0;3;2;0;0
18/10/2020;09:43:17;65;Acidente com VITIMA;1,000;BR-290/RS;Leste;Queda de moto;0;0;0;1;0;0;0;0;0;0;0;0;1;0;0
18/10/2020;10:10:55;70;Acidente sem VITIMA;215,000;BR-386/RS;Sul;Saída de pista;0;0;1;0;0;0;0;0;0;0;1;0;0;0;0
18/10/2020;17:31:48;162;Acidente com VITIMA;216,000;BR-386/RS;Norte;Colisão - Traseira;3;0;0;0;0;0;0;0;0;0;5;3;0;0;0
19/10/2020;03:36:00;9;Acidente sem VITIMA;13,000;BR-101/RS;Norte;Colisão - Traseira;2;0;0;0;0;0;0;0;0;0;6;0;0;0;0
19/10/2020;05:47:50;15;Acidente sem VITIMA;44,000;BR-101/RS;Sul;Colisão - Lateral;1;0;1;0;0;0;0;0;0;0;3;0;0;0;0
19/10/2020;08:14:12;51;Acidente sem VITIMA;88,000;BR-290/RS;Oeste;Colisão - Traseira;2;0;0;0;0;0;0;0;0;0;2;0;0;0;0
19/10/2020;08:46:49;64;Acidente sem VITIMA;90,000;BR-290/RS;Oeste;Colisão - Traseira;2;0;0;0;0;0;0;0;0;0;2;0;0;0;0
19/10/2020;10:54:55;116;Acidente sem VITIMA;92,000;BR-290/RS;Leste;Colisão - Lateral;1;0;1;0;0;0;0;0;0;0;5;0;0;0;0
19/10/2020;11:55:19;124;Acidente sem VITIMA;92,000;BR-290/RS;Leste;Colisão - Lateral;1;0;1;0;0;0;0;0;0;0;3;0;0;0;0
19/10/2020;14:32:44;155;Acidente sem VITIMA;305,000;BR-386/RS;Norte;Colisão - Traseira;1;0;0;0;0;0;0;1;0;0;3;0;0;0;0
19/10/2020;16:16:27;184;Acidente sem VITIMA;264,000;BR-386/RS;Norte;Atropelamento de Animal;1;0;0;0;0;0;0;0;0;0;2;0;0;0;0
19/10/2020;18:36:25;217;Acidente sem VITIMA;343,000;BR-386/RS;Norte;Colisão - Frontal;2;0;0;0;0;0;0;0;0;0;2;0;0;0;0
19/10/2020;19:20:40;230;Acidente sem VITIMA;13,000;BR-448/RS;Sul;Choque com objeto sobre a pista;2;0;0;0;0;0;0;0;0;0;2;0;0;0;0
20/10/2020;07:32:49;32;Acidente sem VITIMA;436,000;BR-386/RS;Sul;Colisão - Traseira;1;0;1;0;0;0;0;0;0;0;3;0;0;0;0
20/10/2020;08:13:08;51;Acidente sem VITIMA;93,240;BR-290/RS;Oeste;Colisão - Lateral;2;0;0;0;0;0;0;0;0;0;2;0;0;0;0
20/10/2020;14:24:25;150;Acidente sem VITIMA;339,000;BR-386/RS;Sul;Colisão - Lateral;1;0;0;0;0;0;0;1;0;0;3;0;0;0;0
20/10/2020;15:05:32;155;Acidente com VITIMA;41,000;BR-290/RS;Leste;Capotamento;1;0;0;0;0;0;0;0;0;0;0;1;0;0;0
21/10/2020;00:18:49;4;Acidente com VITIMA FATAL;314,000;BR-386/RS;Norte;Colisão - Frontal;0;0;0;0;0;0;0;1;0;1;0;1;1;0;1
21/10/2020;05:01:27;12;Acidente sem VITIMA;35,000;BR-290/RS;Leste;Saída de pista;0;0;0;0;0;0;0;0;0;1;1;0;0;0;0
21/10/2020;07:41:13;34;Acidente com VITIMA FATAL;20,000;BR-448/RS;Sul;Queda de moto;0;0;0;1;0;0;0;0;0;0;0;0;0;0;1
21/10/2020;09:47:50;81;Acidente com VITIMA;92,000;BR-290/RS;Leste;Colisão - Lateral;1;0;0;0;0;0;0;0;0;1;1;1;1;0;0
21/10/2020;10:24:27;90;Acidente com VITIMA;6,000;BR-101/RS;Norte;Choque Barreira;1;0;0;0;0;0;0;0;0;0;0;1;1;0;0
21/10/2020;14:11:14;135;Acidente sem VITIMA;63,000;BR-101/RS;Norte;Colisão - Traseira;1;0;1;0;0;0;0;0;0;0;1;0;0;0;0
21/10/2020;20:16:15;188;Acidente sem VITIMA;50,000;BR-101/RS;Norte;Saída de pista;1;0;0;0;0;0;0;0;0;0;2;0;0;0;0
21/10/2020;20:28:00;190;Acidente sem VITIMA;3,000;BR-290/RS;Leste;Colisão - Lateral;1;0;0;0;0;0;0;1;0;0;2;0;0;0;0
21/10/2020;21:02:59;193;Acidente sem VITIMA;39,000;BR-290/RS;Oeste;Colisão - Traseira;0;0;2;0;0;0;0;0;0;0;2;0;0;0;0
22/10/2020;07:24:10;19;Acidente sem VITIMA;353,000;BR-386/RS;Sul;Colisão - Lateral;2;0;0;0;0;0;0;0;0;0;4;0;0;0;0
22/10/2020;10:12:15;84;Acidente sem VITIMA;35,000;BR-101/RS;Norte;Choque Praça - Submarino;1;0;0;0;0;0;0;0;0;0;5;0;0;0;0
22/10/2020;16:25:52;156;Acidente sem VITIMA;28,000;BR-101/RS;Sul;Saída de pista;0;0;1;0;0;0;0;0;0;0;1;0;0;0;0
22/10/2020;18:22:26;174;Acidente com VITIMA;44,000;BR-290/RS;Oeste;Saída de pista;1;0;0;0;0;0;0;0;0;0;0;1;0;0;0
22/10/2020;18:26:58;175;Acidente sem VITIMA;435,000;BR-386/RS;Norte;Colisão - Lateral;0;0;1;1;0;0;0;0;0;0;2;0;0;0;0
22/10/2020;19:44:20;188;Acidente sem VITIMA;396,000;BR-386/RS;Sul;Queda de Carga;6;0;0;1;0;0;0;0;0;0;9;0;0;0;0
22/10/2020;21:34:32;205;Acidente com VITIMA;38,000;BR-290/RS;Oeste;Colisão - Traseira;1;0;1;0;0;0;0;0;0;0;1;0;1;1;0
23/10/2020;07:53:30;46;Acidente sem VITIMA;92,000;BR-290/RS;Leste;Colisão - Lateral;2;0;1;0;0;0;0;0;0;0;3;0;0;0;0
23/10/2020;08:37:42;70;Acidente com VITIMA;62,000;BR-101/RS;Sul;Choque - Poste;1;0;0;0;0;0;0;0;0;0;0;1;0;0;0
23/10/2020;08:44:29;74;Acidente sem VITIMA;47,150;BR-290/RS;Oeste;Choque com objeto sobre a pista;1;0;0;0;0;0;0;0;0;0;1;0;0;0;0
24/10/2020;09:18:45;65;Acidente sem VITIMA;89,000;BR-290/RS;Leste;Colisão - Lateral;1;0;0;0;0;0;0;1;0;0;6;0;0;0;0
24/10/2020;10:57:21;87;Acidente sem VITIMA;325,000;BR-386/RS;Norte;Colisão - Traseira;2;0;0;0;0;0;0;0;0;0;2;0;0;0;0
24/10/2020;11:27:35;95;Acidente com VITIMA;85,500;BR-101/RS;Norte;Colisão - Traseira;1;0;0;1;0;0;0;0;0;0;4;0;0;1;0
24/10/2020;11:38:40;99;Acidente sem VITIMA;54,000;BR-290/RS;Leste;Capotamento;1;0;0;0;0;0;0;0;0;0;1;0;0;0;0
24/10/2020;12:20:27;107;Acidente sem VITIMA;75,000;BR-290/RS;Leste;Queda de moto;0;0;0;1;0;0;0;0;0;0;1;0;0;0;0
24/10/2020;13:16:40;122;Acidente sem VITIMA;19,000;BR-290/RS;Oeste;Choque Praça - Submarino;1;0;0;0;0;0;0;0;0;0;1;0;0;0;0
24/10/2020;14:46:28;136;Acidente sem VITIMA;16,000;BR-290/RS;Leste;Colisão - Transversal;1;0;1;0;0;0;0;0;0;0;3;0;0;0;0
24/10/2020;16:58:39;162;Acidente sem VITIMA;19,000;BR-290/RS;Oeste;Colisão - Traseira;2;0;0;0;0;0;0;0;0;0;7;0;0;0;0
24/10/2020;20:33:48;210;Acidente sem VITIMA;36,000;BR-290/RS;Oeste;Atropelamento de Animal;1;0;0;0;0;0;0;0;0;0;2;0;0;0;0
24/10/2020;23:20:53;223;Acidente sem VITIMA;352,000;BR-386/RS;Sul;Choque - Meio Fio;0;0;0;0;0;0;0;1;0;0;1;0;0;0;0
25/10/2020;11:44:34;65;Acidente sem VITIMA;97,000;BR-290/RS;Oeste;Colisão - Traseira;2;0;0;0;0;0;0;0;0;0;2;0;0;0;0
25/10/2020;19:48:49;182;Acidente sem VITIMA;23,000;BR-101/RS;Sul;Colisão - Traseira;2;0;0;0;0;0;0;0;0;0;6;0;0;0;0
25/10/2020;20:26:51;191;Acidente sem VITIMA;407,000;BR-386/RS;Norte;Queda de ribanceira;1;0;0;0;0;0;0;0;0;0;1;0;0;0;0
25/10/2020;20:50:27;196;Acidente sem VITIMA;88,000;BR-290/RS;Oeste;Colisão - Lateral;2;0;0;0;0;0;0;0;0;0;3;0;0;0;0
26/10/2020;00:50:52;5;Acidente com VITIMA;181,000;BR-386/RS;Sul;Choque Barreira;1;0;0;0;0;0;0;0;0;0;0;1;0;0;0
26/10/2020;07:31:00;48;Acidente com VITIMA;303,000;BR-386/RS;Norte;Colisão - Traseira;1;0;0;0;0;0;0;1;0;0;4;1;0;0;0
26/10/2020;09:11:29;98;Acidente sem VITIMA;91,000;BR-290/RS;Leste;Colisão - Lateral;1;0;0;0;0;0;0;0;0;1;1;0;0;0;0
26/10/2020;11:26:03;124;Acidente com VITIMA;337,000;BR-386/RS;Norte;Choque Talude;1;0;0;0;0;0;0;0;0;0;0;0;1;0;0
26/10/2020;12:03:09;132;Acidente sem VITIMA;76,000;BR-290/RS;Leste;Choque Defensa;1;0;0;0;0;0;0;0;0;0;2;0;0;0;0
26/10/2020;13:03:18;138;Acidente sem VITIMA;272,000;BR-386/RS;Norte;Colisão - Traseira;2;0;0;0;0;0;0;0;0;0;3;0;0;0;0
26/10/2020;16:25:59;176;Acidente sem VITIMA;15,000;BR-448/RS;Sul;Choque Barreira;1;0;0;0;0;0;0;0;0;0;1;0;0;0;0
26/10/2020;17:06:48;184;Acidente sem VITIMA;392,000;BR-386/RS;Sul;Queda de ribanceira;1;0;0;0;0;0;0;0;0;0;2;0;0;0;0
26/10/2020;18:03:54;197;Acidente com VITIMA;38,000;BR-290/RS;Leste;Capotamento;1;0;0;0;0;0;0;0;0;0;1;1;0;0;0
26/10/2020;18:05:18;198;Acidente sem VITIMA;310,000;BR-386/RS;Norte;Colisão - Traseira;2;0;0;0;0;0;0;0;0;0;2;0;0;0;0
26/10/2020;18:42:10;203;Acidente sem VITIMA;372,000;BR-386/RS;Sul;Saída de pista;1;0;0;0;0;0;0;0;0;0;1;0;0;0;0
27/10/2020;02:23:40;14;Acidente com VITIMA;272,000;BR-386/RS;Norte;Colisão - Traseira;0;0;0;0;0;0;0;1;0;1;1;1;0;0;0
27/10/2020;06:52:12;28;Acidente sem VITIMA;75,000;BR-290/RS;Leste;Queda de moto;1;0;0;0;0;0;0;0;0;0;1;0;0;0;0
27/10/2020;08:22:17;57;Acidente sem VITIMA;10,000;BR-448/RS;Sul;Saída de pista;0;0;1;0;0;0;0;0;0;1;2;0;0;0;0
27/10/2020;09:37:06;88;Acidente sem VITIMA;94,000;BR-290/RS;Oeste;Choque Barreira;1;0;0;0;0;0;0;0;0;0;1;0;0;0;0
27/10/2020;13:55:42;136;Acidente sem VITIMA;10,000;BR-448/RS;Norte;Colisão - Traseira;1;0;0;0;0;0;0;0;0;1;4;0;0;0;0
27/10/2020;16:19:43;162;Acidente sem VITIMA;1,000;BR-448/RS;Norte;Colisão - Traseira;0;0;0;0;0;0;0;1;0;1;3;0;0;0;0
27/10/2020;20:31:37;194;Acidente com VITIMA;213,000;BR-386/RS;Norte;Capotamento;1;0;0;0;0;0;0;0;0;1;2;4;0;0;0
27/10/2020;20:49:00;195;Acidente sem VITIMA;92,000;BR-290/RS;Leste;Tombamento;1;0;0;0;0;0;0;0;0;0;1;0;0;0;0
28/10/2020;08:32:58;61;Acidente sem VITIMA;43,000;BR-290/RS;Leste;Queda de ribanceira;1;0;0;0;0;0;0;0;0;0;2;0;0;0;0
28/10/2020;12:51:30;127;Acidente sem VITIMA;93,000;BR-290/RS;Oeste;Colisão - Traseira;1;0;0;0;0;0;0;1;0;0;3;0;0;0;0
28/10/2020;13:19:56;132;Acidente sem VITIMA;94,000;BR-290/RS;Oeste;Colisão - Traseira;1;0;0;0;0;0;0;1;0;0;2;0;0;0;0
28/10/2020;14:41:45;147;Acidente sem VITIMA;97,000;BR-290/RS;Ambos;Engavetamento;4;0;0;0;0;0;0;0;0;0;8;0;0;0;0
28/10/2020;17:39:26;193;Acidente sem VITIMA;12,000;BR-101/RS;Sul;Queda de ribanceira;1;0;0;0;0;0;0;0;0;0;1;0;0;0;0
28/10/2020;17:50:28;197;Acidente sem VITIMA;87,000;BR-290/RS;Leste;Engavetamento;3;0;0;0;0;0;0;0;0;0;7;0;0;0;0
28/10/2020;18:23:34;200;Acidente com VITIMA;6,000;BR-101/RS;Sul;Choque Barreira;1;0;0;0;0;0;0;0;0;0;1;0;1;0;0
29/10/2020;06:01:20;14;Acidente sem VITIMA;180,000;BR-386/RS;Norte;Choque Defensa;1;0;0;0;0;0;0;0;0;0;1;0;0;0;0
29/10/2020;06:46:56;18;Acidente com VITIMA;346,000;BR-386/RS;Norte;Colisão - Traseira;0;0;0;1;0;0;0;1;0;0;1;0;1;0;0
29/10/2020;07:54:41;41;Acidente sem VITIMA;325,000;BR-386/RS;Sul;Colisão - Lateral;2;0;0;0;0;0;0;0;0;0;2;0;0;0;0
29/10/2020;09:45:59;82;Acidente sem VITIMA;93,200;BR-290/RS;Leste;Colisão - Lateral;2;0;0;0;0;0;0;0;0;0;8;0;0;0;0
29/10/2020;11:22:51;106;Acidente sem VITIMA;95,000;BR-290/RS;Leste;Queda de moto;0;0;0;1;0;0;0;0;0;0;1;0;0;0;0
29/10/2020;15:03:36;150;Acidente com VITIMA;312,000;BR-386/RS;Sul;Engavetamento;0;0;2;0;0;0;0;0;0;1;2;0;2;0;0
29/10/2020;15:20:52;154;Acidente sem VITIMA;436,000;BR-386/RS;Norte;Colisão - Traseira;1;0;0;0;0;0;0;0;0;1;2;0;0;0;0
29/10/2020;19:08:57;191;Acidente com VITIMA;21,000;BR-101/RS;Norte;Atropelamento - Usuário;0;0;0;1;0;0;0;0;0;0;1;1;0;0;0
30/10/2020;14:06:34;140;Acidente sem VITIMA;22,000;BR-101/RS;Sul;Colisão - Lateral;1;0;0;0;0;0;0;0;0;1;2;0;0;0;0
30/10/2020;17:24:08;186;Acidente com VITIMA;388,000;BR-386/RS;Sul;Colisão - Traseira;1;0;0;1;0;0;0;0;0;0;1;0;0;2;0
30/10/2020;22:50:37;238;Acidente sem VITIMA;33,000;BR-101/RS;Norte;Queda de ribanceira;1;0;0;0;0;0;0;0;0;0;4;0;0;0;0
31/10/2020;04:03:06;23;Acidente sem VITIMA;26,000;BR-290/RS;Oeste;Queda de ribanceira;1;0;0;0;0;0;0;0;0;0;1;0;0;0;0
31/10/2020;10:46:05;115;Acidente sem VITIMA;92,000;BR-290/RS;Leste;Colisão - Traseira;1;0;0;1;0;0;0;0;0;0;3;0;0;0;0
31/10/2020;14:15:56;167;Acidente sem VITIMA;95,000;BR-290/RS;Oeste;Colisão - Traseira;1;0;0;0;0;0;0;0;0;0;2;0;0;0;0
31/10/2020;20:26:03;257;Acidente sem VITIMA;261,000;BR-386/RS;Sul;Saída de pista;1;0;0;0;0;0;0;0;0;0;3;0;0;0;0
31/10/2020;22:09:19;271;Atropelamento;1,000;BR-101/RS;Norte;Atropelamento - Morador/Trabalhador/Estudante;1;0;0;0;0;0;0;0;0;0;4;0;0;1;0
01/11/2020;15:36:17;120;Acidente sem VITIMA;22,000;BR-448/RS;Sul;Choque Barreira;1;0;0;0;0;0;0;0;0;0;3;0;0;0;0
01/11/2020;16:22:45;132;Acidente sem VITIMA;32,000;BR-101/RS;Sul;Colisão - Lateral;1;0;0;0;0;0;0;0;0;1;3;0;0;0;0
01/11/2020;03:24:17;14;Acidente com VITIMA;215,000;BR-386/RS;Norte;Capotamento;1;0;0;0;0;0;0;0;0;0;0;1;0;0;0
01/11/2020;19:09:38;170;Acidente sem VITIMA;19,000;BR-101/RS;Sul;Colisão - Transversal;2;0;0;0;0;0;0;0;0;0;3;0;0;0;0
01/11/2020;21:36:48;196;Acidente com VITIMA;354,000;BR-386/RS;Norte;Capotamento;1;0;0;0;0;0;0;0;0;0;1;0;1;0;0
01/11/2020;09:33:42;50;Acidente com VITIMA;35,000;BR-101/RS;Norte;Colisão - Traseira;0;0;0;2;0;0;0;0;0;0;0;3;0;0;0
01/11/2020;01:08:09;8;Acidente com VITIMA;21,000;BR-101/RS;Sul;Colisão - Traseira;2;0;0;0;0;0;0;0;0;0;4;1;0;0;0
02/11/2020;13:30:04;117;Acidente com VITIMA;63,000;BR-101/RS;Norte;Queda de moto;0;0;0;1;0;0;0;0;0;0;0;0;0;1;0
02/11/2020;15:25:35;152;Acidente sem VITIMA;34,000;BR-101/RS;Sul;Colisão - Traseira;2;0;0;0;0;0;0;0;0;0;6;0;0;0;0
02/11/2020;16:11:02;164;Acidente sem VITIMA;201,000;BR-386/RS;Sul;Colisão - Traseira;2;0;0;0;0;0;0;0;0;0;6;0;0;0;0
02/11/2020;16:20:41;167;Acidente sem VITIMA;97,000;BR-290/RS;Ambos;Colisão - Traseira;2;0;0;0;0;0;0;0;0;0;2;0;0;0;0
02/11/2020;16:24:07;169;Acidente sem VITIMA;17,000;BR-290/RS;Oeste;Colisão - Traseira;2;0;0;0;0;0;0;0;0;0;2;0;0;0;0
02/11/2020;17:07:30;189;Acidente sem VITIMA;33,000;BR-101/RS;Sul;Colisão - Traseira;2;0;0;0;0;0;0;0;0;0;7;0;0;0;0
02/11/2020;17:16:03;191;Acidente sem VITIMA;72,000;BR-101/RS;Sul;Colisão - Traseira;2;0;0;0;0;0;0;0;0;0;6;0;0;0;0
02/11/2020;17:34:02;197;Acidente sem VITIMA;342,000;BR-386/RS;Sul;Engavetamento;3;0;0;0;0;0;0;0;0;0;11;0;0;0;0
02/11/2020;18:59:56;219;Acidente sem VITIMA;19,000;BR-290/RS;Oeste;;1;0;0;0;0;0;0;0;0;0;1;0;0;0;0
02/11/2020;20:23:16;248;Acidente sem VITIMA;20,000;BR-290/RS;Oeste;Colisão - Traseira;2;0;0;0;0;0;0;0;0;0;5;0;0;0;0
02/11/2020;20:24:25;250;Acidente com VITIMA;319,000;BR-386/RS;Sul;Capotamento;1;0;0;0;0;0;0;0;0;0;0;0;0;3;0
02/11/2020;23:54:49;299;Acidente sem VITIMA;55,000;BR-290/RS;Leste;Atropelamento de Animal;1;0;0;0;0;0;0;0;0;0;1;0;0;0;0
02/11/2020;09:41:21;62;Acidente com VITIMA;366,000;BR-386/RS;Norte;Colisão - Traseira;1;0;0;1;0;0;0;0;0;0;2;0;1;0;0
02/11/2020;10:49:27;77;Acidente sem VITIMA;49,000;BR-290/RS;Oeste;Colisão - Transversal;2;0;0;0;0;0;0;0;0;0;4;0;0;0;0
02/11/2020;11:10:28;82;Acidente sem VITIMA;277,000;BR-386/RS;Sul;Engavetamento;3;0;0;1;0;0;0;0;0;0;9;0;0;0;0
02/11/2020;11:16:46;85;Acidente sem VITIMA;81,000;BR-101/RS;Sul;Choque - Poste;1;0;0;0;0;0;0;0;0;0;4;0;0;0;0
02/11/2020;11:22:47;87;Acidente com VITIMA;47,000;BR-290/RS;Oeste;Colisão - Traseira;3;0;0;0;0;0;0;0;0;0;2;1;0;0;0
02/11/2020;11:57:40;92;Acidente sem VITIMA;60,000;BR-290/RS;Leste;;2;0;0;0;0;0;0;0;0;0;2;0;0;0;0
03/11/2020;00:49:14;11;Acidente sem VITIMA;32,000;BR-290/RS;Leste;Outros;1;0;0;0;0;0;0;0;0;0;3;0;0;0;0
03/11/2020;15:59:02;196;Acidente sem VITIMA;64,000;BR-290/RS;Oeste;Queda de ribanceira;1;0;0;0;0;0;0;0;0;0;2;0;0;0;0
03/11/2020;16:04:25;198;Acidente sem VITIMA;289,000;BR-386/RS;Sul;Colisão - Lateral;1;0;0;0;0;0;0;0;0;1;2;0;0;0;0
03/11/2020;16:19:42;202;Acidente sem VITIMA;0,000;BR-448/RS;Norte;Queda de ribanceira;1;0;0;0;0;0;0;0;0;0;1;0;0;0;0
03/11/2020;17:44:38;223;Atropelamento;355,000;BR-386/RS;Norte;Atropelamento - Morador/Trabalhador/Estudante;1;0;0;0;0;1;0;0;0;0;1;1;0;0;0
03/11/2020;18:43:04;236;Acidente sem VITIMA;91,000;BR-290/RS;Leste;Colisão - Lateral;1;0;0;0;0;0;0;0;0;1;2;0;0;0;0
03/11/2020;06:01:59;33;Acidente com VITIMA;14,000;BR-448/RS;Sul;Engavetamento;3;0;0;1;0;0;0;0;0;0;3;0;1;0;0
03/11/2020;06:04:52;34;Acidente com VITIMA;52,000;BR-101/RS;Sul;Queda de ribanceira;0;0;0;0;0;0;0;1;0;0;2;1;0;0;0
04/11/2020;03:12:24;15;Acidente com VITIMA;19,000;BR-290/RS;Leste;Queda de ribanceira;1;0;0;0;0;0;0;0;0;0;2;1;1;0;0
04/11/2020;15:53:17;154;Acidente com VITIMA;435,000;BR-386/RS;Norte;Colisão - Lateral;1;0;0;0;0;0;0;1;0;0;2;1;0;0;0
04/11/2020;15:59:04;156;Acidente com VITIMA;276,000;BR-386/RS;Sul;Colisão - Frontal;2;0;0;0;0;0;0;0;0;0;2;0;2;0;0
04/11/2020;19:46:10;186;Acidente com VITIMA;432,000;BR-386/RS;Sul;Colisão - Traseira;1;0;0;1;0;0;0;0;0;0;1;1;0;0;0
04/11/2020;04:10:50;19;Acidente com VITIMA FATAL;242,000;BR-386/RS;Norte;Colisão - Frontal;1;0;0;0;0;0;0;0;0;1;1;0;1;0;1
04/11/2020;22:04:36;208;Acidente com VITIMA;65,000;BR-290/RS;Oeste;Queda de ribanceira;1;0;0;0;0;0;0;0;0;0;0;2;2;0;0
04/11/2020;07:06:02;29;Acidente com VITIMA;436,000;BR-386/RS;Norte;Saída de pista;0;0;1;0;0;0;0;0;0;0;0;0;1;0;0