data;horario;n_da_ocorrencia;tipo_de_ocorrencia;km;trecho;sentido;tipo_de_acidente;automovel;bicicleta;caminhao;moto;onibus;outros;tracao_animal;transporte_de_cargas_especiais;trator_maquinas;utilitarios;ilesos;levemente_feridos;moderadamente_feridos;gravemente_feridos;mortos
05/11/2020;10:23:56;101;Acidente sem VITIMA;38,000;BR-290/RS;Leste;Queda de ribanceira;1;0;0;0;0;0;0;0;0;0;1;0;0;0;0
05/11/2020;11:08:55;109;Acidente com VITIMA;181,000;BR-386/RS;Norte;Saída de pista;0;0;0;0;0;0;0;1;0;0;0;1;0;0;0
05/11/2020;11:27:31;112;Acidente sem VITIMA;8,000;BR-290/RS;Leste;Saída de pista;1;0;0;0;0;0;0;0;0;0;1;0;0;0;0
05/11/2020;14:14:41;147;Acidente sem VITIMA;289,000;BR-386/RS;Norte;Saída de pista;0;0;0;0;0;0;0;0;0;1;1;0;0;0;0
05/11/2020;15:21:49;161;Acidente sem VITIMA;60,000;BR-290/RS;Oeste;Colisão - Traseira;2;0;0;0;0;0;0;0;0;0;4;0;0;0;0
05/11/2020;17:03:34;182;Acidente sem VITIMA;33,000;BR-101/RS;Norte;Colisão - Lateral;2;0;0;0;0;1;0;0;0;0;7;0;0;0;0
05/11/2020;17:46:23;190;Acidente sem VITIMA;426,000;BR-386/RS;Sul;Colisão - Traseira;1;0;0;0;0;0;0;1;0;0;3;0;0;0;0
05/11/2020;18:03:54;195;Acidente sem VITIMA;87,000;BR-290/RS;Leste;Colisão - Traseira;1;0;0;0;0;1;0;0;0;0;1;0;0;0;0
05/11/2020;21:48:09;227;Acidente sem VITIMA;418,000;BR-386/RS;Sul;Queda de ribanceira;1;0;0;0;0;0;0;0;0;0;1;0;0;0;0
05/11/2020;08:06:34;45;Acidente sem VITIMA;92,000;BR-290/RS;Ambos;Engavetamento;2;0;1;0;0;0;0;0;0;0;3;0;0;0;0
05/11/2020;08:28:50;61;Acidente sem VITIMA;5,000;BR-290/RS;Oeste;Colisão - Lateral;1;0;1;0;0;0;0;0;0;0;3;0;0;0;0
06/11/2020;11:43:24;128;Acidente com VITIMA;330,000;BR-386/RS;Norte;Queda de ribanceira;1;0;0;0;0;1;0;0;0;0;2;1;0;0;0
06/11/2020;06:54:13;14;Acidente sem VITIMA;426,000;BR-386/RS;Norte;Colisão - Traseira;1;0;0;0;0;0;0;0;0;1;2;0;0;0;0
06/11/2020;14:20:27;159;Acidente sem VITIMA;77,380;BR-290/RS;Leste;Choque Praça - Submarino;0;0;0;0;0;0;0;0;0;1;1;0;0;0;0
06/11/2020;18:12:28;217;Acidente com VITIMA;87,000;BR-290/RS;Leste;Queda de moto;1;0;0;1;0;0;0;0;0;0;1;1;0;0;0
06/11/2020;19:44:11;234;Acidente com VITIMA;289,000;BR-386/RS;Sul;Queda de ribanceira;1;0;0;0;0;0;0;0;0;0;4;1;0;0;0
07/11/2020;14:43:35;138;Acidente sem VITIMA;75,000;BR-290/RS;Leste;Choque Defensa;1;0;0;0;0;0;0;0;0;0;1;0;0;0;0
07/11/2020;15:43:43;150;Acidente sem VITIMA;89,000;BR-290/RS;Leste;Queda de moto;0;0;0;1;0;0;0;0;0;0;2;0;0;0;0
07/11/2020;15:50:17;153;Acidente com VITIMA;204,000;BR-386/RS;Sul;Queda de moto;0;0;0;1;0;0;0;0;0;0;0;1;0;0;0
07/11/2020;18:54:41;199;Atropelamento;92,000;BR-290/RS;Leste;Atropelamento - Usuário;1;0;0;0;0;0;0;0;0;0;0;0;0;1;0
07/11/2020;20:28:27;214;Acidente com VITIMA;392,000;BR-386/RS;Sul;Colisão - Lateral;2;0;0;0;0;0;0;0;0;0;2;0;0;1;0
07/11/2020;22:18:02;232;Acidente sem VITIMA;78,000;BR-290/RS;Oeste;Queda de ribanceira;1;0;0;0;0;0;0;0;0;0;1;0;0;0;0
07/11/2020;07:58:02;42;Atropelamento;433,000;BR-386/RS;Sul;Atropelamento - Andarilho;0;0;1;0;0;0;0;0;0;0;1;0;1;0;0
07/11/2020;08:37:04;52;Acidente sem VITIMA;60,000;BR-290/RS;Leste;Colisão - Traseira;2;0;0;0;0;0;0;0;0;0;5;0;0;0;0
07/11/2020;11:03:17;96;Acidente sem VITIMA;344,000;BR-386/RS;Norte;Colisão - Traseira;2;0;0;0;0;0;0;0;0;0;4;0;0;0;0
08/11/2020;18:16:53;157;Acidente sem VITIMA;356,000;BR-386/RS;Norte;Saída de pista;1;0;0;0;0;0;0;0;0;0;1;0;0;0;0
08/11/2020;19:11:44;170;Acidente com VITIMA;75,000;BR-290/RS;Oeste;Choque Defensa;1;0;0;0;0;0;0;0;0;0;2;1;0;0;0
08/11/2020;19:42:14;176;Acidente com VITIMA;190,000;BR-386/RS;Norte;Colisão - Lateral;1;0;0;0;0;0;0;1;0;0;1;1;0;0;0
08/11/2020;20:21:15;183;Acidente com VITIMA;16,000;BR-448/RS;Sul;Queda de moto;0;0;0;1;0;0;0;0;0;0;1;1;0;0;0
08/11/2020;22:46:40;202;Acidente com VITIMA;97,000;BR-290/RS;Oeste;Colisão - Frontal;2;0;0;0;0;0;0;0;0;0;3;1;0;0;0
08/11/2020;09:25:58;61;Acidente com VITIMA;39,000;BR-101/RS;Norte;Queda de moto;1;0;0;0;0;0;0;0;0;0;0;1;0;0;0
09/11/2020;02:41:08;12;Acidente sem VITIMA;33,000;BR-290/RS;Oeste;Saída de pista;0;0;1;0;0;0;0;0;0;0;1;0;0;0;0
09/11/2020;15:55:01;164;Acidente sem VITIMA;94,000;BR-290/RS;Leste;Choque Barreira;1;0;0;0;0;0;0;0;0;0;1;0;0;0;0
09/11/2020;16:24:09;170;Acidente sem VITIMA;92,000;BR-290/RS;Leste;Colisão - Lateral;1;0;0;0;0;1;0;0;0;0;2;0;0;0;0
09/11/2020;19:37:34;204;Acidente com VITIMA;283,270;BR-386/RS;Norte;Atropelamento de Animal;3;0;0;0;0;0;0;0;0;0;4;3;0;0;0
09/11/2020;23:02:45;224;Acidente sem VITIMA;244,000;BR-386/RS;Norte;Choque Talude;0;0;1;0;0;0;0;0;0;0;2;0;0;0;0
09/11/2020;00:38:23;5;Acidente sem VITIMA;366,000;BR-386/RS;Norte;Queda de ribanceira;1;0;0;0;0;0;0;0;0;0;1;0;0;0;0
09/11/2020;08:00:43;59;Acidente com VITIMA;93,000;BR-290/RS;Leste;Colisão - Lateral;1;0;0;1;0;0;0;0;0;0;1;1;0;0;0
10/11/2020;20:48:09;207;Acidente sem VITIMA;341,000;BR-386/RS;Norte;Saída de pista;0;0;1;0;0;0;0;0;0;0;2;0;0;0;0
10/11/2020;07:08:42;28;Acidente com VITIMA;437,000;BR-386/RS;Sul;Choque Talude;0;0;0;1;0;0;0;0;0;0;0;2;0;0;0
11/11/2020;10:51:40;106;Atropelamento Fatal;80,000;BR-290/RS;Oeste;Atropelamento - Morador/Trabalhador/Estudante;0;0;1;0;0;0;0;0;0;0;2;0;0;0;1
11/11/2020;15:07:36;142;Acidente sem VITIMA;92,280;BR-290/RS;Leste;Colisão - Lateral;2;0;0;0;0;0;0;0;0;0;2;0;0;0;0
11/11/2020;15:11:54;143;Acidente sem VITIMA;51,000;BR-101/RS;Sul;Colisão - Traseira;0;0;1;0;0;0;0;1;0;0;2;0;0;0;0
11/11/2020;16:54:23;164;Acidente com VITIMA;254,000;BR-386/RS;Norte;Colisão - Transversal;1;0;0;0;2;0;0;0;0;0;3;3;0;0;0
11/11/2020;16:55:58;165;Acidente com VITIMA;353,000;BR-386/RS;Sul;Choque Defensa;1;0;0;0;0;0;0;0;0;0;0;2;0;0;0
11/11/2020;17:52:11;173;Acidente sem VITIMA;362,000;BR-386/RS;Sul;Outros;0;0;1;0;0;1;0;0;0;0;2;0;0;0;0
11/11/2020;19:21:47;188;Acidente com VITIMA;436,000;BR-386/RS;Norte;Queda de moto;0;0;0;1;0;0;0;0;0;0;0;0;1;0;0
11/11/2020;00:57:48;6;Acidente sem VITIMA;230,000;BR-386/RS;Sul;Queda de ribanceira;1;0;0;0;0;0;0;0;0;0;3;0;0;0;0
12/11/2020;11:16:14;102;Acidente sem VITIMA;352,000;BR-386/RS;Norte;Choque Defensa;1;0;0;0;0;0;0;0;0;0;1;0;0;0;0
12/11/2020;19:29:55;176;Acidente sem VITIMA;1,000;BR-448/RS;Sul;Choque Defensa;1;0;0;0;0;0;0;0;0;0;1;0;0;0;0
12/11/2020;21:34:11;193;Acidente sem VITIMA;412,000;BR-386/RS;Norte;Colisão - Lateral;2;0;0;0;0;0;0;0;0;0;2;0;0;0;0
12/11/2020;07:41:31;26;Acidente com VITIMA;92,000;BR-290/RS;Oeste;Colisão - Traseira;1;0;0;1;0;0;0;0;0;0;3;0;1;0;0
12/11/2020;03:15:45;7;Acidente sem VITIMA;38,000;BR-101/RS;Sul;Queda de ribanceira;0;0;1;0;0;0;0;0;0;0;2;0;0;0;0
12/11/2020;10:00:15;85;Acidente sem VITIMA;75,000;BR-290/RS;Leste;Choque Defensa;1;0;0;0;0;0;0;0;0;0;3;0;0;0;0
13/11/2020;16:47:26;218;Acidente sem VITIMA;429,000;BR-386/RS;Norte;Saída de pista;0;0;0;0;0;0;0;0;0;1;1;0;0;0;0
13/11/2020;17:59:50;238;Acidente com VITIMA;415,000;BR-386/RS;Norte;Colisão - Frontal;2;0;0;0;0;0;0;0;0;0;2;1;0;0;0
13/11/2020;18:06:32;241;Acidente sem VITIMA;38,000;BR-290/RS;Leste;Capotamento;1;0;0;0;0;0;0;0;0;0;3;0;0;0;0
13/11/2020;20:19:52;267;Acidente sem VITIMA;257,000;BR-386/RS;Sul;Atropelamento de Animal;0;0;0;0;0;0;0;1;0;0;1;0;0;0;0
13/11/2020;08:00:17;57;Acidente sem VITIMA;20,000;BR-448/RS;Sul;Engavetamento;3;0;0;0;0;0;0;0;0;0;3;0;0;0;0
13/11/2020;08:21:05;73;Acidente sem VITIMA;91,000;BR-290/RS;Oeste;Choque Barreira;1;0;0;0;0;0;0;0;0;0;1;0;0;0;0
14/11/2020;14:09:41;137;Acidente com VITIMA;14,000;BR-290/RS;Leste;Queda de moto;1;0;0;0;0;0;0;0;0;0;0;1;0;0;0
14/11/2020;15:01:25;144;Acidente sem VITIMA;70,000;BR-101/RS;Norte;Colisão - Lateral;1;0;1;0;0;0;0;0;0;0;4;0;0;0;0
14/11/2020;15:18:29;151;Acidente com VITIMA;68,000;BR-290/RS;Leste;Queda de moto;0;0;0;1;0;0;0;0;0;0;0;2;0;0;0
14/11/2020;16:56:34;182;Acidente com VITIMA;26,000;BR-101/RS;Ambos;Capotamento;1;0;0;0;0;0;0;0;0;0;2;0;1;0;0
14/11/2020;17:09:44;188;Acidente sem VITIMA;92,000;BR-290/RS;Oeste;Colisão - Lateral;2;0;0;0;0;0;0;0;0;0;2;0;0;0;0
14/11/2020;08:42:10;62;Acidente com VITIMA;296,000;BR-386/RS;Sul;Tombamento;0;0;0;0;0;0;0;1;0;0;0;1;0;0;0
14/11/2020;09:48:48;73;Acidente sem VITIMA;75,000;BR-290/RS;Leste;Queda de ribanceira;1;0;0;0;0;0;0;0;0;0;2;0;0;0;0
14/11/2020;10:04:35;76;Acidente sem VITIMA;5,000;BR-290/RS;Oeste;Queda de ribanceira;1;0;0;0;0;0;0;0;0;0;2;0;0;0;0
14/11/2020;11:58:44;99;Acidente sem VITIMA;291,000;BR-386/RS;Norte;Colisão - Transversal;1;0;1;0;0;0;0;0;0;0;2;0;0;0;0
15/11/2020;04:04:33;16;Acidente sem VITIMA;38,000;BR-101/RS;Norte;Tombamento;0;0;0;0;0;0;0;1;0;0;1;0;0;0;0
15/11/2020;19:19:43;173;Acidente com VITIMA;10,000;BR-448/RS;Norte;Colisão - Traseira;1;0;0;1;0;0;0;0;0;0;2;0;1;0;0
15/11/2020;21:09:16;190;Acidente com VITIMA;13,000;BR-101/RS;Sul;Colisão - Lateral;1;0;0;1;0;0;0;0;0;0;0;1;1;0;0
15/11/2020;09:41:59;46;Acidente sem VITIMA;303,000;BR-386/RS;Norte;Saída de pista;1;0;0;0;0;0;0;0;0;0;3;0;0;0;0
15/11/2020;11:02:51;63;Acidente sem VITIMA;60,000;BR-290/RS;Leste;Colisão - Traseira;2;0;0;0;0;0;0;0;0;0;5;0;0;0;0
16/11/2020;12:00:43;124;Acidente sem VITIMA;76,000;BR-101/RS;Sul;Queda de ribanceira;1;0;0;0;0;0;0;0;0;0;1;0;0;0;0
16/11/2020;12:06:23;126;Acidente com VITIMA;50,000;BR-290/RS;Leste;Colisão - Lateral;2;0;0;0;0;0;0;0;0;0;4;1;0;0;0
16/11/2020;01:20:22;13;Acidente com VITIMA;393,000;BR-386/RS;Sul;Saída de pista;1;0;0;0;0;0;0;0;0;0;0;1;0;0;0
16/11/2020;13:16:10;134;Acidente sem VITIMA;306,000;BR-386/RS;Norte;Queda de ribanceira;1;0;0;0;0;0;0;0;0;0;1;0;0;0;0
16/11/2020;14:14:30;148;Acidente sem VITIMA;35,000;BR-101/RS;Norte;Colisão - Lateral;1;0;1;0;0;0;0;0;0;0;5;0;0;0;0
16/11/2020;14:18:01;149;Acidente sem VITIMA;16,000;BR-290/RS;Leste;Colisão - Lateral;1;0;1;0;0;0;0;0;0;0;4;0;0;0;0
16/11/2020;14:45:32;154;Acidente sem VITIMA;13,000;BR-290/RS;Oeste;Saída de pista;1;0;0;0;0;0;0;0;0;0;1;0;0;0;0
16/11/2020;15:04:25;157;Acidente com VITIMA;13,000;BR-290/RS;Leste;Queda de ribanceira;1;0;0;0;0;0;0;0;0;0;4;1;0;0;0
16/11/2020;15:17:04;162;Acidente sem VITIMA;16,000;BR-290/RS;Oeste;Queda de ribanceira;1;0;0;0;0;0;0;0;0;0;2;0;0;0;0
16/11/2020;20:12:27;218;Acidente sem VITIMA;26,000;BR-290/RS;Oeste;Atropelamento de Animal;1;0;0;0;0;0;0;0;0;0;3;0;0;0;0
16/11/2020;04:40:26;25;Acidente sem VITIMA;318,000;BR-386/RS;Sul;Choque Talude;1;0;0;0;0;0;0;0;0;0;1;0;0;0;0
16/11/2020;05:59:47;31;Acidente com VITIMA;86,000;BR-290/RS;Oeste;Queda de moto;0;0;0;1;0;0;0;0;0;0;0;1;0;0;0
16/11/2020;06:54:26;37;Acidente sem VITIMA;77,000;BR-290/RS;Leste;Choque Barreira;1;0;0;0;0;0;0;0;0;0;3;0;0;0;0
17/11/2020;16:44:24;186;Acidente sem VITIMA;48,000;BR-290/RS;Oeste;Capotamento;1;0;0;0;0;0;0;0;0;0;1;0;0;0;0
17/11/2020;06:18:42;21;Acidente sem VITIMA;86,000;BR-290/RS;Oeste;Colisão - Lateral;2;0;0;0;0;0;0;0;0;0;2;0;0;0;0
17/11/2020;22:41:56;241;Acidente com VITIMA;94,000;BR-290/RS;Oeste;Choque Barreira;1;0;0;0;0;0;0;0;0;0;0;1;0;0;0
17/11/2020;02:06:56;5;Acidente com VITIMA;49,000;BR-101/RS;Norte;Saída de pista;0;0;1;0;0;0;0;0;0;0;1;1;0;0;0
18/11/2020;01:58:19;12;Acidente sem VITIMA;412,000;BR-386/RS;Sul;Atropelamento de Animal;1;0;0;0;0;0;0;0;0;0;1;0;0;0;0
18/11/2020;15:05:58;167;Acidente com VITIMA;350,000;BR-386/RS;Sul;Saída de pista;0;0;0;1;0;0;0;0;0;0;0;1;0;0;0
18/11/2020;17:51:11;193;Acidente com VITIMA;33,000;BR-101/RS;Norte;Queda de moto;0;0;0;1;0;0;0;0;0;0;0;2;0;0;0
18/11/2020;17:57:13;194;Acidente sem VITIMA;446,000;BR-386/RS;Sul;Tombamento;1;0;0;0;0;0;0;0;0;0;1;0;0;0;0
18/11/2020;19:00:31;203;Acidente sem VITIMA;92,000;BR-290/RS;Leste;Colisão - Lateral;1;0;0;0;0;0;0;1;0;0;6;0;0;0;0
18/11/2020;19:42:57;205;Acidente com VITIMA;445,000;BR-386/RS;Norte;Colisão - Traseira;2;0;0;1;0;0;0;0;0;0;2;0;1;0;0
18/11/2020;20:50:16;210;Acidente sem VITIMA;379,000;BR-386/RS;Norte;Choque - Meio Fio;1;0;0;0;0;0;0;0;0;0;3;0;0;0;0
18/11/2020;09:06:32;89;Acidente com VITIMA;241,000;BR-386/RS;Norte;Choque com objeto sobre a pista;1;0;0;1;0;0;0;0;0;0;6;0;1;0;0
19/11/2020;01:04:09;10;Acidente com VITIMA;330,000;BR-386/RS;Sul;Queda de ribanceira;0;0;1;0;0;0;0;0;0;0;0;1;0;0;0
19/11/2020;01:38:48;12;Acidente sem VITIMA;32,000;BR-290/RS;Leste;Queda de ribanceira;1;0;0;0;0;0;0;0;0;0;1;0;0;0;0
19/11/2020;10:45:44;120;Acidente sem VITIMA;35,000;BR-101/RS;Norte;Colisão - Traseira;2;0;0;0;0;0;0;0;0;0;2;0;0;0;0
19/11/2020;02:02:15;13;Acidente sem VITIMA;18,000;BR-290/RS;Oeste;Saída de pista;0;0;1;0;0;0;0;0;0;0;1;0;0;0;0
19/11/2020;13:46:39;156;Acidente sem VITIMA;2,000;BR-290/RS;Oeste;Saída de pista;1;0;0;0;0;0;0;0;0;0;2;0;0;0;0
19/11/2020;03:27:11;17;Acidente com VITIMA FATAL;363,000;BR-386/RS;Sul;Capotamento;1;0;0;0;0;0;0;0;0;0;0;0;0;0;1
19/11/2020;14:59:56;171;Acidente sem VITIMA;90,000;BR-290/RS;Leste;Engavetamento;3;0;0;0;0;0;0;0;0;0;9;0;0;0;0
19/11/2020;19:44:41;230;Acidente sem VITIMA;267,000;BR-386/RS;Sul;Saída de pista;1;0;0;0;0;0;0;0;0;0;1;0;0;0;0
19/11/2020;22:46:01;254;Acidente sem VITIMA;8,430;BR-448/RS;Norte;Colisão - Traseira;2;0;0;0;0;0;0;0;0;0;5;0;0;0;0
19/11/2020;07:44:26;57;Acidente com VITIMA;292,000;BR-386/RS;Sul;Saída de pista;1;0;0;0;0;0;0;0;0;0;3;1;0;0;0
19/11/2020;07:59:58;65;Acidente com VITIMA;353,000;BR-386/RS;Norte;Capotamento;1;0;0;0;0;0;0;0;0;0;0;1;0;0;0
19/11/2020;08:52:54;86;Acidente sem VITIMA;97,000;BR-290/RS;Oeste;Colisão - Traseira;2;0;0;0;0;0;0;0;0;0;1;0;0;0;0
19/11/2020;08:54:43;87;Acidente sem VITIMA;346,000;BR-386/RS;Sul;Colisão - Lateral;1;0;0;0;0;0;0;1;0;0;2;0;0;0;0
20/11/2020;06:39:43;279;Acidente sem VITIMA;417,000;BR-386/RS;Sul;;1;0;0;0;0;0;0;0;0;1;2;0;0;0;0
20/11/2020;07:22:38;295;Acidente sem VITIMA;24,000;BR-101/RS;Norte;Colisão - Traseira;1;0;0;0;0;1;0;0;0;0;4;0;0;0;0
20/11/2020;07:41:32;310;Acidente com VITIMA;90,000;BR-290/RS;Oeste;Colisão - Traseira;1;0;0;1;0;0;0;0;0;0;2;0;1;0;0
20/11/2020;07:46:41;312;Acidente sem VITIMA;88,000;BR-290/RS;Oeste;Colisão - Lateral;1;0;0;1;0;0;0;0;0;0;6;0;0;0;0
20/11/2020;08:12:45;324;Acidente com VITIMA;400,000;BR-386/RS;Norte;Colisão - Frontal;1;0;0;0;0;0;0;1;0;0;1;1;0;1;0
20/11/2020;14:29:42;427;Acidente sem VITIMA;55,000;BR-290/RS;Leste;Choque com objeto sobre a pista;1;0;0;0;0;0;0;0;0;0;3;0;0;0;0
20/11/2020;15:10:44;439;Acidente sem VITIMA;19,000;BR-290/RS;Leste;Colisão - Traseira;1;0;0;0;0;0;0;1;0;0;3;0;0;0;0
20/11/2020;15:31:39;445;Acidente sem VITIMA;83,000;BR-290/RS;Leste;Colisão - Lateral;1;0;1;0;0;0;0;0;0;0;3;0;0;0;0
20/11/2020;15:37:11;447;Acidente sem VITIMA;10,000;BR-448/RS;Norte;Colisão - Traseira;2;0;0;0;0;0;0;0;0;0;3;0;0;0;0
20/11/2020;16:39:47;463;Acidente sem VITIMA;95,000;BR-290/RS;Oeste;Engavetamento;2;0;1;0;0;0;0;0;0;0;4;0;0;0;0
21/11/2020;10:37:17;109;Acidente com VITIMA;346,000;BR-386/RS;Norte;Queda de moto;0;0;0;1;0;0;0;0;0;0;1;1;0;0;0
21/11/2020;10:45:32;111;Acidente sem VITIMA;97,000;BR-290/RS;Ambos;Colisão - Traseira;2;0;0;0;0;0;0;0;0;0;4;0;0;0;0
21/11/2020;11:48:45;127;Acidente sem VITIMA;91,000;BR-290/RS;Leste;Choque Barreira;2;0;0;0;0;0;0;0;0;0;2;0;0;0;0
21/11/2020;03:08:13;18;Acidente com VITIMA;410,000;BR-386/RS;Sul;Saída de pista;0;0;1;0;0;0;0;0;0;0;0;0;0;1;0
21/11/2020;19:52:07;208;Acidente sem VITIMA;6,000;BR-448/RS;Norte;Saída de pista;1;0;0;0;0;0;0;0;0;0;1;0;0;0;0
21/11/2020;21:00:07;216;Acidente com VITIMA;304,000;BR-386/RS;Norte;Queda de ribanceira;0;0;1;0;0;0;0;0;0;0;1;1;0;0;0
21/11/2020;05:15:40;25;Acidente com VITIMA;86,000;BR-290/RS;Leste;Queda de moto;0;0;0;1;0;0;0;0;0;0;0;1;1;0;0
21/11/2020;06:28:09;31;Acidente sem VITIMA;77,400;BR-290/RS;Leste;Choque Praça - Submarino;1;0;0;0;0;0;0;0;0;0;1;0;0;0;0
21/11/2020;08:21:14;71;Acidente sem VITIMA;344,000;BR-386/RS;Norte;Queda de ribanceira;1;0;0;0;0;0;0;0;0;0;1;0;0;0;0
21/11/2020;09:21:55;85;Acidente com VITIMA;62,000;BR-290/RS;Leste;Colisão - Lateral;2;0;0;0;0;0;0;0;0;0;3;6;0;0;0
21/11/2020;10:04:55;98;Acidente com VITIMA;343,000;BR-386/RS;Norte;Capotamento;1;0;0;0;0;0;0;0;0;0;0;0;1;0;0
22/11/2020;16:07:30;141;Acidente sem VITIMA;362,000;BR-386/RS;Norte;Colisão - Lateral;0;0;0;1;0;0;0;1;0;0;3;0;0;0;0
22/11/2020;16:52:50;153;Acidente sem VITIMA;81,000;BR-101/RS;Sul;Colisão - Traseira;6;0;0;0;0;0;0;0;0;0;12;0;0;0;0
22/11/2020;01:51:32;18;Acidente sem VITIMA;37,000;BR-101/RS;Sul;Saída de pista;0;0;0;0;0;0;0;1;0;0;1;0;0;0;0
22/11/2020;20:40:40;208;Acidente sem VITIMA;22,000;BR-290/RS;Oeste;Colisão - Traseira;3;0;0;0;0;0;0;0;0;0;7;0;0;0;0
22/11/2020;03:20:21;22;Acidente sem VITIMA;35,000;BR-290/RS;Leste;Atropelamento de Animal;1;0;0;0;0;0;0;0;0;0;3;0;0;0;0
22/11/2020;23:12:15;228;Acidente com VITIMA;292,000;BR-386/RS;Sul;Queda de ribanceira;0;0;1;0;0;0;0;0;0;0;0;1;0;0;0
23/11/2020;12:32:12;136;Acidente sem VITIMA;306,000;BR-386/RS;Sul;Colisão - Traseira;1;0;1;0;0;0;0;0;0;0;4;0;0;0;0
23/11/2020;14:54:05;157;Acidente sem VITIMA;92,000;BR-290/RS;Leste;Queda de moto;0;0;0;1;0;0;0;0;0;0;2;0;0;0;0
23/11/2020;06:07:24;26;Acidente sem VITIMA;77,000;BR-290/RS;Leste;Choque Praça - Submarino;1;0;0;0;0;0;0;0;0;0;4;0;0;0;0
23/11/2020;06:31:53;29;Acidente sem VITIMA;95,000;BR-290/RS;Oeste;Colisão - Traseira;1;0;1;0;0;0;0;0;0;0;2;0;0;0;0
24/11/2020;21:54:00;237;Acidente sem VITIMA;91,000;BR-290/RS;Leste;Colisão - Traseira;2;0;0;0;0;0;0;0;0;0;2;0;0;0;0
24/11/2020;09:43:00;84;Acidente sem VITIMA;398,000;BR-386/RS;Norte;Queda de ribanceira;1;0;0;0;0;0;0;0;0;0;1;0;0;0;0
24/11/2020;09:52:00;85;Acidente sem VITIMA;417,000;BR-386/RS;Sul;;0;0;1;0;0;0;0;0;0;0;1;0;0;0;0
25/11/2020;10:52:49;134;Acidente com VITIMA FATAL;10,000;BR-290/RS;Leste;Colisão - Frontal;1;0;1;0;0;0;0;0;0;0;0;0;0;0;3
25/11/2020;11:05:00;137;Acidente sem VITIMA;346,000;BR-386/RS;Ambos;Outros;0;0;1;0;0;0;0;0;0;0;1;0;0;0;0
25/11/2020;16:12:00;237;Acidente sem VITIMA;15,000;BR-290/RS;Leste;Colisão - Traseira;3;0;0;0;0;0;0;0;0;0;6;0;0;0;0
25/11/2020;20:23:22;305;Acidente sem VITIMA;44,000;BR-290/RS;Oeste;Colisão - Traseira;2;0;0;0;0;0;0;0;0;0;4;0;0;0;0
25/11/2020;22:43:00;323;Acidente sem VITIMA;25,100;BR-101/RS;Sul;Queda de ribanceira;0;0;1;0;0;0;0;0;0;0;1;0;0;0;0
25/11/2020;23:45:39;328;Acidente sem VITIMA;38,000;BR-290/RS;Leste;Capotamento;1;0;0;0;0;0;0;0;0;0;1;0;0;0;0
25/11/2020;23:56:54;329;Acidente sem VITIMA;77,000;BR-290/RS;Leste;Choque Defensa;1;0;0;0;0;0;0;0;0;0;2;0;0;0;0
26/11/2020;14:58:00;167;Acidente sem VITIMA;11,000;BR-448/RS;Sul;Choque com objeto sobre a pista;1;0;0;0;0;0;0;0;0;0;2;0;0;0;0
26/11/2020;17:16:00;193;Acidente sem VITIMA;21,000;BR-448/RS;Sul;Choque Barreira;1;0;1;0;0;0;0;0;0;0;1;0;0;0;0
26/11/2020;17:49:00;200;Acidente com VITIMA;77,000;BR-290/RS;Leste;Colisão - Lateral;1;0;0;1;0;0;0;0;0;0;1;0;1;0;0
26/11/2020;18:00:00;205;Acidente sem VITIMA;366,000;BR-386/RS;Norte;Saída de pista;1;0;0;0;0;0;0;0;0;0;1;0;0;0;0
26/11/2020;08:27:00;51;Acidente sem VITIMA;96,000;BR-290/RS;Oeste;Colisão - Lateral;1;0;1;0;0;0;0;0;0;0;2;0;0;0;0
26/11/2020;01:01:25;9;Acidente sem VITIMA;383,000;BR-386/RS;Sul;Saída de pista;1;0;0;0;0;0;0;0;0;0;1;0;0;0;0
27/11/2020;18:24:00;177;Acidente sem VITIMA;412,000;BR-386/RS;Ambos;Colisão - Traseira;1;0;0;0;0;0;0;0;0;1;2;0;0;0;0
27/11/2020;06:06:12;19;Acidente com VITIMA;76,000;BR-101/RS;Sul;Colisão - Frontal;2;0;0;0;0;0;0;0;0;0;1;2;0;0;0
27/11/2020;21:00:00;207;Acidente sem VITIMA;345,000;BR-386/RS;Sul;Colisão - Transversal;1;0;1;0;0;0;0;0;0;0;2;0;0;0;0
27/11/2020;06:26:18;22;Acidente com VITIMA;4,000;BR-101/RS;Norte;;1;0;0;0;0;0;0;0;0;0;0;1;0;0;0
27/11/2020;07:53:00;48;Acidente sem VITIMA;19,000;BR-290/RS;Leste;Colisão - Traseira;2;0;0;0;0;0;0;0;0;0;5;0;0;0;0