data;horario;n_da_ocorrencia;tipo_de_ocorrencia;km;trecho;sentido;tipo_de_acidente;automovel;bicicleta;caminhao;moto;onibus;outros;tracao_animal;transporte_de_cargas_especiais;trator_maquinas;utilitarios;ilesos;levemente_feridos;moderadamente_feridos;gravemente_feridos;mortos
27/11/2020;10:01:00;83;Acidente sem VITIMA;62,000;BR-101/RS;Sul;Saída de pista;1;0;0;0;0;0;0;0;0;0;1;0;0;0;0
28/11/2020;01:32:44;10;Acidente sem VITIMA;35,000;BR-290/RS;Leste;Queda de ribanceira;0;0;1;0;0;0;0;0;0;0;2;0;0;0;0
28/11/2020;13:07:00;136;Acidente sem VITIMA;306,000;BR-386/RS;Norte;Saída de pista;1;0;0;0;0;0;0;0;0;0;2;0;0;0;0
28/11/2020;13:44:17;143;Acidente sem VITIMA;291,000;BR-386/RS;Norte;Saída de pista;0;0;1;0;0;0;0;0;0;0;1;0;0;0;0
28/11/2020;14:23:00;150;Acidente sem VITIMA;19,000;BR-290/RS;Leste;Colisão - Traseira;2;0;0;0;0;0;0;0;0;0;3;0;0;0;0
28/11/2020;15:41:00;166;Acidente sem VITIMA;304,000;BR-386/RS;Norte;Saída de pista;0;0;0;0;0;0;0;0;0;1;3;0;0;0;0
28/11/2020;03:36:00;17;Acidente sem VITIMA;39,000;BR-290/RS;Leste;Saída de pista;0;0;1;0;0;0;0;0;0;0;3;0;0;0;0
28/11/2020;16:51:00;183;Acidente sem VITIMA;46,000;BR-101/RS;Sul;Choque Barreira;1;0;0;0;0;0;0;0;0;0;2;0;0;0;0
28/11/2020;17:12:19;190;Acidente sem VITIMA;9,000;BR-101/RS;Norte;Saída de pista;1;0;0;0;0;0;0;0;0;0;1;0;0;0;0
28/11/2020;17:21:59;192;Acidente com VITIMA;259,000;BR-386/RS;Sul;Tombamento;0;0;0;0;0;0;0;1;0;0;0;0;0;1;0
28/11/2020;22:31:53;237;Acidente sem VITIMA;87,000;BR-290/RS;Leste;Saída de pista;1;0;0;0;0;0;0;0;0;0;1;0;0;0;0
28/11/2020;01:02:11;8;Acidente sem VITIMA;399,000;BR-386/RS;Sul;Queda de ribanceira;1;0;0;0;0;0;0;0;0;0;4;0;0;0;0
29/11/2020;03:27:48;20;Acidente sem VITIMA;5,000;BR-290/RS;Oeste;Saída de pista;1;0;0;0;0;0;0;0;0;0;3;0;0;0;0
29/11/2020;05:30:14;24;Acidente sem VITIMA;92,000;BR-290/RS;Leste;Queda de moto;0;0;0;1;0;0;0;0;0;0;2;0;0;0;0
30/11/2020;13:22:00;149;Acidente sem VITIMA;16,000;BR-101/RS;Norte;Queda de ribanceira;0;0;1;0;0;0;0;0;0;0;2;0;0;0;0
30/11/2020;17:49:00;204;Acidente com VITIMA;7,000;BR-101/RS;Norte;Colisão - Traseira;2;0;0;0;0;0;0;0;0;0;3;1;0;0;0
30/11/2020;20:56:57;236;Acidente com VITIMA;48,000;BR-290/RS;Oeste;Colisão - Lateral;1;0;1;0;0;0;0;0;0;0;1;1;0;0;0
30/11/2020;22:35:07;242;Acidente com VITIMA;25,000;BR-290/RS;Leste;Tombamento;0;0;1;0;0;0;0;0;0;0;0;0;2;0;0
01/12/2020;16:30:00;196;Acidente com VITIMA;347,000;BR-386/RS;Norte;Colisão - Traseira;0;0;1;1;0;0;0;0;0;0;1;1;0;0;0
02/12/2020;17:51:00;519;Acidente sem VITIMA;328,000;BR-386/RS;Norte;Colisão - Lateral;1;0;1;0;0;0;0;0;0;0;2;0;0;0;0
04/12/2020;23:09:13;324;Acidente sem VITIMA;412,000;BR-386/RS;Norte;Queda de ribanceira;1;0;0;0;0;0;0;0;0;0;1;0;0;0;0
07/12/2020;13:27:00;161;Acidente com VITIMA;74,000;BR-101/RS;Norte;Choque - Arvore;1;0;0;0;0;0;0;0;0;0;0;1;0;0;0
09/12/2020;09:37:54;98;Acidente com VITIMA;22,000;BR-448/RS;Sul;Choque Barreira;0;0;0;1;0;0;0;0;0;0;0;0;1;0;0
09/12/2020;18:30:00;210;Acidente com VITIMA;345,000;BR-386/RS;Sul;Colisão - Traseira;1;0;1;1;0;0;0;0;0;0;2;0;0;1;0
11/12/2020;07:05:19;28;Acidente com VITIMA;343,000;BR-386/RS;Sul;Colisão - Transversal;2;0;0;0;0;0;0;0;0;0;1;0;1;0;0
11/12/2020;16:52:00;264;Acidente sem VITIMA;74,000;BR-290/RS;Oeste;Colisão - Traseira;2;0;0;0;0;0;0;0;0;0;3;0;0;0;0
11/12/2020;18:13:00;294;Acidente sem VITIMA;372,000;BR-386/RS;Sul;Queda de ribanceira;1;0;0;0;0;0;0;0;0;0;1;0;0;0;0
12/12/2020;01:14:21;14;Acidente sem VITIMA;394,000;BR-386/RS;Sul;Queda de ribanceira;1;0;0;0;0;0;0;0;0;0;1;0;0;0;0
12/12/2020;12:04:00;136;Acidente sem VITIMA;22,000;BR-448/RS;Norte;Choque Barreira;1;0;0;0;0;0;0;0;0;0;3;0;0;0;0
06/12/2020;07:13:00;27;Acidente sem VITIMA;92,000;BR-290/RS;Oeste;Choque Defensa;1;0;0;0;0;0;0;0;0;0;1;0;0;0;0
07/12/2020;10:37:00;119;Acidente com VITIMA;342,000;BR-386/RS;Sul;Colisão - Lateral;2;0;0;0;0;0;0;0;0;0;1;1;0;0;0
08/12/2020;18:30:00;257;Acidente sem VITIMA;91,000;BR-290/RS;Leste;Queda de moto;0;0;0;1;0;0;0;0;0;0;1;0;0;0;0
10/12/2020;11:54:00;159;Acidente com VITIMA;348,000;BR-386/RS;Norte;Colisão - Lateral;1;0;0;1;0;0;0;0;0;0;1;1;0;0;0
10/12/2020;16:57:45;253;Acidente sem VITIMA;89,000;BR-290/RS;Oeste;Colisão - Lateral;1;0;1;0;0;0;0;0;0;0;2;0;0;0;0
10/12/2020;19:12:00;286;Acidente sem VITIMA;227,000;BR-386/RS;Sul;Colisão - Lateral;2;0;0;0;0;0;0;0;0;0;2;0;0;0;0
12/12/2020;16:31:00;205;Acidente sem VITIMA;288,000;BR-386/RS;Norte;Capotamento;1;0;0;0;0;0;0;0;0;0;1;0;0;0;0
15/12/2020;10:11:25;120;Acidente sem VITIMA;96,000;BR-290/RS;Oeste;Colisão - Traseira;1;0;0;0;0;0;0;0;0;1;2;0;0;0;0
15/12/2020;13:22:31;165;Acidente sem VITIMA;190,000;BR-386/RS;Norte;Colisão - Traseira;2;0;0;0;0;0;0;0;0;0;3;0;0;0;0
17/12/2020;04:28:00;16;Acidente sem VITIMA;15,000;BR-290/RS;Oeste;Saída de pista;0;0;1;0;0;0;0;0;0;0;1;0;0;0;0
18/12/2020;10:12:00;144;Atropelamento;24,000;BR-101/RS;Sul;Queda de ribanceira;1;0;0;0;0;0;0;0;0;0;1;1;0;0;0
18/12/2020;13:48:00;224;Acidente sem VITIMA;97,000;BR-290/RS;Oeste;Colisão - Traseira;2;0;0;0;0;0;0;0;0;0;2;0;0;0;0
01/12/2020;09:54:00;112;Acidente com VITIMA;57,000;BR-290/RS;Leste;Capotamento;1;0;0;0;0;0;0;0;0;0;2;1;1;0;0
02/12/2020;22:39:08;585;Acidente com VITIMA;76,000;BR-290/RS;Oeste;Queda de moto;0;0;0;1;0;0;0;0;0;0;0;0;1;0;0
04/12/2020;02:22:00;12;Acidente sem VITIMA;346,000;BR-386/RS;Norte;Saída de pista;1;0;0;0;0;0;0;0;0;0;1;0;0;0;0
04/12/2020;07:57:00;64;Acidente sem VITIMA;93,000;BR-290/RS;Oeste;Engavetamento;3;0;0;0;0;0;0;0;0;0;3;0;0;0;0
05/12/2020;09:58:00;96;Acidente sem VITIMA;45,000;BR-101/RS;Norte;Capotamento;1;0;0;0;0;0;0;0;0;0;4;0;0;0;0
07/12/2020;20:48:26;251;Acidente com VITIMA;345,000;BR-386/RS;Sul;Queda de moto;0;0;0;1;0;0;0;0;0;0;0;2;0;0;0
08/12/2020;23:19:46;304;Acidente sem VITIMA;32,000;BR-290/RS;Leste;Atropelamento de Animal;1;0;0;0;0;0;0;0;0;0;3;0;0;0;0
10/12/2020;08:26:29;70;Atropelamento;75,000;BR-290/RS;Leste;Atropelamento - Morador/Trabalhador/Estudante;1;0;0;0;0;0;0;0;0;0;2;0;0;1;0
11/12/2020;07:52:28;59;Acidente sem VITIMA;215,000;BR-386/RS;Sul;Colisão - Traseira;1;0;1;0;0;0;0;0;0;0;2;0;0;0;0
11/12/2020;08:00:00;69;Acidente sem VITIMA;445,000;BR-386/RS;Norte;Engavetamento;3;0;0;0;0;0;0;0;0;0;3;0;0;0;0
14/12/2020;03:54:55;18;Acidente sem VITIMA;414,000;BR-386/RS;Norte;Saída de pista;1;0;0;0;0;0;0;0;0;0;1;0;0;0;0
01/12/2020;07:49:00;51;Acidente com VITIMA;87,000;BR-290/RS;Oeste;Colisão - Traseira;1;0;0;1;0;0;0;0;0;0;1;1;0;0;0
02/12/2020;19:37:11;551;Acidente sem VITIMA;334,000;BR-386/RS;Sul;Saída de pista;1;0;0;0;0;0;0;0;0;0;1;0;0;0;0
06/12/2020;04:50:00;18;Acidente sem VITIMA;417,000;BR-386/RS;Norte;Queda de ribanceira;1;0;0;0;0;0;0;0;0;0;2;0;0;0;0
08/12/2020;08:30:00;94;Acidente com VITIMA;445,000;BR-386/RS;Sul;Queda de moto;0;0;0;1;0;0;0;0;0;0;0;1;0;0;0
08/12/2020;10:19:35;140;Acidente sem VITIMA;28,000;BR-101/RS;Sul;Saída de pista;1;0;0;0;0;0;0;0;0;0;2;0;0;0;0
08/12/2020;15:10:00;217;Acidente sem VITIMA;1,000;BR-448/RS;Sul;Colisão - Lateral;1;0;0;0;0;0;0;1;0;0;3;0;0;0;0
10/12/2020;09:00:00;86;Acidente sem VITIMA;74,000;BR-290/RS;Oeste;Colisão - Traseira;1;0;1;0;0;0;0;0;0;0;2;0;0;0;0
11/12/2020;13:05:00;189;Acidente com VITIMA;343,000;BR-386/RS;Sul;Colisão - Transversal;0;0;0;2;0;0;0;0;0;0;2;0;1;0;0
12/12/2020;22:17:16;269;Acidente com VITIMA;387,000;BR-386/RS;Sul;Colisão - Traseira;1;0;0;1;0;0;0;0;0;0;0;1;0;0;0
16/12/2020;22:26:33;286;Acidente sem VITIMA;43,000;BR-101/RS;Sul;Saída de pista;0;0;0;0;0;0;0;0;0;1;2;0;0;0;0
19/12/2020;01:04:57;11;Acidente sem VITIMA;3,000;BR-290/RS;Leste;Colisão - Frontal;0;0;0;0;0;0;0;0;0;1;1;0;0;0;0
18/12/2020;15:17:04;253;Acidente com VITIMA;285,000;BR-386/RS;Norte;Queda de ribanceira;1;0;0;0;0;0;0;0;0;0;1;0;1;0;0
20/12/2020;18:23:00;194;Acidente com VITIMA;22,000;BR-448/RS;Sul;Queda de Ponte/Viaduto;0;0;0;1;0;0;0;0;0;0;1;0;0;1;0
21/12/2020;13:29:00;394;Acidente sem VITIMA;10,000;BR-448/RS;Sul;Colisão - Traseira;2;0;0;0;0;0;0;0;0;0;2;0;0;0;0
22/12/2020;22:33:39;830;Acidente sem VITIMA;190,000;BR-386/RS;Norte;Atropelamento de Animal;1;0;0;0;0;0;0;0;0;0;2;0;0;0;0
23/12/2020;04:23:09;16;Acidente sem VITIMA;56,000;BR-290/RS;Leste;Queda de ribanceira;0;0;1;0;0;0;0;0;0;0;1;0;0;0;0
24/12/2020;04:33:00;23;Acidente com VITIMA;294,000;BR-386/RS;Norte;Colisão - Frontal;2;0;0;0;0;0;0;0;0;0;4;1;2;0;0
24/12/2020;08:57:00;98;Acidente sem VITIMA;345,000;BR-386/RS;Norte;Colisão - Traseira;2;0;0;0;0;0;0;0;0;0;5;0;0;0;0
24/12/2020;09:04:00;103;Acidente sem VITIMA;284,000;BR-386/RS;Norte;Colisão - Traseira;2;0;0;0;0;0;0;0;0;0;2;0;0;0;0
24/12/2020;09:29:00;117;Acidente sem VITIMA;251,000;BR-386/RS;Norte;Colisão - Traseira;2;0;0;0;0;0;0;0;0;0;4;0;0;0;0
26/12/2020;04:55:24;9;Acidente com VITIMA;18,000;BR-290/RS;Oeste;Choque - Arvore;1;0;0;0;0;0;0;0;0;0;2;1;1;0;0
26/12/2020;21:57:00;241;Acidente sem VITIMA;349,000;BR-386/RS;Sul;Choque Barreira;1;0;0;0;0;0;0;0;0;0;1;0;0;0;0
01/12/2020;17:37:00;213;Acidente sem VITIMA;347,000;BR-386/RS;Sul;Colisão - Lateral;2;0;0;0;0;0;0;0;0;0;2;0;0;0;0
03/12/2020;13:35:00;173;Acidente sem VITIMA;95,000;BR-290/RS;Leste;Choque Barreira;1;0;0;0;0;0;0;0;0;0;1;0;0;0;0
03/12/2020;18:08:00;242;Acidente sem VITIMA;75,000;BR-290/RS;Leste;Colisão - Traseira;2;0;0;0;0;0;0;0;0;0;3;0;0;0;0
04/12/2020;17:18:00;247;Acidente sem VITIMA;426,000;BR-386/RS;Sul;Colisão - Traseira;1;0;0;0;0;0;0;0;0;0;1;0;0;0;0
04/12/2020;18:19:30;263;Acidente com VITIMA;92,000;BR-290/RS;Oeste;Capotamento;2;0;0;0;0;0;0;0;0;0;0;0;2;0;0
05/12/2020;02:07:00;16;Acidente com VITIMA FATAL;438,000;BR-386/RS;Norte;Capotamento;1;0;0;0;0;1;0;0;0;0;1;0;2;0;1
05/12/2020;18:47:08;175;Acidente sem VITIMA;415,000;BR-386/RS;Sul;Queda de ribanceira;2;0;0;0;0;0;0;0;0;0;4;0;0;0;0
05/12/2020;20:05:45;186;Acidente com VITIMA;16,000;BR-290/RS;Leste;Queda de ribanceira;1;0;0;0;0;0;0;0;0;0;0;1;2;0;0
07/12/2020;13:01:00;154;Acidente com VITIMA;88,000;BR-290/RS;Oeste;Choque Defensa;1;0;0;0;0;0;0;0;0;0;0;1;0;0;0
08/12/2020;15:50:58;227;Acidente sem VITIMA;92,000;BR-290/RS;Leste;Colisão - Lateral;1;0;1;0;0;0;0;0;0;0;3;0;0;0;0
10/12/2020;16:05:58;235;Acidente sem VITIMA;91,000;BR-290/RS;Oeste;Choque Barreira;1;0;0;0;0;0;0;0;0;0;3;0;0;0;0
13/12/2020;14:33:00;133;Acidente sem VITIMA;236,000;BR-386/RS;Sul;Queda de ribanceira;1;0;0;0;0;0;0;0;0;0;2;0;0;0;0
17/12/2020;12:03:00;143;Acidente sem VITIMA;296,000;BR-386/RS;Norte;Colisão - Traseira;2;0;0;0;0;0;0;0;0;0;2;0;0;0;0
18/12/2020;16:49:00;280;Acidente com VITIMA;239,000;BR-386/RS;Norte;Colisão - Traseira;2;0;0;0;0;0;0;0;0;0;5;2;0;0;0
19/12/2020;12:20:31;153;Acidente com VITIMA;360,000;BR-386/RS;Norte;Capotamento;1;0;0;0;0;0;0;0;0;0;0;0;0;2;0
20/12/2020;01:36:00;11;Acidente sem VITIMA;3,000;BR-101/RS;Sul;Capotamento;1;0;0;0;0;0;0;0;0;0;6;0;0;0;0
20/12/2020;10:18:56;77;Acidente com VITIMA;64,000;BR-290/RS;Oeste;Queda de ribanceira;1;0;0;0;0;0;0;0;0;0;0;1;0;0;0
20/12/2020;14:52:12;145;Acidente sem VITIMA;310,000;BR-386/RS;Norte;Colisão - Traseira;2;0;0;0;0;0;0;0;0;0;6;0;0;0;0
20/12/2020;19:24:00;206;Acidente sem VITIMA;351,000;BR-386/RS;Norte;Saída de pista;1;0;0;0;0;0;0;0;0;0;1;0;0;0;0
22/12/2020;17:01:00;757;Acidente sem VITIMA;426,000;BR-386/RS;Norte;Colisão - Traseira;2;0;0;0;0;0;0;0;0;0;3;0;0;0;0
24/12/2020;07:55:00;69;Acidente sem VITIMA;204,000;BR-386/RS;Norte;Colisão - Traseira;3;0;0;0;0;0;0;0;0;0;8;0;0;0;0
24/12/2020;11:19:00;175;Acidente sem VITIMA;61,000;BR-101/RS;Sul;Colisão - Lateral;1;0;1;0;0;0;0;0;0;0;3;0;0;0;0
15/12/2020;09:34:00;105;Acidente sem VITIMA;60,000;BR-290/RS;Leste;Colisão - Traseira;2;0;0;0;0;0;0;0;0;0;5;0;0;0;0
16/12/2020;02:16:35;11;Acidente sem VITIMA;370,000;BR-386/RS;Norte;Queda de ribanceira;0;0;0;0;0;0;0;0;0;1;1;0;0;0;0
17/12/2020;07:24:00;48;Atropelamento;94,000;BR-290/RS;Oeste;Atropelamento - Usuário;0;0;0;0;0;0;0;0;0;1;0;1;0;0;0
17/12/2020;20:16:00;248;Acidente sem VITIMA;198,160;BR-386/RS;Sul;Atropelamento de Animal;1;0;0;0;0;0;0;0;0;0;1;0;0;0;0
18/12/2020;12:04:00;190;Acidente sem VITIMA;344,000;BR-386/RS;Norte;Colisão - Lateral;2;0;0;0;0;0;0;0;0;0;2;0;0;0;0
19/12/2020;12:43:00;157;Acidente com VITIMA;45,000;BR-101/RS;Norte;Colisão - Traseira;2;0;0;0;0;0;0;0;0;0;2;1;0;0;0
20/12/2020;01:12:00;9;Acidente sem VITIMA;358,000;BR-386/RS;Norte;Capotamento;0;0;1;0;0;0;0;0;0;0;1;0;0;0;0
20/12/2020;01:15:23;10;Acidente sem VITIMA;214,000;BR-386/RS;Sul;Saída de pista;1;0;0;0;0;0;0;0;0;0;1;0;0;0;0
20/12/2020;03:28:00;18;Acidente sem VITIMA;64,000;BR-290/RS;Oeste;Capotamento;1;0;0;0;0;0;0;0;0;0;2;0;0;0;0
20/12/2020;13:59:00;134;Acidente sem VITIMA;334,000;BR-386/RS;Sul;Colisão - Lateral;2;0;0;0;0;0;0;0;0;0;4;0;0;0;0
21/12/2020;07:06:00;261;Acidente sem VITIMA;8,000;BR-448/RS;Sul;Colisão - Traseira;1;0;0;0;0;1;0;0;0;0;4;0;0;0;0
01/12/2020;04:04:00;13;Acidente sem VITIMA;429,000;BR-386/RS;Norte;Tombamento;0;0;0;0;0;0;0;0;0;1;2;0;0;0;0
01/12/2020;18:43:00;234;Acidente sem VITIMA;4,000;BR-448/RS;Norte;Colisão - Traseira;1;0;1;0;0;0;0;0;0;0;2;0;0;0;0
02/12/2020;23:18:39;594;Acidente sem VITIMA;50,000;BR-290/RS;Oeste;Capotamento;1;0;0;0;0;0;0;0;0;0;1;0;0;0;0
03/12/2020;17:04:00;229;Acidente sem VITIMA;289,000;BR-386/RS;Norte;Tombamento;0;0;0;0;0;0;0;1;0;0;1;0;0;0;0
04/12/2020;22:34:00;316;Acidente com VITIMA;361,000;BR-386/RS;Norte;Queda de ribanceira;1;0;0;0;0;0;0;0;0;0;0;1;0;0;0
06/12/2020;17:45:42;144;Acidente com VITIMA;440,000;BR-386/RS;Sul;Queda de ribanceira;1;0;0;0;0;0;0;0;0;0;0;0;1;0;0
07/12/2020;13:29:00;162;Acidente com VITIMA;247,000;BR-386/RS;Sul;Colisão - Lateral;1;0;0;1;0;0;0;0;0;0;1;1;0;0;0
09/12/2020;03:14:00;11;Acidente sem VITIMA;60,000;BR-290/RS;Leste;Choque Praça - Cabine;0;0;0;0;0;1;0;0;0;0;2;0;0;0;0
11/12/2020;14:49:00;228;Acidente com VITIMA;220,000;BR-386/RS;Norte;Engavetamento;1;0;0;0;0;0;0;2;0;0;2;1;0;0;0
12/12/2020;21:30:25;264;Acidente com VITIMA;352,000;BR-386/RS;Sul;Queda de moto;0;0;0;1;0;0;0;0;0;0;0;1;0;0;0
13/12/2020;19:28:00;223;Acidente sem VITIMA;347,000;BR-386/RS;Sul;Saída de pista;2;0;0;0;0;0;0;0;0;0;2;0;0;0;0
11/12/2020;18:05:00;290;Acidente com VITIMA;88,000;BR-290/RS;Leste;Colisão - Traseira;2;0;0;0;0;0;0;0;0;0;1;1;0;0;0
12/12/2020;21:59:00;266;Acidente sem VITIMA;420,000;BR-386/RS;Sul;Choque - Arvore;1;0;0;0;0;0;0;0;0;0;1;0;0;0;0
13/12/2020;14:44:06;137;Acidente sem VITIMA;56,000;BR-290/RS;Leste;Queda de ribanceira;1;0;0;0;0;0;0;0;0;0;5;0;0;0;0
13/12/2020;16:24:00;164;Acidente com VITIMA;9,000;BR-448/RS;Norte;Saída de pista;0;0;0;1;0;0;0;0;0;0;0;1;0;0;0
14/12/2020;00:37:24;7;Acidente com VITIMA;68,000;BR-290/RS;Oeste;Colisão - Traseira;2;0;0;0;0;0;0;0;0;0;0;3;1;0;0
14/12/2020;13:45:00;188;Acidente sem VITIMA;426,000;BR-386/RS;Sul;Colisão - Lateral;2;0;0;0;0;0;0;0;0;0;4;0;0;0;0
14/12/2020;17:57:07;264;Acidente sem VITIMA;397,000;BR-386/RS;Norte;Capotamento;1;0;0;0;0;0;0;0;0;0;1;0;0;0;0
15/12/2020;20:03:31;257;Acidente com VITIMA;53,000;BR-290/RS;Leste;Queda de ribanceira;1;0;1;0;0;0;0;0;0;0;1;0;1;0;0
16/12/2020;07:23:00;39;Acidente sem VITIMA;91,000;BR-290/RS;Oeste;Colisão - Lateral;1;0;1;0;0;0;0;0;0;0;3;0;0;0;0
16/12/2020;13:16:00;180;Acidente sem VITIMA;280,000;BR-386/RS;Norte;Colisão - Traseira;2;0;0;0;0;0;0;0;0;0;2;0;0;0;0
17/12/2020;08:16:00;74;Acidente sem VITIMA;437,000;BR-386/RS;Norte;Colisão - Traseira;1;0;1;0;0;0;0;0;0;0;4;0;0;0;0
25/12/2020;04:04:00;20;Acidente com VITIMA;16,000;BR-290/RS;Leste;Queda de ribanceira;1;0;0;0;0;0;0;0;0;0;0;2;0;0;0
26/12/2020;02:28:00;4;Acidente com VITIMA;43,000;BR-101/RS;Sul;Choque Barreira;1;0;0;0;0;0;0;0;0;0;0;1;1;0;0
26/12/2020;10:30:00;80;Acidente com VITIMA;268,000;BR-386/RS;Sul;Queda de moto;0;0;0;1;0;0;0;0;0;0;0;0;1;0;0
27/12/2020;07:28:00;39;Acidente com VITIMA;3,000;BR-101/RS;Norte;Queda de ribanceira;1;0;0;0;0;0;0;0;0;0;1;0;1;0;0
27/12/2020;15:53:59;170;Acidente sem VITIMA;64,000;BR-290/RS;Oeste;Saída de pista;1;0;0;0;0;0;0;0;0;0;1;0;0;0;0
27/12/2020;20:35:00;260;Acidente sem VITIMA;375,000;BR-386/RS;Sul;Saída de pista;1;0;0;0;0;0;0;0;0;0;1;0;0;0;0
29/12/2020;05:01:50;18;Acidente com VITIMA;48,000;BR-290/RS;Oeste;Colisão - Traseira;2;0;0;0;0;0;0;0;0;0;1;1;1;1;0
29/12/2020;09:07:00;86;Acidente sem VITIMA;240,000;BR-386/RS;Sul;Colisão - Traseira;2;0;0;0;0;0;0;0;0;0;6;0;0;0;0
29/12/2020;17:53:35;284;Acidente com VITIMA;347,000;BR-386/RS;Norte;Colisão - Traseira;0;0;0;1;0;0;0;1;0;0;1;1;0;0;0
31/12/2020;10:48:35;141;Acidente com VITIMA;92,000;BR-290/RS;Leste;Choque Defensa;1;0;0;0;0;0;0;0;0;0;2;1;0;0;0
31/12/2020;17:32:07;271;Acidente sem VITIMA;12,000;BR-290/RS;Leste;Engavetamento;4;0;0;1;0;0;0;0;0;0;5;0;0;0;0
17/12/2020;08:47:00;85;Acidente sem VITIMA;435,000;BR-386/RS;Sul;Colisão - Traseira;2;0;0;0;0;0;0;0;0;0;2;0;0;0;0
19/12/2020;21:22:00;273;Acidente sem VITIMA;80,000;BR-101/RS;Sul;Saída de pista;1;0;0;0;0;0;0;0;0;0;3;0;0;0;0
20/12/2020;11:35:00;102;Acidente sem VITIMA;50,000;BR-290/RS;Oeste;Queda de ribanceira;1;0;0;0;0;0;0;0;0;0;1;0;0;0;0
22/12/2020;08:30:00;587;Acidente sem VITIMA;89,000;BR-290/RS;Oeste;Queda de moto;0;0;0;1;0;0;0;0;0;0;2;0;0;0;0
22/12/2020;20:40:00;809;Acidente sem VITIMA;94,000;BR-290/RS;Oeste;Capotamento;1;0;0;0;0;0;0;0;0;0;1;0;0;0;0
23/12/2020;22:52:00;389;Acidente sem VITIMA;4,000;BR-290/RS;Leste;Queda de ribanceira;0;0;1;0;0;0;0;0;0;0;1;0;0;0;0
24/12/2020;11:18:00;174;Acidente sem VITIMA;204,000;BR-386/RS;Norte;Engavetamento;3;0;0;0;0;0;0;0;0;0;10;0;0;0;0
24/12/2020;19:01:00;338;Acidente sem VITIMA;60,000;BR-290/RS;Leste;Colisão - Traseira;2;0;0;0;0;0;0;0;0;0;2;0;0;0;0
25/12/2020;20:53:00;238;Acidente sem VITIMA;90,000;BR-290/RS;Leste;Queda de ribanceira;1;0;0;0;0;0;0;0;0;0;1;0;0;0;0
27/12/2020;00:55:56;4;Acidente sem VITIMA;82,000;BR-290/RS;Oeste;Queda de ribanceira;1;0;0;0;0;0;0;0;0;0;1;0;0;0;0
27/12/2020;13:29:00;129;Acidente sem VITIMA;22,000;BR-101/RS;Norte;Colisão - Lateral;2;0;0;0;0;0;0;0;0;0;6;0;0;0;0
02/12/2020;23:20:36;595;Acidente sem VITIMA;28,000;BR-101/RS;Sul;Saída de pista;0;0;0;0;0;0;0;1;0;0;1;0;0;0;0
03/12/2020;08:32:00;75;Acidente sem VITIMA;289,000;BR-386/RS;Norte;Colisão - Lateral;1;0;1;0;0;0;0;0;0;0;4;0;0;0;0
03/12/2020;14:47:00;187;Acidente sem VITIMA;95,000;BR-290/RS;Oeste;Colisão - Lateral;1;0;0;0;0;1;0;0;0;0;2;0;0;0;0
04/12/2020;19:13:06;273;Acidente sem VITIMA;91,000;BR-290/RS;Leste;Colisão - Traseira;2;0;0;0;0;0;0;0;0;0;2;0;0;0;0
12/12/2020;00:33:00;9;Acidente sem VITIMA;62,000;BR-290/RS;Oeste;Colisão - Lateral;0;0;0;1;0;0;0;1;0;0;2;0;0;0;0
13/12/2020;15:59:00;156;Acidente sem VITIMA;363,000;BR-386/RS;Norte;Saída de pista;1;0;0;0;0;0;0;0;0;0;1;0;0;0;0
13/12/2020;16:21:00;162;Acidente sem VITIMA;421,000;BR-386/RS;Sul;Colisão - Traseira;2;0;0;0;0;0;0;0;0;0;3;0;0;0;0
13/12/2020;19:16:00;219;Acidente sem VITIMA;319,000;BR-386/RS;Norte;Saída de pista;0;0;0;0;0;0;0;0;0;1;1;0;0;0;0
14/12/2020;09:27:40;108;Acidente sem VITIMA;236,000;BR-386/RS;Norte;Queda de ribanceira;0;0;0;0;0;0;0;1;0;0;1;0;0;0;0
16/12/2020;07:57:00;57;Acidente com VITIMA;2,000;BR-448/RS;Sul;Engavetamento;4;0;0;0;0;0;0;0;0;0;3;2;0;0;0
16/12/2020;17:13:00;237;Acidente sem VITIMA;86,000;BR-101/RS;Norte;Tombamento;0;0;0;0;0;0;0;1;0;0;1;0;0;0;0
22/12/2020;07:53:00;575;Acidente sem VITIMA;96,000;BR-290/RS;Oeste;Engavetamento;3;0;0;0;0;0;0;0;0;0;4;0;0;0;0
23/12/2020;07:43:00;61;Acidente sem VITIMA;423,000;BR-386/RS;Norte;Tombamento;1;0;0;0;0;0;0;0;0;0;1;0;0;0;0
24/12/2020;08:50:00;93;Acidente sem VITIMA;240,000;BR-386/RS;Sul;Colisão - Lateral;1;0;0;0;0;0;0;0;0;0;5;0;0;0;0