data;horario;n_da_ocorrencia;tipo_de_ocorrencia;km;trecho;sentido;tipo_de_acidente;automovel;bicicleta;caminhao;moto;onibus;outros;tracao_animal;transporte_de_cargas_especiais;trator_maquinas;utilitarios;ilesos;levemente_feridos;moderadamente_feridos;gravemente_feridos;mortos
18/01/2021;17:43:38;229;Acidente sem VITIMA;1,000;BR-290/RS;Leste;Tombamento;1;0;0;0;0;0;0;0;0;1;2;0;0;0;0
18/01/2021;21:58:54;270;Acidente sem VITIMA;86,000;BR-290/RS;Leste;Saída de pista;1;0;0;0;0;0;0;1;0;0;2;0;0;0;0
18/01/2021;07:50:35;59;Acidente sem VITIMA;353,000;BR-386/RS;Sul;Choque Defensa;0;0;1;0;0;0;0;0;0;0;1;0;0;0;0
18/01/2021;08:20:14;77;Acidente sem VITIMA;35,000;BR-290/RS;Leste;Queda de ribanceira;1;0;0;0;0;0;0;0;0;0;1;0;0;0;0
19/01/2021;10:14:44;112;Acidente sem VITIMA;324,000;BR-386/RS;Sul;Queda de ribanceira;1;0;0;0;0;0;0;0;0;0;2;0;0;0;0
19/01/2021;11:29:15;136;Acidente sem VITIMA;87,000;BR-290/RS;Oeste;Colisão - Traseira;2;0;0;0;0;0;0;0;0;0;3;0;0;0;0
19/01/2021;13:52:42;159;Acidente sem VITIMA;309,000;BR-386/RS;Norte;Colisão - Traseira;1;0;0;0;0;0;0;0;0;0;4;0;0;0;0
19/01/2021;15:31:30;192;Acidente sem VITIMA;362,000;BR-386/RS;Sul;Colisão - Lateral;1;0;0;0;0;0;0;0;0;0;1;0;0;0;0
19/01/2021;17:20:16;213;Atropelamento;42,000;BR-101/RS;Sul;Atropelamento - Andarilho;2;0;0;0;0;0;0;0;0;0;4;0;0;0;0
19/01/2021;17:26:30;216;Acidente com VITIMA;352,000;BR-386/RS;Norte;Colisão - Lateral;1;0;0;0;0;0;0;0;0;1;4;0;0;0;0
19/01/2021;21:22:45;254;Acidente COM VITIMA;23,000;BR-290/RS;Oeste;Colisão - Traseira;0;0;1;0;0;0;0;0;0;0;0;0;1;0;0
19/01/2021;08:05:38;64;Acidente COM VITIMA;95,000;BR-290/RS;Oeste;Colisão - Traseira;1;0;0;1;0;0;0;0;0;0;1;1;0;0;0
19/01/2021;00:29:49;7;Acidente sem VITIMA;61,000;BR-290/RS;Oeste;Atropelamento de Animal;0;0;0;0;0;1;0;1;0;0;2;0;0;0;0
20/01/2021;11:30:51;182;Acidente sem VITIMA;67,000;BR-101/RS;Norte;Colisão - Lateral;1;0;0;0;0;0;0;1;0;0;3;0;0;0;0
20/01/2021;15:54:10;242;Acidente sem VITIMA;83,000;BR-290/RS;Oeste;Queda de moto;0;0;0;1;0;0;0;0;0;0;1;0;0;0;0
21/01/2021;04:42:20;12;Acidente com VITIMA;41,000;BR-290/RS;Oeste;Queda de ribanceira;1;0;0;0;0;0;0;0;0;0;0;1;0;0;0
21/01/2021;11:37:01;144;Acidente COM VITIMA;31,000;BR-290/RS;Leste;Queda de ribanceira;1;0;0;0;0;0;0;0;0;0;1;1;0;0;0
21/01/2021;13:25:26;174;Acidente sem VITIMA;92,000;BR-290/RS;Leste;Colisão - Transversal;1;0;0;0;0;0;0;0;0;0;1;0;0;0;0
21/01/2021;07:44:59;48;Acidente com VITIMA;357,040;BR-386/RS;Sul;Queda de ribanceira;2;0;0;0;0;0;0;0;0;0;2;0;0;0;0
22/01/2021;02:34:29;12;Acidente sem VITIMA;64,000;BR-290/RS;Oeste;Outros;1;0;0;0;0;0;0;0;0;0;1;0;0;0;0
22/01/2021;12:57:30;174;Acidente com VITIMA;439,000;BR-386/RS;Norte;Tombamento;1;0;0;0;0;0;0;0;0;0;1;0;0;0;0
22/01/2021;15:36:03;212;Acidente COM VITIMA;350,000;BR-386/RS;Norte;Colisão - Lateral;1;0;0;0;0;0;0;0;0;1;3;1;0;0;0
22/01/2021;17:37:37;239;Acidente sem VITIMA;1,000;BR-101/RS;Norte;Colisão - Traseira;2;0;0;0;0;0;0;0;0;0;3;0;0;0;0
22/01/2021;18:45:45;262;Acidente sem VITIMA;69,000;BR-290/RS;Leste;Choque com objeto sobre a pista;2;0;0;0;0;0;0;0;0;0;11;0;0;0;0
22/01/2021;07:31:23;43;Acidente sem VITIMA;351,000;BR-386/RS;Norte;Queda de ribanceira;1;0;0;0;0;0;0;0;0;0;2;0;0;0;0
23/01/2021;09:46:25;112;Acidente sem VITIMA;75,000;BR-290/RS;Leste;Choque Defensa;0;0;1;0;0;0;0;0;0;0;1;0;0;0;0
23/01/2021;11:23:11;141;Atropelamento;437,000;BR-386/RS;Sul;;2;0;0;0;0;0;0;0;0;0;2;0;0;0;0
23/01/2021;11:38:49;144;Acidente sem VITIMA;29,000;BR-101/RS;Norte;Queda de ribanceira;1;0;0;0;0;0;0;0;0;0;1;0;0;0;0
23/01/2021;17:26:52;236;Acidente com VITIMA;86,000;BR-101/RS;Norte;Colisão - Transversal;2;0;0;0;0;0;0;0;0;0;2;0;0;0;0
23/01/2021;23:59:54;298;Acidente com VITIMA;271,000;BR-386/RS;Sul;Capotamento;1;0;0;0;0;0;0;0;0;0;0;1;0;0;0
23/01/2021;03:28:07;32;Acidente sem VITIMA;273,000;BR-386/RS;Sul;Saída de pista;0;0;0;1;0;0;0;0;0;0;1;0;0;0;0
23/01/2021;06:38:10;48;Acidente COM VITIMA;60,000;BR-290/RS;Leste;Colisão - Lateral;2;0;0;0;0;0;0;0;0;0;2;0;1;0;0
23/01/2021;09:05:27;97;Acidente COM VITIMA;279,000;BR-386/RS;Norte;Queda de ribanceira;1;0;0;0;0;0;0;0;0;0;2;1;1;0;0
24/01/2021;14:16:53;118;Acidente sem VITIMA;60,000;BR-290/RS;Oeste;Colisão - Traseira;1;0;0;0;0;0;0;0;0;0;1;0;0;0;0
24/01/2021;02:51:04;14;Acidente sem VITIMA;189,000;BR-386/RS;Norte;Capotamento;1;0;0;0;0;0;0;0;0;0;3;0;0;0;0
24/01/2021;16:07:09;145;Acidente sem VITIMA;61,000;BR-290/RS;Oeste;Queda de ribanceira;1;0;0;0;0;0;0;0;0;0;2;0;0;0;0
24/01/2021;17:01:07;161;Acidente sem VITIMA;57,000;BR-290/RS;Oeste;Colisão - Traseira;1;0;0;0;0;0;0;0;0;0;2;0;0;0;0
24/01/2021;17:21:28;166;Acidente sem VITIMA;362,000;BR-386/RS;Sul;Colisão - Lateral;2;0;0;0;0;0;0;0;0;0;2;0;0;0;0
24/01/2021;18:02:11;177;Acidente sem VITIMA;413,000;BR-386/RS;Norte;Choque - Meio Fio;2;0;0;0;0;0;0;0;0;0;3;0;0;0;0
24/01/2021;18:42:43;186;Acidente com VITIMA;440,000;BR-386/RS;Norte;Queda de moto;1;0;0;0;0;0;0;0;0;0;2;0;0;0;0
24/01/2021;20:44:21;221;Acidente com VITIMA;246,000;BR-386/RS;Norte;Queda de ribanceira;0;0;0;1;0;0;0;0;0;0;1;1;0;0;0
24/01/2021;11:12:09;81;Acidente COM VITIMA;44,000;BR-290/RS;Leste;Queda de ribanceira;1;0;0;0;0;0;0;0;0;0;0;0;1;0;0
25/01/2021;12:50:32;193;Acidente com VITIMA;362,000;BR-386/RS;Sul;Colisão - Lateral;2;0;0;0;0;0;0;0;0;0;0;2;0;0;0
25/01/2021;14:33:34;228;Acidente com VITIMA;80,000;BR-290/RS;Leste;Colisão - Traseira;1;0;0;0;0;0;0;0;0;0;3;0;1;0;0
25/01/2021;05:31:38;28;Acidente com VITIMA;17,000;BR-290/RS;Leste;Capotamento;1;0;0;0;0;0;0;1;0;0;2;0;1;0;0
25/01/2021;09:09:01;96;Acidente com VITIMA;36,000;BR-101/RS;Sul;Queda de ribanceira;1;0;0;1;0;0;0;0;0;0;1;0;0;1;0
26/01/2021;09:26:19;110;Acidente com VITIMA;89,000;BR-290/RS;Leste;;1;0;0;0;0;0;0;0;0;1;7;0;0;0;0
26/01/2021;10:42:49;154;Acidente com VITIMA;7,000;BR-101/RS;Sul;Colisão - Lateral;1;0;0;0;0;0;0;0;0;0;0;1;0;0;0
26/01/2021;13:02:59;194;Acidente COM VITIMA;307,000;BR-386/RS;Norte;Queda de ribanceira;2;0;0;0;0;0;0;0;0;0;2;0;1;0;0
26/01/2021;14:02:26;214;Acidente sem VITIMA;413,000;BR-386/RS;Norte;Queda de ribanceira;1;0;0;0;0;0;0;0;0;0;1;0;0;0;0
26/01/2021;15:07:11;239;Acidente com VITIMA;444,000;BR-386/RS;Sul;Queda de ribanceira;1;0;0;0;0;0;0;0;0;0;1;0;0;0;0
26/01/2021;06:57:18;31;Acidente COM VITIMA;21,000;BR-448/RS;Sul;Colisão - Lateral;1;0;0;0;0;0;0;0;0;0;3;1;0;0;0
26/01/2021;21:47:13;319;Atropelamento;86,000;BR-290/RS;Oeste;;0;0;0;0;0;0;0;0;0;0;0;1;0;0;0
26/01/2021;22:24:23;322;Acidente com VITIMA;396,000;BR-386/RS;Norte;Saída de pista;1;0;0;0;0;0;0;0;0;0;0;0;1;0;0
27/01/2021;02:51:29;11;Acidente sem VITIMA;16,000;BR-448/RS;Sul;Atropelamento de Animal;1;0;0;0;0;0;0;0;0;0;1;0;0;0;0
27/01/2021;17:51:14;187;Acidente sem VITIMA;37,000;BR-290/RS;Leste;Queda de ribanceira;1;0;0;0;0;0;0;0;0;0;1;0;0;0;0
27/01/2021;05:38:11;19;Acidente com VITIMA;22,000;BR-101/RS;Sul;Colisão - Traseira;0;0;0;0;0;0;0;2;0;0;1;0;1;0;0
27/01/2021;18:11:54;191;Acidente COM VITIMA;35,000;BR-101/RS;Sul;Colisão - Lateral;1;0;0;0;0;0;0;1;0;0;1;0;1;0;0
27/01/2021;18:22:04;192;Acidente COM VITIMA;10,000;BR-290/RS;Leste;Capotamento;0;0;1;0;0;0;0;0;0;0;0;1;0;0;0
27/01/2021;19:54:29;212;Acidente sem VITIMA;304,000;BR-386/RS;Norte;Tombamento;1;0;0;0;0;0;0;0;0;0;1;0;0;0;0
27/01/2021;20:05:04;214;Acidente sem VITIMA;368,000;BR-386/RS;Sul;Saída de pista;2;0;0;0;0;0;0;0;0;0;4;0;0;0;0
27/01/2021;07:21:46;30;Acidente com VITIMA;241,000;BR-386/RS;Norte;Colisão - Lateral;1;0;0;0;0;0;0;0;0;0;2;0;0;0;0
27/01/2021;00:32:21;4;Acidente sem VITIMA;72,000;BR-290/RS;Oeste;Queda de moto;0;0;1;0;0;0;0;0;0;0;1;0;0;0;0
27/01/2021;09:42:02;83;Acidente com VITIMA;417,000;BR-386/RS;Sul;Tombamento;1;0;0;0;0;0;0;0;0;0;3;0;0;0;0
28/01/2021;09:40:46;103;Acidente sem VITIMA;401,000;BR-386/RS;Sul;Queda de moto;0;0;1;0;0;0;0;0;0;0;2;0;0;0;0
28/01/2021;11:24:11;122;Acidente com VITIMA;335,000;BR-386/RS;Sul;Saída de pista;0;0;0;1;0;0;0;0;0;0;1;0;0;0;0
28/01/2021;01:54:52;18;Acidente COM VITIMA;307,000;BR-386/RS;Norte;Saída de pista;1;0;0;0;0;0;0;0;0;0;0;1;0;0;0
28/01/2021;17:59:23;202;Acidente sem VITIMA;60,000;BR-290/RS;Oeste;Engavetamento;3;0;0;0;0;0;0;0;0;0;1;0;0;0;0
28/01/2021;21:45:16;254;Acidente sem VITIMA;351,000;BR-386/RS;Norte;Choque Defensa;1;0;0;0;0;0;0;0;0;0;1;0;0;0;0
28/01/2021;22:51:49;264;Acidente com VITIMA;45,000;BR-290/RS;Leste;Saída de pista;1;0;0;0;0;0;0;0;0;0;1;0;1;0;0
29/01/2021;09:34:06;109;Acidente com VITIMA;44,000;BR-101/RS;Norte;Choque com veículo na faixa de rolamento;0;0;1;0;0;0;0;0;0;0;1;0;0;0;0
29/01/2021;10:00:06;119;Acidente COM VITIMA;335,170;BR-386/RS;Sul;Queda de ribanceira;1;0;0;0;0;0;0;0;0;0;1;1;0;0;0
29/01/2021;11:44:18;149;Acidente COM VITIMA;47,000;BR-101/RS;Norte;Colisão - Traseira;1;0;0;0;0;0;0;0;0;0;0;0;1;0;0
29/01/2021;12:12:00;155;Acidente COM VITIMA;346,000;BR-386/RS;Sul;Colisão - Traseira;0;0;0;1;0;0;0;1;0;0;1;0;1;0;0
29/01/2021;12:19:00;157;Acidente sem VITIMA;437,000;BR-386/RS;Norte;Colisão - Lateral;0;0;0;0;0;0;0;0;0;1;1;0;0;0;0
29/01/2021;03:13:25;17;Acidente sem VITIMA;318,000;BR-386/RS;Sul;Saída de pista;1;0;1;0;0;0;0;0;0;0;5;0;0;0;0
29/01/2021;13:52:04;186;Acidente com VITIMA;72,000;BR-290/RS;Leste;Colisão - Traseira;2;0;0;0;0;0;0;0;0;0;1;0;0;0;0
29/01/2021;14:24:53;197;Acidente com VITIMA;73,000;BR-290/RS;Leste;Colisão - Traseira;1;0;0;0;0;0;0;0;0;1;3;0;0;0;0
29/01/2021;15:52:57;219;Acidente COM VITIMA;361,000;BR-386/RS;Norte;Choque Barreira;0;0;0;1;0;0;0;0;0;1;3;2;0;0;0
29/01/2021;17:31:41;248;Acidente com VITIMA FATAL;307,000;BR-386/RS;Sul;Colisão - Lateral;1;0;0;1;0;0;0;0;0;0;1;1;0;0;0
29/01/2021;17:36:54;250;Acidente com VITIMA;87,000;BR-101/RS;Norte;Colisão - Lateral;1;0;0;0;0;0;0;0;0;0;3;0;0;0;0
29/01/2021;17:43:51;251;Acidente com VITIMA FATAL;92,000;BR-290/RS;Leste;Colisão - Traseira;2;0;0;0;0;0;0;0;0;0;0;1;1;0;1
29/01/2021;17:53:00;255;Acidente com VITIMA;40,000;BR-290/RS;Oeste;Queda de ribanceira;2;0;0;0;0;0;0;0;0;0;1;1;0;0;0
29/01/2021;18:33:14;266;Acidente sem VITIMA;345,000;BR-386/RS;Sul;Tombamento;2;0;0;0;0;0;0;0;0;0;2;0;0;0;0
29/01/2021;19:13:22;278;Acidente COM VITIMA;96,000;BR-290/RS;Oeste;Colisão - Traseira;1;0;0;0;0;0;0;0;0;0;0;1;0;0;0
29/01/2021;08:33:09;78;Acidente com VITIMA;13,000;BR-448/RS;Sul;Queda de moto;0;0;1;0;0;0;0;0;0;0;1;0;0;0;0
29/01/2021;08:50:07;92;Acidente com VITIMA;94,000;BR-290/RS;Leste;Capotamento;1;0;0;1;0;0;0;0;0;0;2;0;0;0;0
30/01/2021;09:38:52;104;Acidente sem VITIMA;92,000;BR-290/RS;Leste;Colisão - Lateral;2;0;0;0;0;0;0;0;0;0;1;0;0;0;0
30/01/2021;14:02:14;182;Acidente sem VITIMA;31,000;BR-101/RS;Sul;Colisão - Lateral;1;0;0;0;0;0;0;0;0;0;1;0;0;0;0
30/01/2021;14:37:24;193;Acidente sem VITIMA;413,000;BR-386/RS;Norte;Queda de ribanceira;1;0;0;0;0;0;0;0;0;0;1;0;0;0;0
30/01/2021;15:26:34;204;Acidente com VITIMA FATAL;379,000;BR-386/RS;Norte;Colisão - Lateral;1;0;0;0;0;0;0;0;0;0;0;0;0;0;1
30/01/2021;17:18:16;230;Acidente sem VITIMA;215,000;BR-386/RS;Sul;Colisão - Transversal;2;0;0;0;0;0;0;0;0;0;2;0;0;0;0
30/01/2021;05:38:41;25;Acidente sem VITIMA;346,000;BR-386/RS;Sul;Queda de ribanceira;2;0;0;0;0;0;0;0;0;0;2;0;0;0;0
30/01/2021;18:59:43;250;Acidente sem VITIMA;71,000;BR-290/RS;Oeste;Capotamento;1;0;0;0;0;0;0;0;0;0;1;0;0;0;0
30/01/2021;05:54:49;27;Acidente sem VITIMA;357,000;BR-386/RS;Norte;Queda de ribanceira;2;0;0;0;0;0;0;0;0;0;5;0;0;0;0
30/01/2021;22:49:13;289;Acidente sem VITIMA;252,000;BR-386/RS;Norte;Saída de pista;1;0;1;0;0;0;0;0;0;0;2;0;0;0;0
30/01/2021;00:54:13;8;Acidente sem VITIMA;91,000;BR-290/RS;Leste;Choque Barreira;1;0;0;0;0;0;0;0;0;0;1;0;0;0;0
30/01/2021;08:47:01;83;Acidente com VITIMA FATAL;88,000;BR-290/RS;Oeste;Capotamento;1;0;0;0;0;0;0;0;0;0;1;0;0;0;0
31/01/2021;06:17:34;20;Acidente COM VITIMA;95,000;BR-290/RS;Leste;Capotamento;1;0;0;0;0;0;0;0;0;0;0;0;1;0;0
31/01/2021;00:45:37;3;Acidente com VITIMA;360,000;BR-386/RS;Norte;Capotamento;1;0;0;0;0;0;0;0;0;0;1;0;0;0;0
01/02/2021;13:06:12;156;Acidente sem VITIMA;355,000;BR-386/RS;Norte;Saída de pista;1;0;0;0;0;0;0;0;0;0;4;0;0;0;0
01/02/2021;18:17:51;226;Acidente sem VITIMA;417,000;BR-386/RS;Sul;Tombamento;0;0;0;0;0;0;0;1;0;0;1;0;0;0;0
01/02/2021;18:44:06;235;Acidente sem VITIMA;342,000;BR-386/RS;Norte;Colisão - Transversal;2;0;0;0;0;0;0;0;0;0;4;0;0;0;0
01/02/2021;20:47:18;260;Acidente sem VITIMA;17,000;BR-448/RS;Sul;Capotamento;1;0;0;0;0;0;0;0;0;0;1;0;0;0;0
02/02/2021;13:16:32;154;Acidente sem VITIMA;36,000;BR-101/RS;Norte;Queda de ribanceira;0;0;0;0;0;1;0;0;0;0;1;0;0;0;0
02/02/2021;16:45:46;196;Acidente sem VITIMA;13,000;BR-448/RS;Norte;Colisão - Lateral;1;0;0;0;0;1;0;0;0;0;4;0;0;0;0
02/02/2021;00:37:03;2;Acidente sem VITIMA;6,000;BR-290/RS;Leste;Choque com objeto sobre a pista;1;0;0;0;0;0;0;0;0;0;5;0;0;0;0
02/02/2021;17:38:46;209;Acidente sem VITIMA;96,000;BR-290/RS;Oeste;Choque Defensa;1;0;0;0;0;0;0;0;0;0;1;0;0;0;0
02/02/2021;18:06:01;222;Acidente sem VITIMA;65,000;BR-290/RS;Oeste;Queda de ribanceira;1;0;0;0;0;0;0;0;0;0;1;0;0;0;0
02/02/2021;19:39:13;242;Acidente sem VITIMA;292,000;BR-386/RS;Sul;Saída de pista;1;0;0;0;0;0;0;0;0;0;6;0;0;0;0
03/02/2021;09:37:11;115;Acidente com VITIMA;92,000;BR-290/RS;Oeste;Colisão - Lateral;1;0;0;1;0;0;0;0;0;0;1;1;0;0;0
03/02/2021;09:43:09;122;Acidente sem VITIMA;47,000;BR-101/RS;Sul;Colisão - Lateral;1;0;0;0;0;0;0;1;0;0;3;0;0;0;0
03/02/2021;10:38:16;143;Acidente sem VITIMA;92,000;BR-290/RS;Leste;Colisão - Lateral;1;0;1;0;0;0;0;0;0;0;2;0;0;0;0
03/02/2021;15:58:33;225;Acidente sem VITIMA;11,000;BR-101/RS;Norte;Saída de pista;1;0;0;0;0;0;0;0;0;0;1;0;0;0;0
03/02/2021;16:29:47;232;Acidente sem VITIMA;411,000;BR-386/RS;Norte;Colisão - Lateral;1;0;1;0;0;0;0;0;0;0;4;0;0;0;0
03/02/2021;17:26:06;243;Acidente sem VITIMA;437,000;BR-386/RS;Norte;Colisão - Traseira;2;0;0;0;0;0;0;0;0;0;2;0;0;0;0
03/02/2021;17:36:56;247;Atropelamento;434,000;BR-386/RS;Norte;Atropelamento - Morador/Trabalhador/Estudante;0;0;0;1;0;1;0;0;0;0;1;1;0;0;0
03/02/2021;05:34:26;25;Acidente sem VITIMA;242,000;BR-386/RS;Sul;Saída de pista;1;0;0;0;0;0;0;0;0;0;1;0;0;0;0
03/02/2021;22:56:14;294;Acidente com VITIMA;17,000;BR-101/RS;Sul;Colisão - Traseira;1;0;0;0;0;0;0;1;0;0;2;1;0;0;0
03/02/2021;07:32:05;50;Acidente com VITIMA;422,000;BR-386/RS;Sul;Queda de ribanceira;1;0;0;0;0;0;0;0;0;0;2;0;1;0;0
04/02/2021;11:22:27;125;Acidente sem VITIMA;60,000;BR-290/RS;Oeste;Colisão - Traseira;2;0;0;0;0;0;0;0;0;0;2;0;0;0;0
04/02/2021;04:47:43;14;Acidente sem VITIMA;77,000;BR-290/RS;Leste;Choque Defensa;1;0;0;0;0;0;0;0;0;0;1;0;0;0;0
04/02/2021;05:15:35;15;Acidente sem VITIMA;422,000;BR-386/RS;Sul;Capotamento;1;0;0;0;0;0;0;0;0;0;5;0;0;0;0
04/02/2021;05:55:58;17;Acidente sem VITIMA;87,000;BR-290/RS;Leste;Queda de ribanceira;1;0;0;0;0;0;0;0;0;0;1;0;0;0;0
04/02/2021;14:38:01;179;Acidente sem VITIMA;408,000;BR-386/RS;Norte;Saída de pista;0;0;0;0;0;1;0;0;0;0;1;0;0;0;0
04/02/2021;14:49:18;180;Acidente sem VITIMA;5,000;BR-448/RS;Norte;Capotamento;1;0;0;0;0;0;0;0;0;0;1;0;0;0;0
04/02/2021;15:17:18;187;Acidente sem VITIMA;394,000;BR-386/RS;Sul;Queda de ribanceira;1;0;0;0;0;0;0;0;0;0;2;0;0;0;0
04/02/2021;16:11:17;203;Acidente com VITIMA;97,000;BR-290/RS;Leste;;2;0;0;0;0;0;0;0;0;0;1;1;0;0;0
04/02/2021;17:28:54;219;Acidente com VITIMA;375,000;BR-386/RS;Norte;Colisão - Traseira;0;0;0;1;0;0;0;0;0;1;2;0;1;0;0
04/02/2021;19:16:20;240;Acidente sem VITIMA;280,000;BR-386/RS;Sul;Colisão - Traseira;1;0;0;0;0;0;0;0;0;1;4;0;0;0;0
04/02/2021;08:04:39;47;Atropelamento;5,000;BR-101/RS;Sul;Atropelamento - Esportista;1;0;0;0;0;0;0;0;0;0;2;0;1;0;0
04/02/2021;08:22:17;54;Acidente com VITIMA;83,000;BR-290/RS;Oeste;Queda de moto;0;0;0;1;0;0;0;0;0;0;0;1;0;0;0
04/02/2021;08:27:32;57;Acidente com VITIMA;292,000;BR-386/RS;Norte;;1;0;0;0;0;0;0;0;0;0;1;1;0;0;0
04/02/2021;00:48:09;6;Acidente sem VITIMA;51,000;BR-101/RS;Norte;Saída de pista;1;0;0;0;0;0;0;0;0;0;1;0;0;0;0
05/02/2021;04:14:11;10;Acidente com VITIMA;298,000;BR-386/RS;Sul;Saída de pista;1;0;0;0;0;0;0;0;0;0;0;1;0;0;0
05/02/2021;11:22:11;131;Acidente sem VITIMA;92,000;BR-290/RS;Leste;Colisão - Lateral;1;0;0;0;0;0;0;1;0;0;2;0;0;0;0
05/02/2021;16:30:21;205;Acidente sem VITIMA;87,000;BR-290/RS;Leste;Colisão - Lateral;2;0;0;0;0;0;0;0;0;0;2;0;0;0;0
05/02/2021;17:38:00;224;Acidente sem VITIMA;89,000;BR-290/RS;Oeste;Colisão - Lateral;1;0;0;1;0;0;0;0;0;0;2;0;0;0;0
05/02/2021;17:39:23;225;Acidente sem VITIMA;427,000;BR-386/RS;Sul;Colisão - Traseira;1;0;0;0;0;0;0;0;0;0;6;0;0;0;0
05/02/2021;19:47:02;255;Acidente com VITIMA;215,470;BR-386/RS;Norte;Colisão - Frontal;1;0;0;1;0;0;0;0;0;0;2;0;1;0;0
05/02/2021;19:53:37;258;Acidente sem VITIMA;445,000;BR-386/RS;Norte;Atropelamento de Animal;0;0;0;1;0;0;0;0;0;0;1;0;0;0;0
05/02/2021;22:14:16;289;Acidente com VITIMA;80,000;BR-290/RS;Oeste;Atropelamento - Morador/Trabalhador/Estudante;1;0;0;0;0;0;0;0;0;0;1;0;0;1;0
05/02/2021;07:21:45;32;Acidente com VITIMA;342,000;BR-386/RS;Sul;Colisão - Lateral;1;0;0;1;0;0;0;0;0;0;0;2;0;0;0
05/02/2021;03:34:10;9;Acidente sem VITIMA;360,000;BR-386/RS;Norte;Saída de pista;1;0;0;0;0;0;0;0;0;0;1;0;0;0;0
05/02/2021;09:31:36;94;Acidente com VITIMA;425,000;BR-386/RS;Sul;Choque Barreira;0;0;1;0;0;0;0;0;0;0;0;1;0;0;0
06/02/2021;10:03:06;101;Acidente sem VITIMA;343,000;BR-386/RS;Norte;Colisão - Traseira;0;0;0;0;0;0;0;1;0;1;2;0;0;0;0
06/02/2021;10:53:57;120;Acidente com VITIMA;98,000;BR-290/RS;Leste;Colisão - Traseira;0;0;0;0;0;0;0;0;0;1;0;1;0;0;0
06/02/2021;15:21:12;165;Acidente com VITIMA;19,000;BR-290/RS;Oeste;Capotamento;1;0;0;0;0;0;0;0;0;0;0;1;1;1;0
06/02/2021;20:57:14;241;Acidente com VITIMA;343,000;BR-386/RS;Ambos;Colisão - Transversal;1;0;0;1;0;0;0;0;0;0;1;1;0;0;0
06/02/2021;05:59:06;30;Acidente sem VITIMA;44,000;BR-290/RS;Leste;Queda de ribanceira;1;0;0;0;0;0;0;0;0;0;1;0;0;0;0
07/02/2021;17:09:46;172;Acidente sem VITIMA;56,000;BR-290/RS;Oeste;Colisão - Traseira;3;0;0;0;0;0;0;0;0;0;6;0;0;0;0
07/02/2021;17:12:13;175;Acidente sem VITIMA;80,000;BR-290/RS;Leste;Saída de pista;1;0;0;0;0;0;0;0;0;0;4;0;0;0;0
07/02/2021;18:13:11;192;Acidente com VITIMA;274,000;BR-386/RS;Sul;Colisão - Lateral;2;0;0;0;0;0;0;0;0;0;3;1;0;0;0
07/02/2021;18:29:00;197;Acidente sem VITIMA;16,000;BR-101/RS;Sul;Choque com objeto sobre a pista;1;0;0;0;0;0;0;0;0;0;1;0;0;0;0
07/02/2021;20:58:33;257;Acidente sem VITIMA;253,000;BR-386/RS;Norte;Saída de pista;1;0;0;0;0;0;0;0;0;0;2;0;0;0;0
07/02/2021;06:12:26;27;Acidente sem VITIMA;94,000;BR-290/RS;Leste;Queda de moto;0;0;0;1;0;0;0;0;0;0;1;0;0;0;0
07/02/2021;00:31:34;3;Acidente com VITIMA;344,000;BR-386/RS;Norte;Colisão - Lateral;1;0;0;1;0;0;0;0;0;0;1;0;0;1;0
07/02/2021;06:35:42;31;Acidente com VITIMA;95,000;BR-290/RS;Leste;Queda de moto;0;0;0;1;0;0;0;0;0;0;0;0;1;0;0
07/02/2021;07:55:16;34;Acidente com VITIMA;186,000;BR-386/RS;Norte;Capotamento;1;0;0;0;0;0;0;0;0;0;0;3;0;0;0
07/02/2021;10:41:16;80;Acidente sem VITIMA;27,000;BR-290/RS;Oeste;Saída de pista;1;0;0;0;0;0;0;0;0;0;5;0;0;0;0
08/02/2021;15:56:49;219;Acidente sem VITIMA;60,000;BR-290/RS;Leste;Choque Barreira;1;0;0;0;0;0;0;0;0;0;3;0;0;0;0
08/02/2021;19:15:49;261;Acidente sem VITIMA;71,000;BR-101/RS;Norte;Queda de ribanceira;0;0;0;0;0;0;0;0;0;1;1;0;0;0;0
08/02/2021;07:40:41;39;Acidente com VITIMA;87,000;BR-290/RS;Oeste;Colisão - Lateral;1;0;0;1;0;0;0;0;0;0;0;0;1;0;0
08/02/2021;08:08:23;60;Atropelamento Fatal;9,000;BR-101/RS;Sul;Atropelamento - Usuário;1;0;0;0;0;0;0;0;0;0;1;0;0;0;1