data;horario;n_da_ocorrencia;tipo_de_ocorrencia;km;trecho;sentido;tipo_de_acidente;automovel;bicicleta;caminhao;moto;onibus;outros;tracao_animal;transporte_de_cargas_especiais;trator_maquinas;utilitarios;ilesos;levemente_feridos;moderadamente_feridos;gravemente_feridos;mortos
08/02/2021;08:13:45;66;Acidente sem VITIMA;83,000;BR-290/RS;Oeste;Colisão - Traseira;2;0;0;0;0;0;0;0;0;0;2;0;0;0;0
08/02/2021;08:54:55;87;Acidente com VITIMA;80,000;BR-290/RS;Oeste;Capotamento;2;0;0;0;0;0;0;0;0;0;1;1;0;0;0
08/02/2021;08:56:37;88;Acidente sem VITIMA;92,000;BR-290/RS;Oeste;;1;0;1;0;0;0;0;0;0;0;1;0;0;0;0
08/02/2021;02:14:32;9;Acidente sem VITIMA;350,000;BR-386/RS;Norte;Saída de pista;1;0;0;0;0;0;0;0;0;0;2;0;0;0;0
09/02/2021;09:55:22;109;Acidente com VITIMA;296,000;BR-386/RS;Sul;Capotamento;0;0;0;0;0;0;0;1;0;0;0;0;0;1;0
09/02/2021;13:20:03;150;Acidente sem VITIMA;35,000;BR-101/RS;Sul;Queda de moto;1;0;0;0;0;0;0;0;0;0;1;0;0;0;0
09/02/2021;13:35:39;154;Acidente com VITIMA;37,000;BR-290/RS;Oeste;Colisão - Traseira;2;0;0;0;0;0;0;0;0;0;5;1;1;0;0
09/02/2021;17:24:33;210;Acidente sem VITIMA;428,000;BR-386/RS;Norte;Colisão - Traseira;1;0;0;0;0;1;0;0;0;0;3;0;0;0;0
09/02/2021;07:43:51;42;Acidente sem VITIMA;75,000;BR-290/RS;Ambos;Colisão - Lateral;1;0;0;0;0;0;0;0;0;1;2;0;0;0;0
10/02/2021;10:41:29;127;Acidente sem VITIMA;60,000;BR-290/RS;Leste;Colisão - Traseira;2;0;0;0;0;0;0;0;0;0;2;0;0;0;0
10/02/2021;15:40:04;195;Acidente com VITIMA;353,000;BR-386/RS;Sul;Engavetamento;1;0;2;0;0;0;0;0;0;0;4;0;1;0;0
10/02/2021;00:20:04;2;Acidente com VITIMA;25,000;BR-290/RS;Leste;Colisão - Traseira;0;0;1;0;0;0;0;0;0;1;1;1;0;0;0
10/02/2021;16:25:09;208;Acidente sem VITIMA;92,000;BR-290/RS;Leste;Queda de ribanceira;0;0;0;0;0;0;0;1;0;0;1;0;0;0;0
10/02/2021;17:42:50;231;Acidente sem VITIMA;92,000;BR-290/RS;Oeste;Colisão - Traseira;2;0;0;0;0;0;0;0;0;0;4;0;0;0;0
10/02/2021;23:24:04;274;Acidente sem VITIMA;1,000;BR-290/RS;Leste;Atropelamento de Animal;1;0;0;0;0;0;0;0;0;0;4;0;0;0;0
10/02/2021;07:25:37;30;Acidente sem VITIMA;372,000;BR-386/RS;Norte;Tombamento;0;0;0;0;0;0;0;1;0;0;1;0;0;0;0
10/02/2021;09:22:58;94;Acidente sem VITIMA;430,000;BR-386/RS;Norte;Queda de ribanceira;0;0;0;0;0;0;0;1;0;0;1;0;0;0;0
11/02/2021;10:33:03;109;Acidente sem VITIMA;401,000;BR-386/RS;Norte;Colisão - Traseira;1;0;0;0;0;0;0;0;0;1;2;0;0;0;0
11/02/2021;14:42:49;176;Acidente sem VITIMA;235,000;BR-386/RS;Sul;Queda de ribanceira;2;0;0;0;0;0;0;0;0;0;6;0;0;0;0
11/02/2021;15:33:46;189;Acidente sem VITIMA;356,000;BR-386/RS;Norte;Queda de ribanceira;1;0;0;0;0;0;0;0;0;0;1;0;0;0;0
11/02/2021;16:41:22;208;Acidente sem VITIMA;39,000;BR-290/RS;Leste;Queda de ribanceira;0;0;0;0;0;0;0;0;0;1;1;0;0;0;0
11/02/2021;07:20:03;31;Acidente com VITIMA;92,000;BR-290/RS;Oeste;Queda de moto;0;0;0;1;0;0;0;0;0;0;0;0;1;0;0
11/02/2021;08:19:14;55;Acidente com VITIMA;424,000;BR-386/RS;Sul;Colisão - Traseira;1;0;0;0;0;0;0;0;0;0;2;0;1;0;0
11/02/2021;09:27:38;87;Acidente sem VITIMA;35,000;BR-101/RS;Norte;Colisão - Traseira;2;0;0;0;0;0;0;0;0;0;2;0;0;0;0
12/02/2021;10:09:46;129;Acidente com VITIMA;92,000;BR-290/RS;Leste;Colisão - Lateral;1;0;0;1;0;0;0;0;0;0;1;0;1;0;0
12/02/2021;10:55:44;148;Acidente sem VITIMA;424,000;BR-386/RS;Sul;Colisão - Traseira;2;0;0;0;0;0;0;0;0;0;2;0;0;0;0
12/02/2021;14:25:38;203;Acidente sem VITIMA;53,000;BR-290/RS;Leste;Colisão - Lateral;2;0;0;0;0;0;0;0;0;0;2;0;0;0;0
12/02/2021;16:09:18;230;Acidente sem VITIMA;345,000;BR-386/RS;Sul;Engavetamento;4;0;0;0;0;0;0;0;0;0;6;0;0;0;0
12/02/2021;16:27:17;236;Acidente sem VITIMA;57,000;BR-290/RS;Leste;Colisão - Traseira;3;0;0;0;0;0;0;0;0;0;4;0;0;0;0
12/02/2021;16:38:02;238;Acidente com VITIMA;9,000;BR-101/RS;Norte;Colisão - Lateral;2;0;0;0;0;0;0;0;0;0;1;0;1;0;0
12/02/2021;17:59:04;260;Acidente com VITIMA;234,000;BR-386/RS;Norte;Capotamento;1;0;0;0;0;0;0;0;0;0;0;2;0;0;0
12/02/2021;18:24:48;268;Acidente sem VITIMA;94,000;BR-290/RS;Leste;Colisão - Traseira;2;0;0;0;0;0;0;0;0;0;2;0;0;0;0
12/02/2021;18:56:02;280;Acidente sem VITIMA;28,000;BR-290/RS;Leste;Colisão - Lateral;2;0;0;0;0;0;0;0;0;0;6;0;0;0;0
12/02/2021;19:14:38;284;Acidente com VITIMA;75,000;BR-290/RS;Leste;Colisão - Lateral;2;0;0;1;0;0;0;0;0;0;7;0;1;0;0
12/02/2021;19:19:23;285;Acidente sem VITIMA;3,000;BR-290/RS;Leste;Colisão - Traseira;2;0;0;0;0;0;0;0;0;0;1;0;0;0;0
12/02/2021;20:44:16;315;Acidente sem VITIMA;37,000;BR-290/RS;Leste;Colisão - Traseira;2;0;0;0;0;0;0;0;0;0;2;0;0;0;0
12/02/2021;21:26:54;326;Acidente sem VITIMA;61,000;BR-290/RS;Leste;Colisão - Traseira;2;0;0;0;0;0;0;0;0;0;2;0;0;0;0
12/02/2021;22:08:36;340;Acidente com VITIMA;417,000;BR-386/RS;Sul;Tombamento;1;0;0;0;0;0;0;0;0;0;0;0;1;0;0
13/02/2021;10:03:01;136;Acidente sem VITIMA;59,000;BR-290/RS;Leste;;2;0;0;0;0;0;0;0;0;0;2;0;0;0;0
13/02/2021;10:21:29;142;Acidente sem VITIMA;59,000;BR-290/RS;Leste;;2;0;0;0;0;0;0;0;0;0;2;0;0;0;0
13/02/2021;11:29:37;180;Acidente sem VITIMA;55,000;BR-101/RS;Sul;Capotamento;1;0;0;0;0;0;0;0;0;0;2;0;0;0;0
13/02/2021;11:44:40;186;Acidente sem VITIMA;64,000;BR-290/RS;Leste;;1;0;0;0;0;0;0;0;0;0;2;0;0;0;0
13/02/2021;00:17:23;2;Acidente sem VITIMA;26,000;BR-290/RS;Leste;Engavetamento;4;0;0;0;0;0;0;0;0;0;12;0;0;0;0
13/02/2021;13:26:33;221;Acidente sem VITIMA;435,000;BR-386/RS;Norte;Colisão - Lateral;2;0;0;0;0;0;0;0;0;0;4;0;0;0;0
13/02/2021;19:00:27;333;Acidente com VITIMA;62,000;BR-101/RS;Norte;Choque Barreira;1;0;0;0;0;0;0;0;0;0;0;1;0;0;0
13/02/2021;20:53:35;348;Acidente sem VITIMA;354,000;BR-386/RS;Sul;Saída de pista;1;0;0;0;0;0;0;0;0;0;1;0;0;0;0
13/02/2021;23:45:18;373;Acidente sem VITIMA;94,000;BR-290/RS;Leste;Choque Barreira;1;0;0;0;0;0;0;0;0;0;3;0;0;0;0
13/02/2021;00:30:41;4;Acidente com VITIMA;284,000;BR-386/RS;Sul;Colisão - Frontal;1;0;2;0;0;0;0;0;0;0;2;0;1;2;0
13/02/2021;07:13:21;54;Acidente sem VITIMA;75,000;BR-290/RS;Leste;Colisão - Traseira;2;0;0;0;0;0;0;0;0;0;2;0;0;0;0
14/02/2021;11:07:01;109;Acidente com VITIMA;372,000;BR-386/RS;Norte;Queda de moto;0;0;0;1;0;0;0;0;0;0;1;1;0;0;0
14/02/2021;02:01:42;11;Acidente sem VITIMA;42,000;BR-290/RS;Oeste;Saída de pista;2;0;0;0;0;0;0;0;0;0;2;0;0;0;0
14/02/2021;11:50:33;121;Acidente sem VITIMA;59,000;BR-290/RS;Oeste;Colisão - Lateral;1;0;0;0;0;0;0;0;0;0;2;0;0;0;0
14/02/2021;11:51:36;122;Acidente com VITIMA;21,000;BR-101/RS;Norte;;2;0;0;0;0;0;0;0;0;0;2;1;0;0;0
14/02/2021;14:56:44;152;Acidente com VITIMA;33,000;BR-290/RS;Oeste;Queda de moto;0;0;0;1;0;0;0;0;0;0;0;1;1;0;0
14/02/2021;15:57:47;172;Acidente sem VITIMA;444,000;BR-386/RS;Norte;Capotamento;1;0;0;0;0;0;0;0;0;0;1;0;0;0;0
14/02/2021;04:36:18;19;Acidente sem VITIMA;247,000;BR-386/RS;Norte;Saída de pista;1;0;0;0;0;0;0;0;0;0;1;0;0;0;0
14/02/2021;18:14:21;204;Acidente sem VITIMA;92,000;BR-290/RS;Oeste;Colisão - Lateral;1;0;1;0;0;0;0;0;0;0;2;0;0;0;0
14/02/2021;18:58:52;212;Acidente sem VITIMA;419,000;BR-386/RS;Sul;Choque Defensa;1;0;0;0;0;0;0;0;0;0;3;0;0;0;0
14/02/2021;20:07:16;232;Acidente sem VITIMA;390,000;BR-386/RS;Sul;Saída de pista;1;0;0;0;0;0;0;0;0;0;1;0;0;0;0
14/02/2021;21:46:55;249;Acidente com VITIMA;58,000;BR-290/RS;Oeste;Colisão - Traseira;2;0;0;0;0;0;0;0;0;0;4;2;0;0;0
14/02/2021;21:54:26;251;Acidente sem VITIMA;82,000;BR-290/RS;Oeste;Atropelamento de Animal;1;0;0;0;0;0;0;0;0;0;1;0;0;0;0
14/02/2021;01:35:39;7;Acidente sem VITIMA;270,000;BR-386/RS;Sul;Colisão - Transversal;2;0;0;0;0;0;0;0;0;0;3;0;0;0;0
14/02/2021;09:04:44;74;Acidente sem VITIMA;348,000;BR-386/RS;Norte;Choque - Poste;1;0;0;0;0;0;0;0;0;0;2;0;0;0;0
14/02/2021;09:35:21;80;Acidente sem VITIMA;64,000;BR-290/RS;Leste;Queda de ribanceira;1;0;0;0;0;0;0;0;0;0;2;0;0;0;0
14/02/2021;10:14:41;88;Acidente com VITIMA;19,000;BR-290/RS;Leste;Colisão - Lateral;2;0;0;0;0;0;0;0;0;0;4;1;0;0;0
14/02/2021;10:42:15;98;Acidente sem VITIMA;4,000;BR-290/RS;Oeste;Choque Defensa;1;0;0;0;0;0;0;0;0;0;3;0;0;0;0
16/02/2021;05:41:44;12;Acidente sem VITIMA;72,000;BR-290/RS;Oeste;Capotamento;1;0;0;0;0;0;0;0;0;0;1;0;0;0;0
16/02/2021;12:25:15;130;Acidente sem VITIMA;418,000;BR-386/RS;Sul;Choque - Sinalização;1;0;0;0;0;0;0;0;0;0;3;0;0;0;0
16/02/2021;15:03:58;183;Acidente sem VITIMA;55,000;BR-101/RS;Sul;Colisão - Lateral;2;0;0;0;0;0;0;0;0;0;8;0;0;0;0
16/02/2021;15:50:49;197;Acidente sem VITIMA;4,000;BR-290/RS;Leste;Queda de ribanceira;1;0;0;0;0;0;0;0;0;0;1;0;0;0;0
16/02/2021;17:06:38;225;Acidente com VITIMA;36,000;BR-290/RS;Oeste;Colisão - Lateral;2;0;0;0;0;0;0;0;0;0;5;1;0;0;0
16/02/2021;18:05:20;236;Acidente com VITIMA;19,000;BR-290/RS;Oeste;Colisão - Lateral;1;0;0;1;0;0;0;0;0;0;1;2;0;0;0
16/02/2021;18:20:10;241;Acidente sem VITIMA;50,000;BR-290/RS;Leste;Colisão - Traseira;2;0;0;0;0;0;0;0;0;0;2;0;0;0;0
16/02/2021;19:09:25;260;Acidente sem VITIMA;306,000;BR-386/RS;Sul;Colisão - Traseira;1;0;0;0;0;1;0;0;0;0;6;0;0;0;0
16/02/2021;19:37:27;265;Acidente sem VITIMA;426,000;BR-386/RS;Norte;Colisão - Traseira;2;0;0;0;0;0;0;0;0;0;2;0;0;0;0
16/02/2021;07:42:56;29;Acidente sem VITIMA;74,000;BR-290/RS;Oeste;Capotamento;1;0;0;0;0;0;0;0;0;0;1;0;0;0;0
16/02/2021;22:52:23;310;Acidente sem VITIMA;4,000;BR-101/RS;Norte;Capotamento;1;0;0;0;0;0;0;0;0;0;1;0;0;0;0
16/02/2021;23:25:10;316;Acidente com VITIMA;80,000;BR-290/RS;Oeste;Queda de ribanceira;0;0;0;1;0;0;0;0;0;0;0;1;0;0;0
17/02/2021;09:33:56;116;Acidente sem VITIMA;23,000;BR-290/RS;Oeste;Colisão - Lateral;2;0;0;0;0;0;0;0;0;0;2;0;0;0;0
17/02/2021;10:45:47;146;Acidente sem VITIMA;53,000;BR-290/RS;Oeste;Colisão - Traseira;2;0;0;0;0;0;0;0;0;0;2;0;0;0;0
17/02/2021;11:49:42;167;Acidente sem VITIMA;9,000;BR-290/RS;Leste;Colisão - Traseira;2;0;0;0;0;0;0;0;0;0;2;0;0;0;0
17/02/2021;15:10:32;218;Acidente com VITIMA;349,000;BR-386/RS;Norte;Queda de moto;0;0;0;1;0;0;0;0;0;0;0;2;0;0;0
17/02/2021;16:24:45;248;Acidente sem VITIMA;95,000;BR-290/RS;Oeste;Colisão - Lateral;2;0;0;0;0;0;0;0;0;0;2;0;0;0;0
17/02/2021;03:53:49;27;Acidente com VITIMA;84,000;BR-290/RS;Oeste;Queda de ribanceira;1;0;0;0;0;0;0;0;0;0;0;4;0;0;0
17/02/2021;18:08:53;282;Acidente sem VITIMA;59,000;BR-290/RS;Oeste;Colisão - Lateral;2;0;0;0;0;0;0;0;0;0;2;0;0;0;0
17/02/2021;19:16:13;297;Acidente sem VITIMA;85,000;BR-101/RS;Sul;Queda de ribanceira;1;0;0;0;0;0;0;0;0;0;2;0;0;0;0
17/02/2021;07:56:40;68;Acidente com VITIMA;344,000;BR-386/RS;Norte;Colisão - Lateral;2;0;0;0;0;0;0;0;0;0;1;1;0;0;0
17/02/2021;08:18:26;84;Acidente com VITIMA;58,000;BR-290/RS;Oeste;Colisão - Lateral;3;0;0;0;0;0;0;0;0;0;5;1;1;0;0
17/02/2021;08:25:32;86;Acidente sem VITIMA;346,000;BR-386/RS;Sul;Colisão - Lateral;1;0;0;0;0;0;0;0;0;1;3;0;0;0;0
17/02/2021;08:44:19;94;Acidente sem VITIMA;416,000;BR-386/RS;Norte;Colisão - Lateral;1;0;0;0;0;0;0;1;0;0;2;0;0;0;0
17/02/2021;08:52:24;97;Acidente sem VITIMA;57,000;BR-290/RS;Oeste;Colisão - Traseira;2;0;0;0;0;0;0;0;0;0;5;0;0;0;0
18/02/2021;09:24:34;101;Acidente sem VITIMA;69,000;BR-101/RS;Sul;Colisão - Traseira;2;0;0;0;0;0;0;0;0;0;4;0;0;0;0
18/02/2021;13:05:54;155;Acidente com VITIMA FATAL;4,000;BR-290/RS;Oeste;Colisão - Transversal;2;0;0;0;0;0;0;0;0;0;0;2;0;1;1
18/02/2021;04:47:08;17;Acidente sem VITIMA;17,000;BR-101/RS;Sul;Saída de pista;1;0;0;0;0;0;0;0;0;0;1;0;0;0;0
18/02/2021;14:49:33;186;Acidente sem VITIMA;345,000;BR-386/RS;Norte;Colisão - Traseira;2;0;0;0;0;0;0;0;0;0;2;0;0;0;0
18/02/2021;17:34:15;221;Acidente com VITIMA;20,000;BR-290/RS;Leste;Queda de ribanceira;1;0;0;0;0;0;0;0;0;0;0;1;0;0;0
18/02/2021;17:41:00;226;Acidente sem VITIMA;354,000;BR-386/RS;Norte;Colisão - Lateral;2;0;0;0;0;0;0;0;0;0;3;0;0;0;0
18/02/2021;18:58:57;247;Acidente com VITIMA;4,000;BR-290/RS;Ambos;Colisão - Transversal;2;0;0;0;0;0;0;0;0;0;3;2;0;0;0
18/02/2021;19:23:56;250;Acidente com VITIMA;2,000;BR-101/RS;Norte;Saída de pista;1;0;0;0;0;0;0;0;0;0;1;2;0;0;0
18/02/2021;19:53:42;256;Acidente sem VITIMA;35,000;BR-101/RS;Norte;Colisão - Traseira;0;0;1;0;1;0;0;0;0;0;2;0;0;0;0
18/02/2021;08:04:26;67;Acidente sem VITIMA;313,000;BR-386/RS;Norte;Colisão - Lateral;0;0;1;0;0;1;0;0;0;0;2;0;0;0;0
18/02/2021;08:16:12;69;Acidente com VITIMA;185,000;BR-386/RS;Norte;Engavetamento;3;0;0;0;0;0;0;0;0;1;4;1;0;0;0
19/02/2021;09:45:06;114;Acidente com VITIMA;353,000;BR-386/RS;Sul;Colisão - Traseira;1;0;0;1;0;0;0;0;0;0;1;1;0;0;0
19/02/2021;10:08:55;126;Acidente sem VITIMA;39,000;BR-290/RS;Leste;Saída de pista;1;0;0;0;0;0;0;0;0;0;1;0;0;0;0
19/02/2021;11:00:42;143;Acidente com VITIMA;248,000;BR-386/RS;Norte;Engavetamento;5;0;0;0;0;0;0;0;0;0;13;1;0;0;0
19/02/2021;13:50:09;179;Acidente sem VITIMA;4,000;BR-290/RS;Oeste;Choque - Sinalização;1;0;0;0;0;0;0;0;0;0;1;0;0;0;0
19/02/2021;15:33:18;207;Acidente sem VITIMA;413,000;BR-386/RS;Norte;Choque - Poste;1;0;0;0;0;0;0;0;0;0;1;0;0;0;0
19/02/2021;15:41:30;209;Acidente sem VITIMA;94,000;BR-290/RS;Leste;Engavetamento;3;0;0;0;0;0;0;0;0;0;3;0;0;0;0
19/02/2021;16:14:29;216;Acidente com VITIMA;76,000;BR-290/RS;Oeste;Capotamento;1;0;0;0;0;0;0;0;0;0;0;2;1;0;0
19/02/2021;17:44:22;233;Acidente sem VITIMA;88,000;BR-290/RS;Leste;Colisão - Traseira;2;0;0;0;0;0;0;0;0;0;2;0;0;0;0
19/02/2021;19:10:24;260;Acidente com VITIMA;271,000;BR-386/RS;Sul;Colisão - Traseira;2;0;0;0;0;0;0;0;0;0;2;1;0;1;0
19/02/2021;19:12:11;263;Acidente com VITIMA;253,000;BR-386/RS;Norte;Engavetamento;4;0;0;0;0;0;0;0;0;0;5;1;0;0;0
19/02/2021;19:36:38;266;Acidente sem VITIMA;92,000;BR-290/RS;Leste;Colisão - Lateral;1;0;0;0;0;0;0;1;0;0;2;0;0;0;0
19/02/2021;20:46:17;278;Acidente sem VITIMA;19,000;BR-290/RS;Leste;Colisão - Lateral;1;0;1;0;0;0;0;0;0;0;5;0;0;0;0
20/02/2021;11:09:24;113;Acidente com VITIMA;11,000;BR-101/RS;Sul;Colisão - Traseira;1;0;1;0;0;0;0;0;0;0;1;0;2;0;0
20/02/2021;15:21:13;166;Acidente sem VITIMA;359,000;BR-386/RS;Norte;Capotamento;1;0;0;0;0;0;0;0;0;0;1;0;0;0;0
20/02/2021;15:22:52;170;Acidente com VITIMA;273,000;BR-386/RS;Sul;Queda de moto;0;0;0;1;0;0;0;0;0;0;0;0;1;0;0
21/02/2021;00:22:17;1;Acidente sem VITIMA;1,000;BR-448/RS;Sul;Choque Defensa;0;0;0;0;0;0;0;0;0;1;1;0;0;0;0
21/02/2021;17:35:11;184;Acidente com VITIMA;349,000;BR-386/RS;Norte;Colisão - Traseira;1;0;0;1;0;0;0;0;0;0;2;1;0;0;0
21/02/2021;17:35:59;185;Acidente sem VITIMA;400,000;BR-386/RS;Norte;Saída de pista;1;0;0;0;0;0;0;0;0;0;3;0;0;0;0
21/02/2021;21:49:36;238;Acidente sem VITIMA;40,000;BR-290/RS;Oeste;Engavetamento;2;0;0;0;0;0;0;1;0;0;8;0;0;0;0
22/02/2021;09:34:59;114;Acidente sem VITIMA;28,000;BR-290/RS;Oeste;Capotamento;1;0;0;0;0;0;0;0;0;0;1;0;0;0;0
22/02/2021;09:48:54;122;Acidente sem VITIMA;426,000;BR-386/RS;Sul;;2;0;0;0;0;0;0;0;0;0;2;0;0;0;0
22/02/2021;11:28:12;150;Atropelamento;68,000;BR-101/RS;Norte;Atropelamento - Funcionário;1;0;0;0;0;0;0;0;0;0;0;1;0;0;0
22/02/2021;17:47:03;277;Acidente com VITIMA;398,000;BR-386/RS;Sul;;0;0;1;0;0;0;0;0;0;0;1;5;0;0;0
23/02/2021;12:17:07;138;Acidente com VITIMA;261,000;BR-386/RS;Sul;Colisão - Frontal;0;0;1;0;0;0;0;1;0;0;0;1;1;0;0
23/02/2021;06:36:34;19;Acidente sem VITIMA;8,000;BR-290/RS;Leste;Queda de ribanceira;1;0;0;0;0;0;0;0;0;0;1;0;0;0;0
23/02/2021;19:25:59;227;Acidente sem VITIMA;302,000;BR-386/RS;Sul;Saída de pista;1;0;0;0;0;0;0;0;0;0;1;0;0;0;0
23/02/2021;20:25:01;236;Acidente com VITIMA;81,000;BR-101/RS;Sul;Atropelamento de Animal;1;0;0;0;0;0;0;0;0;0;3;1;0;0;0
23/02/2021;22:00:24;250;Acidente sem VITIMA;80,000;BR-290/RS;Leste;Queda de ribanceira;1;0;0;0;0;0;0;0;0;0;1;0;0;0;0
23/02/2021;07:21:19;36;Acidente com VITIMA;342,000;BR-386/RS;Norte;Colisão - Lateral;1;0;0;1;0;0;0;0;0;0;1;1;0;0;0
23/02/2021;07:45:42;44;Acidente sem VITIMA;377,000;BR-386/RS;Sul;Capotamento;1;0;0;0;0;0;0;0;0;0;2;0;0;0;0
24/02/2021;19:32:08;213;Acidente com VITIMA;15,000;BR-448/RS;Norte;Tombamento;0;0;0;0;0;0;0;1;0;0;0;1;0;0;0
24/02/2021;20:41:19;232;Acidente com VITIMA;95,000;BR-290/RS;Leste;Queda de moto;0;0;0;1;0;0;0;0;0;0;0;2;0;0;0
24/02/2021;22:00:56;245;Acidente com VITIMA;407,000;BR-386/RS;Sul;Colisão - Lateral;0;0;0;2;0;0;0;0;0;0;0;2;0;0;0
25/02/2021;04:44:00;12;Acidente sem VITIMA;27,000;BR-101/RS;Sul;Saída de pista;0;0;0;0;0;0;0;0;0;1;1;0;0;0;0
25/02/2021;17:13:03;192;Acidente sem VITIMA;91,000;BR-290/RS;Leste;Colisão - Lateral;1;0;0;0;0;0;0;1;0;0;2;0;0;0;0
25/02/2021;17:46:27;199;Acidente sem VITIMA;17,000;BR-448/RS;Norte;Colisão - Lateral;1;0;0;0;0;0;0;0;0;1;2;0;0;0;0
26/02/2021;03:38:11;12;Acidente sem VITIMA;274,000;BR-386/RS;Norte;Colisão - Lateral;1;0;0;0;0;1;0;0;0;0;2;0;0;0;0
26/02/2021;04:55:44;18;Atropelamento Fatal;346,000;BR-386/RS;Norte;;0;0;0;0;0;1;0;0;0;0;0;0;0;0;1
26/02/2021;06:13:07;21;Acidente sem VITIMA;41,000;BR-290/RS;Oeste;Capotamento;1;0;0;0;0;0;0;0;0;0;4;0;0;0;0
26/02/2021;18:23:54;251;Atropelamento;440,000;BR-386/RS;Norte;Atropelamento - Usuário;1;0;0;0;0;0;0;0;0;0;1;0;1;0;0
27/02/2021;18:53:23;200;Acidente com VITIMA;380,000;BR-386/RS;Ambos;Colisão - Transversal;1;0;0;1;0;0;0;0;0;0;1;0;1;0;0
27/02/2021;22:41:25;223;Acidente sem VITIMA;373,000;BR-386/RS;Sul;Atropelamento de Animal;1;0;0;0;0;0;0;0;0;0;3;0;0;0;0
28/02/2021;14:47:02;115;Acidente sem VITIMA;219,000;BR-386/RS;Sul;Colisão - Lateral;2;0;0;0;0;0;0;0;0;0;5;0;0;0;0
28/02/2021;17:41:14;158;Acidente sem VITIMA;63,000;BR-101/RS;Norte;Saída de pista;1;0;0;0;0;0;0;0;0;0;1;0;0;0;0
28/02/2021;18:11:19;162;Acidente com VITIMA;38,000;BR-290/RS;Oeste;Engavetamento;5;0;0;0;0;0;0;0;0;0;8;1;0;0;0
28/02/2021;18:11:49;163;Acidente sem VITIMA;14,000;BR-101/RS;Sul;Capotamento;1;0;0;0;0;0;0;0;0;0;2;0;0;0;0
28/02/2021;18:45:44;170;Acidente sem VITIMA;39,000;BR-290/RS;Oeste;Capotamento;1;0;0;0;0;0;0;0;0;0;1;0;0;0;0
28/02/2021;19:05:10;177;Acidente com VITIMA FATAL;368,000;BR-386/RS;Sul;Atropelamento - Usuário;1;0;0;1;0;0;0;0;0;0;1;0;0;0;1
28/02/2021;20:15:43;195;Acidente sem VITIMA;38,000;BR-101/RS;Norte;Choque Defensa;1;0;0;0;0;0;0;0;0;0;1;0;0;0;0
28/02/2021;10:11:38;64;Acidente sem VITIMA;69,000;BR-290/RS;Oeste;Colisão - Lateral;1;0;0;0;0;0;0;1;0;0;2;0;0;0;0
01/03/2021;13:35:49;112;Acidente sem VITIMA;244,000;BR-386/RS;Norte;Saída de pista;1;0;0;0;0;0;0;0;0;0;1;0;0;0;0
01/03/2021;05:38:08;13;Acidente sem VITIMA;73,000;BR-101/RS;Sul;Colisão - Traseira;0;0;1;0;0;1;0;0;0;0;3;0;0;0;0
01/03/2021;14:44:22;132;Acidente sem VITIMA;388,000;BR-386/RS;Norte;Colisão - Lateral;1;0;0;0;0;1;0;0;0;0;2;0;0;0;0
01/03/2021;17:44:53;169;Acidente sem VITIMA;248,000;BR-386/RS;Norte;Colisão - Traseira;0;0;0;0;0;2;0;0;0;0;2;0;0;0;0
01/03/2021;21:48:51;203;Acidente com VITIMA;86,000;BR-101/RS;Norte;Tombamento;0;0;0;0;0;0;0;1;0;0;0;0;2;0;0
01/03/2021;23:42:09;207;Acidente com VITIMA;351,000;BR-386/RS;Norte;Colisão - Lateral;0;0;0;2;0;0;0;0;0;0;0;2;0;0;0
02/03/2021;13:01:30;127;Acidente sem VITIMA;62,000;BR-290/RS;Leste;Queda de ribanceira;0;0;0;0;0;0;0;0;0;1;1;0;0;0;0
02/03/2021;13:41:58;132;Acidente sem VITIMA;13,000;BR-448/RS;Norte;Colisão - Transversal;2;0;0;0;0;0;0;0;0;0;2;0;0;0;0
02/03/2021;05:46:05;15;Acidente com VITIMA;308,000;BR-386/RS;Sul;Colisão - Traseira;0;0;2;0;0;0;0;0;0;0;1;1;0;0;0
02/03/2021;05:58:09;16;Acidente sem VITIMA;64,000;BR-290/RS;Oeste;;0;0;0;0;1;0;0;0;0;0;1;0;0;0;0
02/03/2021;17:30:07;174;Acidente sem VITIMA;10,000;BR-448/RS;Norte;Colisão - Traseira;1;0;0;0;0;0;0;0;0;1;4;0;0;0;0
02/03/2021;17:50:52;179;Acidente sem VITIMA;385,000;BR-386/RS;Norte;Saída de pista;1;0;0;0;0;0;0;0;0;0;1;0;0;0;0
02/03/2021;18:17:38;186;Acidente com VITIMA;363,000;BR-386/RS;Norte;Colisão - Transversal;1;0;0;1;0;0;0;0;0;0;1;0;1;0;0
02/03/2021;18:33:53;187;Acidente sem VITIMA;390,000;BR-386/RS;Norte;Colisão - Traseira;2;0;0;0;0;0;0;0;0;0;1;0;0;0;0