data;horario;n_da_ocorrencia;tipo_de_ocorrencia;km;trecho;sentido;tipo_de_acidente;automovel;bicicleta;caminhao;moto;onibus;outros;tracao_animal;transporte_de_cargas_especiais;trator_maquinas;utilitarios;ilesos;levemente_feridos;moderadamente_feridos;gravemente_feridos;mortos
03/03/2021;09:45:44;106;Acidente sem VITIMA;236,000;BR-386/RS;Norte;Queda de ribanceira;2;0;0;0;0;0;0;0;0;0;7;0;0;0;0
03/03/2021;14:53:30;180;Acidente sem VITIMA;276,000;BR-386/RS;Sul;Queda de ribanceira;0;0;1;0;0;0;0;0;0;0;2;0;0;0;0
03/03/2021;15:11:56;191;Acidente com VITIMA;290,000;BR-386/RS;Norte;;1;0;1;0;0;0;0;0;0;0;1;0;2;1;0
03/03/2021;22:44:22;255;Acidente sem VITIMA;26,000;BR-290/RS;Leste;Tombamento;0;0;0;0;0;0;0;1;0;0;1;0;0;0;0
04/03/2021;15:35:30;179;Acidente sem VITIMA;396,000;BR-386/RS;Norte;Queda de ribanceira;1;0;0;0;0;0;0;0;0;0;1;0;0;0;0
04/03/2021;17:17:50;196;Acidente com VITIMA;16,000;BR-290/RS;Oeste;Capotamento;1;0;0;0;0;0;0;0;0;0;1;1;1;0;0
04/03/2021;17:48:35;199;Acidente sem VITIMA;10,000;BR-290/RS;Leste;Queda de ribanceira;1;0;0;0;0;0;0;0;0;0;1;0;0;0;0
04/03/2021;18:10:22;203;Acidente sem VITIMA;22,000;BR-290/RS;Oeste;Queda de ribanceira;1;0;0;0;0;0;0;0;0;0;1;0;0;0;0
04/03/2021;19:09:35;207;Acidente com VITIMA;446,000;BR-386/RS;Sul;Colisão - Traseira;2;0;0;0;0;0;0;0;0;0;1;1;0;0;0
04/03/2021;20:29:56;218;Acidente sem VITIMA;397,000;BR-386/RS;Norte;Atropelamento de Animal;1;0;0;0;0;0;0;0;0;0;2;0;0;0;0
04/03/2021;23:27:21;237;Acidente sem VITIMA;33,000;BR-290/RS;Leste;Queda de ribanceira;0;0;0;0;0;0;0;0;0;1;1;0;0;0;0
04/03/2021;02:15:37;8;Acidente sem VITIMA;360,000;BR-386/RS;Sul;Queda de ribanceira;1;0;0;0;0;0;0;0;0;0;1;0;0;0;0
05/03/2021;05:39:05;11;Acidente com VITIMA;67,000;BR-101/RS;Sul;Queda de moto;0;0;0;1;0;0;0;0;0;0;0;1;1;0;0
05/03/2021;12:40:37;123;Acidente com VITIMA;353,000;BR-386/RS;Norte;Queda de ribanceira;1;0;0;0;0;0;0;0;0;0;1;1;0;0;0
05/03/2021;15:51:53;155;Acidente sem VITIMA;411,000;BR-386/RS;Sul;Queda de ribanceira;1;0;0;0;0;0;0;0;0;0;1;0;0;0;0
05/03/2021;18:07:42;183;Acidente sem VITIMA;437,000;BR-386/RS;Norte;Colisão - Traseira;2;0;0;0;0;0;0;0;0;0;2;0;0;0;0
05/03/2021;18:55:36;197;Acidente com VITIMA;5,000;BR-290/RS;Leste;Colisão - Frontal;2;0;0;0;0;0;0;0;0;0;2;1;2;0;0
05/03/2021;20:00:40;211;Acidente sem VITIMA;4,380;BR-290/RS;Leste;Saída de pista;1;0;0;0;0;0;0;0;0;0;1;0;0;0;0
06/03/2021;15:45:55;129;Acidente sem VITIMA;395,000;BR-386/RS;Sul;Colisão - Traseira;1;0;0;0;0;1;0;0;0;0;2;0;0;0;0
06/03/2021;02:13:04;14;Acidente sem VITIMA;82,000;BR-290/RS;Oeste;Queda de ribanceira;0;0;0;0;1;0;0;0;0;0;1;0;0;0;0
06/03/2021;18:22:23;145;Acidente sem VITIMA;39,000;BR-290/RS;Leste;Capotamento;1;0;0;0;0;0;0;0;0;0;1;0;0;0;0
06/03/2021;06:31:29;20;Acidente com VITIMA;296,000;BR-386/RS;Norte;Tombamento;0;0;0;0;0;0;0;1;0;0;0;1;0;0;0
06/03/2021;10:55:43;80;Acidente sem VITIMA;92,000;BR-290/RS;Oeste;Queda de moto;0;0;0;1;0;0;0;0;0;0;1;0;0;0;0
07/03/2021;07:00:00;12;Acidente com VITIMA;65,000;BR-101/RS;Sul;Colisão - Traseira;0;0;1;1;0;0;0;0;0;0;0;0;0;1;0
07/03/2021;12:10:53;54;Acidente com VITIMA;2,000;BR-290/RS;Oeste;Queda de moto;0;0;0;1;0;0;0;0;0;0;1;0;1;0;0
08/03/2021;11:11:22;137;Acidente sem VITIMA;44,000;BR-101/RS;Norte;Colisão - Traseira;0;0;2;0;0;0;0;0;0;0;2;0;0;0;0
08/03/2021;22:18:23;272;Acidente sem VITIMA;308,000;BR-386/RS;Norte;Tombamento;0;0;1;0;0;0;0;0;0;0;1;0;0;0;0
08/03/2021;08:31:39;82;Acidente sem VITIMA;92,000;BR-290/RS;Leste;Queda de ribanceira;1;0;0;0;0;0;0;0;0;0;1;0;0;0;0
09/03/2021;05:58:39;15;Acidente sem VITIMA;1,000;BR-290/RS;Oeste;Queda de ribanceira;1;0;0;0;0;0;0;0;0;0;1;0;0;0;0
09/03/2021;14:29:59;157;Acidente sem VITIMA;263,000;BR-386/RS;Norte;Engavetamento;1;0;0;0;0;3;0;0;0;0;8;0;0;0;0
09/03/2021;16:04:14;180;Acidente sem VITIMA;263,000;BR-386/RS;Norte;Colisão - Lateral;0;0;0;0;0;2;0;0;0;0;2;0;0;0;0
09/03/2021;07:29:49;38;Acidente sem VITIMA;16,000;BR-448/RS;Norte;;1;0;0;0;0;0;0;0;0;0;1;0;0;0;0
09/03/2021;08:26:26;61;Acidente sem VITIMA;87,000;BR-290/RS;Leste;Colisão - Lateral;1;0;1;0;0;0;0;0;0;0;2;0;0;0;0
09/03/2021;09:35:23;98;Acidente sem VITIMA;37,000;BR-101/RS;Sul;Capotamento;1;0;0;0;0;0;0;0;0;0;1;0;0;0;0
10/03/2021;10:45:13;119;Acidente sem VITIMA;22,000;BR-101/RS;Norte;Colisão - Lateral;1;0;0;0;0;0;0;0;0;1;2;0;0;0;0
10/03/2021;13:01:18;148;Acidente sem VITIMA;251,000;BR-386/RS;Norte;Colisão - Traseira;2;0;0;0;0;0;0;0;0;0;4;0;0;0;0
10/03/2021;14:12:38;156;Acidente sem VITIMA;35,000;BR-101/RS;Norte;Colisão - Traseira;1;0;1;0;0;0;0;0;0;0;2;0;0;0;0
10/03/2021;17:09:38;189;Acidente com VITIMA;75,000;BR-290/RS;Leste;Queda de moto;0;0;0;1;0;0;0;0;0;0;1;1;0;0;0
10/03/2021;17:37:52;194;Acidente sem VITIMA;6,000;BR-290/RS;Oeste;Queda de ribanceira;1;0;0;0;0;0;0;0;0;0;1;0;0;0;0
10/03/2021;18:54:56;200;Acidente com VITIMA;343,000;BR-386/RS;Norte;Colisão - Lateral;0;0;0;1;0;0;0;0;0;0;1;1;0;0;0
10/03/2021;22:39:44;225;Acidente com VITIMA;214,000;BR-386/RS;Norte;Colisão - Lateral;1;0;0;0;0;0;0;1;0;0;2;2;0;0;0
11/03/2021;11:34:16;141;Acidente com VITIMA;25,000;BR-290/RS;Leste;Choque - Arvore;1;0;0;0;0;0;0;0;0;0;0;0;1;0;0
11/03/2021;17:48:53;208;Acidente com VITIMA;16,000;BR-448/RS;Norte;Capotamento;1;0;0;0;0;0;0;0;0;0;0;0;1;0;0
11/03/2021;09:01:19;97;Acidente com VITIMA;420,000;BR-386/RS;Norte;Queda de moto;0;0;0;1;0;0;0;0;0;0;0;1;0;0;0
12/03/2021;15:17:18;186;Acidente com VITIMA;280,000;BR-386/RS;Sul;Colisão - Frontal;3;0;0;0;0;0;0;0;0;0;0;2;2;0;0
12/03/2021;17:16:31;208;Acidente sem VITIMA;432,000;BR-386/RS;Sul;Colisão - Traseira;1;0;0;0;0;1;0;0;0;0;2;0;0;0;0
12/03/2021;18:16:35;219;Acidente com VITIMA;332,000;BR-386/RS;Norte;Colisão - Frontal;2;0;1;0;0;0;0;0;0;0;2;0;0;1;0
12/03/2021;19:55:54;236;Acidente sem VITIMA;222,000;BR-386/RS;Norte;Queda de ribanceira;1;0;0;0;0;0;0;0;0;0;1;0;0;0;0
13/03/2021;00:04:22;1;Acidente com VITIMA;80,000;BR-290/RS;Oeste;Tombamento;0;0;0;0;0;0;0;0;0;1;1;1;0;0;0
13/03/2021;11:44:49;111;Acidente com VITIMA FATAL;350,000;BR-386/RS;Norte;Choque Barreira;0;0;1;0;0;0;0;0;0;0;0;0;0;0;1
13/03/2021;01:35:28;15;Acidente sem VITIMA;26,000;BR-290/RS;Oeste;Saída de pista;1;0;0;0;0;0;0;0;0;0;1;0;0;0;0
13/03/2021;17:10:33;155;Acidente com VITIMA;19,000;BR-290/RS;Oeste;Colisão - Traseira;2;0;0;0;0;0;0;0;0;0;4;1;0;0;0
13/03/2021;18:10:38;167;Acidente sem VITIMA;4,000;BR-290/RS;Oeste;Queda de ribanceira;1;0;0;0;0;0;0;0;0;0;4;0;0;0;0
13/03/2021;18:36:01;171;Acidente com VITIMA;88,000;BR-290/RS;Leste;Queda de moto;0;0;0;1;0;0;0;0;0;0;0;2;0;0;0
13/03/2021;21:54:31;189;Acidente com VITIMA;403,000;BR-386/RS;Norte;Queda de moto;0;0;0;1;0;0;0;0;0;0;0;0;1;0;0
13/03/2021;22:28:29;190;Acidente com VITIMA;77,000;BR-290/RS;Leste;Colisão - Traseira;2;0;0;0;0;0;0;0;0;0;3;3;0;0;0
14/03/2021;17:39:13;141;Acidente com VITIMA;17,000;BR-101/RS;Sul;Queda de moto;0;0;0;1;0;0;0;0;0;0;0;0;2;0;0
14/03/2021;17:46:39;143;Acidente sem VITIMA;372,000;BR-386/RS;Sul;Queda de ribanceira;1;0;0;0;0;0;0;0;0;0;1;0;0;0;0
14/03/2021;05:48:46;17;Acidente com VITIMA;4,000;BR-101/RS;Sul;Colisão - Lateral;2;0;0;0;0;0;0;0;0;0;2;1;0;0;0
14/03/2021;12:42:58;87;Acidente sem VITIMA;3,000;BR-448/RS;Sul;Choque Barreira;1;0;0;0;0;0;0;0;0;0;1;0;0;0;0
15/03/2021;13:42:09;145;Acidente sem VITIMA;96,000;BR-290/RS;Oeste;Choque Barreira;1;0;0;0;0;0;0;0;0;0;1;0;0;0;0
15/03/2021;14:15:19;156;Acidente sem VITIMA;92,000;BR-290/RS;Leste;;0;0;1;0;0;0;0;0;0;0;1;0;0;0;0
15/03/2021;18:31:47;203;Acidente com VITIMA;85,000;BR-101/RS;Sul;Choque Defensa;0;0;0;0;0;0;0;0;0;0;0;0;1;0;0
15/03/2021;06:51:37;26;Acidente sem VITIMA;316,000;BR-386/RS;Norte;Queda de moto;0;0;0;1;0;0;0;0;0;0;1;0;0;0;0
16/03/2021;05:35:51;14;Acidente com VITIMA;346,000;BR-386/RS;Sul;Queda de moto;0;0;0;1;0;0;0;0;0;0;0;1;0;0;0
17/03/2021;04:26:00;12;Acidente sem VITIMA;346,000;BR-386/RS;Sul;Choque Defensa;1;0;0;0;0;0;0;0;0;0;1;0;0;0;0
17/03/2021;04:48:12;13;Acidente sem VITIMA;256,000;BR-386/RS;Sul;Queda de ribanceira;1;0;0;0;0;0;0;0;0;0;3;0;0;0;0
17/03/2021;19:27:13;221;Acidente sem VITIMA;223,000;BR-386/RS;Sul;Atropelamento de Animal;1;0;0;0;0;0;0;0;0;0;3;0;0;0;0
17/03/2021;19:42:16;223;Acidente sem VITIMA;50,000;BR-101/RS;Sul;Colisão - Traseira;1;0;0;0;0;1;0;0;0;0;2;0;0;0;0
17/03/2021;07:44:48;34;Acidente sem VITIMA;79,000;BR-290/RS;Oeste;Choque Barreira;1;0;0;0;0;0;0;0;0;0;3;0;0;0;0
17/03/2021;07:58:23;39;Acidente sem VITIMA;35,000;BR-101/RS;Sul;Colisão - Traseira;0;0;1;0;0;1;0;0;0;0;2;0;0;0;0
17/03/2021;02:02:14;5;Acidente com VITIMA;92,000;BR-290/RS;Oeste;Tombamento;0;0;0;0;0;0;0;1;0;0;0;1;0;0;0
17/03/2021;09:18:06;76;Acidente com VITIMA;386,000;BR-386/RS;Sul;Colisão - Lateral;2;0;0;0;0;0;0;0;0;0;6;0;2;0;0
17/03/2021;10:10:07;93;Acidente com VITIMA;335,000;BR-386/RS;Norte;Colisão - Lateral;0;0;0;1;0;0;0;1;0;0;1;0;1;0;0
18/03/2021;14:48:07;165;Acidente sem VITIMA;439,000;BR-386/RS;Norte;Colisão - Traseira;2;0;0;0;0;0;0;0;0;0;3;0;0;0;0
18/03/2021;17:13:59;199;Acidente sem VITIMA;351,000;BR-386/RS;Norte;Colisão - Traseira;2;0;0;0;0;0;0;0;0;0;2;0;0;0;0
18/03/2021;19:56:46;223;Acidente sem VITIMA;356,000;BR-386/RS;Norte;Choque Defensa;1;0;0;0;0;0;0;0;0;0;4;0;0;0;0
18/03/2021;21:16:00;236;Acidente sem VITIMA;306,000;BR-386/RS;Sul;Colisão - Traseira;0;0;0;0;0;0;0;2;0;0;2;0;0;0;0
19/03/2021;04:25:23;13;Acidente sem VITIMA;62,000;BR-290/RS;Leste;Colisão - Lateral;1;0;0;0;0;0;0;0;0;0;1;0;0;0;0
19/03/2021;16:41:38;201;Acidente sem VITIMA;75,000;BR-290/RS;Oeste;Colisão - Traseira;1;0;0;1;0;0;0;0;0;0;2;0;0;0;0
19/03/2021;16:43:17;203;Acidente sem VITIMA;35,000;BR-101/RS;Norte;Colisão - Traseira;1;0;0;0;0;0;0;1;0;0;2;0;0;0;0
19/03/2021;21:43:54;265;Acidente sem VITIMA;392,000;BR-386/RS;Norte;Colisão - Transversal;2;0;0;0;0;0;0;0;0;0;6;0;0;0;0
20/03/2021;16:33:19;164;Acidente sem VITIMA;16,000;BR-448/RS;Norte;Queda de moto;0;0;0;1;0;0;0;0;0;0;2;0;0;0;0
20/03/2021;18:28:15;181;Acidente com VITIMA;49,000;BR-101/RS;Sul;Colisão - Transversal;0;0;2;0;0;0;0;0;0;0;2;1;0;0;0
20/03/2021;22:10:08;215;Acidente sem VITIMA;52,030;BR-101/RS;Sul;Atropelamento de Animal;1;0;0;0;0;0;0;0;0;0;2;0;0;0;0
21/03/2021;18:51:57;132;Acidente sem VITIMA;263,000;BR-386/RS;Norte;Queda de moto;0;0;0;1;0;0;0;0;0;0;2;0;0;0;0
21/03/2021;19:31:01;139;Acidente sem VITIMA;75,000;BR-290/RS;Leste;Choque Defensa;1;0;0;0;0;0;0;0;0;0;1;0;0;0;0
21/03/2021;20:51:51;147;Acidente sem VITIMA;51,000;BR-290/RS;Oeste;Saída de pista;1;0;0;0;0;0;0;0;0;0;1;0;0;0;0
21/03/2021;09:39:31;45;Acidente sem VITIMA;422,000;BR-386/RS;Sul;Choque - Meio Fio;1;0;0;0;0;0;0;0;0;0;1;0;0;0;0
21/03/2021;11:07:29;62;Acidente sem VITIMA;16,000;BR-290/RS;Leste;Queda de ribanceira;1;0;0;0;0;0;0;0;0;0;1;0;0;0;0
21/03/2021;11:21:02;66;Acidente com VITIMA;43,000;BR-290/RS;Oeste;Queda de moto;0;0;0;1;0;0;0;0;0;0;0;1;0;0;0
21/03/2021;11:49:24;71;Acidente sem VITIMA;424,000;BR-386/RS;Norte;Queda de ribanceira;1;0;0;0;0;0;0;0;0;0;2;0;0;0;0
21/03/2021;15:31:02;94;Acidente sem VITIMA;60,000;BR-290/RS;Oeste;;2;0;0;0;0;0;0;0;0;0;2;0;0;0;0
22/03/2021;10:33:26;104;Acidente sem VITIMA;86,000;BR-101/RS;Sul;Choque - Meio Fio;2;0;0;0;0;0;0;0;0;0;2;0;0;0;0
22/03/2021;18:16:14;217;Acidente com VITIMA;432,000;BR-386/RS;Norte;Colisão - Traseira;1;0;1;0;0;0;0;0;0;0;1;1;0;0;0
22/03/2021;06:19:09;22;Acidente sem VITIMA;22,000;BR-448/RS;Norte;Tombamento;1;0;0;0;0;0;0;1;0;0;2;0;0;0;0
22/03/2021;09:06:17;73;Acidente sem VITIMA;229,000;BR-386/RS;Norte;Queda de ribanceira;0;0;0;0;0;0;0;0;0;1;1;0;0;0;0
23/03/2021;00:01:56;1;Acidente sem VITIMA;282,000;BR-386/RS;Sul;Queda de ribanceira;1;0;0;0;0;0;0;0;0;0;2;0;0;0;0
23/03/2021;11:34:54;110;Acidente sem VITIMA;28,000;BR-101/RS;Sul;Saída de pista;1;0;0;0;0;0;0;0;0;0;1;0;0;0;0
23/03/2021;15:43:30;152;Acidente sem VITIMA;85,000;BR-290/RS;Leste;Colisão - Traseira;1;0;1;0;0;0;0;0;0;0;5;0;0;0;0
23/03/2021;16:07:15;156;Acidente sem VITIMA;412,000;BR-386/RS;Sul;Queda de ribanceira;1;0;0;0;0;0;0;0;0;0;1;0;0;0;0
23/03/2021;16:08:46;158;Acidente sem VITIMA;15,000;BR-448/RS;Norte;Colisão - Lateral;1;0;0;0;0;0;0;1;0;0;2;0;0;0;0
23/03/2021;17:21:47;173;Acidente sem VITIMA;92,000;BR-290/RS;Leste;Colisão - Lateral;2;0;0;0;0;0;0;0;0;0;2;0;0;0;0
23/03/2021;07:08:22;23;Acidente sem VITIMA;356,000;BR-386/RS;Sul;Choque - Meio Fio;1;0;0;0;0;0;0;0;0;0;1;0;0;0;0
23/03/2021;07:27:19;30;Acidente com VITIMA;400,000;BR-386/RS;Norte;Colisão - Traseira;0;0;0;0;0;0;0;0;0;2;8;1;1;0;0
23/03/2021;07:40:37;33;Acidente sem VITIMA;439,000;BR-386/RS;Norte;Colisão - Traseira;1;0;0;0;0;0;0;1;0;0;2;0;0;0;0
23/03/2021;07:47:07;37;Acidente sem VITIMA;22,000;BR-448/RS;Sul;Colisão - Lateral;1;0;0;0;0;0;0;0;0;1;2;0;0;0;0
23/03/2021;08:05:07;43;Acidente sem VITIMA;22,000;BR-448/RS;Norte;Choque Barreira;1;0;0;0;0;0;0;0;0;0;1;0;0;0;0
23/03/2021;08:27:22;48;Acidente sem VITIMA;26,000;BR-290/RS;Leste;Colisão - Traseira;1;0;0;0;0;0;0;1;0;0;2;0;0;0;0
23/03/2021;08:40:39;54;Acidente sem VITIMA;248,000;BR-386/RS;Norte;Colisão - Lateral;2;0;0;0;0;0;0;0;0;0;2;0;0;0;0
23/03/2021;09:04:58;71;Acidente sem VITIMA;22,000;BR-448/RS;Sul;Colisão - Traseira;2;0;0;0;0;0;0;0;0;0;2;0;0;0;0
23/03/2021;10:10:56;87;Acidente sem VITIMA;236,000;BR-386/RS;Norte;Queda de ribanceira;1;0;0;0;0;0;0;0;0;0;1;0;0;0;0
24/03/2021;13:30:42;138;Acidente sem VITIMA;426,000;BR-386/RS;Sul;Choque Praça - Cabine;0;0;1;0;0;0;0;0;0;0;1;0;0;0;0
24/03/2021;06:09:27;16;Acidente sem VITIMA;47,000;BR-290/RS;Leste;Queda de ribanceira;0;0;0;0;0;0;0;0;0;1;2;0;0;0;0
24/03/2021;16:37:05;174;Acidente sem VITIMA;22,000;BR-448/RS;Sul;Tombamento;0;0;0;0;0;0;0;1;0;0;1;0;0;0;0
24/03/2021;16:45:00;177;Acidente com VITIMA;348,000;BR-386/RS;Norte;Colisão - Traseira;1;0;0;1;0;0;0;0;0;0;1;1;0;0;0
24/03/2021;17:01:27;178;Acidente com VITIMA;267,000;BR-386/RS;Sul;Colisão - Transversal;2;0;0;0;0;0;0;0;0;0;2;2;0;0;0
24/03/2021;23:05:33;221;Acidente sem VITIMA;350,280;BR-386/RS;Norte;Choque Barreira;1;0;0;0;0;0;0;0;0;0;1;0;0;0;0
24/03/2021;08:06:37;61;Acidente com VITIMA;343,000;BR-386/RS;Sul;Colisão - Lateral;1;0;0;1;0;0;0;0;0;0;2;1;0;0;0
25/03/2021;06:40:37;17;Acidente com VITIMA;418,000;BR-386/RS;Norte;Saída de pista;1;0;0;0;0;0;0;0;0;0;0;0;1;0;0
25/03/2021;18:40:59;194;Acidente sem VITIMA;76,000;BR-290/RS;Oeste;Colisão - Lateral;2;0;0;0;0;0;0;0;0;0;4;0;0;0;0
25/03/2021;19:38:04;204;Acidente com VITIMA;347,000;BR-386/RS;Sul;Colisão - Traseira;1;0;0;1;0;0;0;0;0;0;1;0;0;1;0
25/03/2021;20:57:20;218;Acidente sem VITIMA;348,270;BR-386/RS;Sul;Saída de pista;1;0;0;0;0;0;0;0;0;0;3;0;0;0;0
25/03/2021;21:27:44;221;Acidente sem VITIMA;20,000;BR-101/RS;Norte;Choque Barreira;0;0;0;0;0;0;0;1;0;0;1;0;0;0;0
25/03/2021;21:38:02;224;Acidente com VITIMA;305,000;BR-386/RS;Norte;Colisão - Frontal;1;0;1;0;0;0;0;0;0;0;1;1;0;0;0
26/03/2021;12:30:46;157;Acidente sem VITIMA;80,000;BR-101/RS;Sul;Saída de pista;0;0;0;0;0;0;0;1;0;0;1;0;0;0;0
26/03/2021;05:12:16;16;Acidente com VITIMA;50,000;BR-101/RS;Sul;Queda de ribanceira;0;0;1;0;0;0;0;0;0;0;0;0;1;0;0
26/03/2021;14:28:31;183;Acidente com VITIMA;304,000;BR-386/RS;Norte;Colisão - Traseira;1;0;0;1;0;0;0;0;0;0;1;0;1;0;0
26/03/2021;17:15:46;207;Acidente sem VITIMA;84,000;BR-290/RS;Leste;Choque Barreira;1;0;0;0;0;0;0;0;0;0;1;0;0;0;0
26/03/2021;17:45:21;216;Acidente sem VITIMA;408,000;BR-386/RS;Norte;Queda de ribanceira;1;0;0;0;0;1;0;0;0;0;4;0;0;0;0
26/03/2021;18:16:06;223;Acidente sem VITIMA;397,000;BR-386/RS;Norte;Saída de pista;0;0;0;0;0;0;0;0;0;1;2;0;0;0;0
26/03/2021;19:07:18;228;Acidente sem VITIMA;401,000;BR-386/RS;Norte;Saída de pista;1;0;0;0;0;0;0;0;0;0;1;0;0;0;0
26/03/2021;19:12:02;230;Acidente sem VITIMA;374,000;BR-386/RS;Norte;Saída de pista;1;0;0;0;0;0;0;0;0;0;1;0;0;0;0
26/03/2021;21:26:38;254;Acidente com VITIMA;348,000;BR-386/RS;Norte;Saída de pista;2;0;0;1;0;0;0;0;0;0;2;1;0;0;0
26/03/2021;23:07:30;265;Acidente sem VITIMA;91,000;BR-290/RS;Oeste;Colisão - Traseira;2;0;0;0;0;0;0;0;0;0;3;0;0;0;0
26/03/2021;08:26:36;85;Acidente sem VITIMA;348,000;BR-386/RS;Sul;Colisão - Traseira;2;0;0;0;0;0;0;0;0;0;2;0;0;0;0
27/03/2021;13:16:45;118;Acidente com VITIMA;25,000;BR-290/RS;Leste;Capotamento;1;0;0;0;0;0;0;0;0;0;0;3;0;0;0
27/03/2021;02:53:58;13;Acidente sem VITIMA;52,000;BR-101/RS;Norte;Saída de pista;1;0;0;0;0;0;0;0;0;0;1;0;0;0;0
27/03/2021;02:55:07;14;Acidente sem VITIMA;353,000;BR-386/RS;Norte;Queda de ribanceira;1;0;0;0;0;0;0;0;0;0;1;0;0;0;0
27/03/2021;16:16:32;151;Acidente sem VITIMA;349,000;BR-386/RS;Sul;Engavetamento;3;0;0;0;0;0;0;0;0;0;5;0;0;0;0
27/03/2021;00:48:03;4;Acidente sem VITIMA;72,000;BR-101/RS;Norte;Saída de pista;1;0;0;0;0;0;0;0;0;0;2;0;0;0;0
28/03/2021;19:31:17;151;Acidente sem VITIMA;298,000;BR-386/RS;Norte;Capotamento;1;0;0;0;0;0;0;0;0;0;1;0;0;0;0
28/03/2021;01:20:48;5;Acidente sem VITIMA;5,000;BR-290/RS;Ambos;Saída de pista;1;0;0;0;0;0;0;0;0;0;1;0;0;0;0
28/03/2021;12:56:19;85;Acidente com VITIMA;11,000;BR-101/RS;Norte;Queda de ribanceira;1;0;0;0;0;0;0;0;0;0;1;1;0;0;0
29/03/2021;10:15:53;111;Acidente sem VITIMA;380,000;BR-386/RS;Sul;Colisão - Transversal;1;0;1;0;0;0;0;0;0;0;3;0;0;0;0
29/03/2021;11:05:21;131;Acidente com VITIMA;224,000;BR-386/RS;Norte;Tombamento;0;0;0;0;0;0;0;1;0;0;0;1;0;0;0
29/03/2021;11:48:25;136;Acidente com VITIMA;270,000;BR-386/RS;Sul;Colisão - Traseira;2;0;0;0;0;0;0;0;0;0;3;0;1;0;0
29/03/2021;03:55:31;15;Acidente sem VITIMA;43,000;BR-290/RS;Oeste;Queda de ribanceira;0;0;0;0;0;0;0;0;0;1;1;0;0;0;0
29/03/2021;16:03:07;176;Acidente sem VITIMA;426,000;BR-386/RS;Sul;Colisão - Traseira;2;0;0;0;0;0;0;0;0;0;4;0;0;0;0
29/03/2021;20:26:51;220;Acidente sem VITIMA;50,000;BR-101/RS;Norte;Atropelamento de Animal;1;0;0;0;0;0;0;0;0;0;3;0;0;0;0
29/03/2021;20:39:33;223;Acidente sem VITIMA;28,000;BR-290/RS;Oeste;Saída de pista;1;0;0;0;0;0;0;0;0;0;1;0;0;0;0
29/03/2021;21:09:55;227;Acidente sem VITIMA;219,000;BR-386/RS;Norte;Atropelamento de Animal;1;0;0;0;0;0;0;0;0;0;2;0;0;0;0
30/03/2021;15:51:24;176;Acidente sem VITIMA;65,000;BR-290/RS;Oeste;Queda de ribanceira;1;0;0;0;0;0;0;0;0;0;1;0;0;0;0
30/03/2021;17:24:59;190;Acidente com VITIMA;93,000;BR-290/RS;Oeste;Colisão - Lateral;1;0;0;1;0;0;0;0;0;0;0;1;0;0;0
30/03/2021;18:53:49;204;Acidente sem VITIMA;28,000;BR-290/RS;Oeste;Saída de pista;1;0;0;0;0;0;0;0;0;0;3;0;0;0;0
30/03/2021;19:22:51;208;Acidente sem VITIMA;91,000;BR-290/RS;Leste;Queda de moto;0;0;0;1;0;0;0;0;0;0;1;0;0;0;0
30/03/2021;07:21:58;36;Acidente sem VITIMA;87,000;BR-290/RS;Leste;Colisão - Lateral;3;0;0;0;0;0;0;1;0;0;4;0;0;0;0
31/03/2021;13:16:46;186;Acidente sem VITIMA;60,000;BR-290/RS;Leste;Colisão - Traseira;1;0;0;0;0;0;0;1;0;0;3;0;0;0;0
31/03/2021;14:48:44;212;Acidente sem VITIMA;400,000;BR-386/RS;Sul;Queda de ribanceira;0;0;0;0;0;0;0;1;0;0;1;0;0;0;0
31/03/2021;04:47:39;23;Acidente com VITIMA;279,360;BR-386/RS;Sul;Choque Barreira;1;0;0;0;0;0;0;0;0;0;0;1;0;0;0
31/03/2021;06:16:11;25;Acidente com VITIMA;71,000;BR-101/RS;Sul;Capotamento;1;0;0;0;0;0;0;0;0;0;0;6;0;0;0
31/03/2021;06:35:33;27;Acidente com VITIMA;19,000;BR-101/RS;Sul;Colisão - Lateral;1;0;0;1;0;0;0;0;0;0;2;1;0;0;0
31/03/2021;21:06:13;283;Acidente sem VITIMA;435,000;BR-386/RS;Norte;Colisão - Traseira;1;0;0;0;0;0;0;1;0;0;2;0;0;0;0
01/04/2021;11:07:37;137;Acidente sem VITIMA;60,000;BR-290/RS;Leste;Colisão - Traseira;2;0;0;0;0;0;0;0;0;0;2;0;0;0;0
01/04/2021;12:17:17;157;Acidente sem VITIMA;33,000;BR-290/RS;Leste;Queda de ribanceira;1;0;0;0;0;0;0;0;0;0;4;0;0;0;0