data;horario;n_da_ocorrencia;tipo_de_ocorrencia;km;trecho;sentido;tipo_de_acidente;automovel;bicicleta;caminhao;moto;onibus;outros;tracao_animal;transporte_de_cargas_especiais;trator_maquinas;utilitarios;ilesos;levemente_feridos;moderadamente_feridos;gravemente_feridos;mortos
01/04/2021;12:43:35;161;Acidente sem VITIMA;76,000;BR-101/RS;Sul;Capotamento;1;0;0;0;0;0;0;0;0;0;2;0;0;0;0
01/04/2021;13:36:33;182;Acidente sem VITIMA;90,000;BR-290/RS;Oeste;Choque Defensa;1;0;0;0;0;0;0;0;0;0;2;0;0;0;0
01/04/2021;14:49:17;208;Atropelamento Fatal;9,000;BR-101/RS;Sul;Atropelamento - Usuário;1;0;0;0;0;0;0;0;0;0;2;0;0;0;1
01/04/2021;18:21:15;271;Acidente com VITIMA;89,000;BR-290/RS;Leste;Colisão - Lateral;1;0;0;1;0;0;0;0;0;0;1;1;0;0;0
01/04/2021;19:15:06;286;Acidente com VITIMA FATAL;414,000;BR-386/RS;Norte;Colisão - Lateral;1;0;0;1;0;0;0;0;0;0;1;0;0;0;1
01/04/2021;00:55:49;3;Acidente sem VITIMA;86,000;BR-290/RS;Leste;Choque Defensa;1;0;0;0;0;0;0;0;0;0;1;0;0;0;0
01/04/2021;08:18:11;67;Acidente com VITIMA;296,000;BR-386/RS;Sul;Queda de moto;0;0;0;1;0;1;0;0;0;0;1;0;1;0;0
02/04/2021;12:53:22;101;Atropelamento;33,000;BR-101/RS;Norte;Atropelamento - Usuário;1;0;0;0;0;0;0;0;0;0;2;0;1;0;0
02/04/2021;14:43:52;115;Acidente com VITIMA;28,000;BR-101/RS;Norte;Colisão - Transversal;2;0;0;0;0;0;0;0;0;0;8;1;0;0;0
02/04/2021;19:11:31;157;Acidente com VITIMA;341,000;BR-386/RS;Sul;Queda de moto;0;0;0;1;0;0;0;0;0;0;0;2;0;0;0
02/04/2021;04:47:34;18;Acidente sem VITIMA;330,000;BR-386/RS;Sul;;1;0;0;0;0;0;0;0;0;0;1;0;0;0;0
02/04/2021;07:53:51;38;Acidente sem VITIMA;204,000;BR-386/RS;Norte;Engavetamento;5;0;0;0;0;0;0;0;0;0;9;0;0;0;0
03/04/2021;18:04:06;151;Acidente com VITIMA;8,000;BR-290/RS;Oeste;Saída de pista;1;0;0;0;0;0;0;0;0;0;3;1;0;0;0
03/04/2021;19:32:09;168;Acidente com VITIMA;43,000;BR-101/RS;Sul;Queda de moto;0;0;0;1;0;0;0;0;0;0;0;2;0;0;0
03/04/2021;08:24:50;53;Acidente sem VITIMA;4,000;BR-448/RS;Sul;Choque Barreira;1;0;0;0;0;0;0;0;0;0;1;0;0;0;0
03/04/2021;12:00:28;95;Acidente sem VITIMA;341,000;BR-386/RS;Sul;Choque Talude;1;0;0;0;0;0;0;0;0;0;1;0;0;0;0
04/04/2021;16:01:20;115;Acidente sem VITIMA;256,000;BR-386/RS;Norte;Colisão - Lateral;1;0;1;0;0;0;0;0;0;0;2;0;0;0;0
04/04/2021;17:20:49;143;Acidente com VITIMA;344,000;BR-386/RS;Norte;Engavetamento;4;0;0;0;0;0;0;0;0;0;7;2;0;0;0
04/04/2021;17:27:48;146;Acidente com VITIMA;19,000;BR-290/RS;Oeste;Colisão - Traseira;1;0;0;1;0;0;0;0;0;0;2;1;0;0;0
04/04/2021;10:30:16;50;Acidente sem VITIMA;349,000;BR-386/RS;Sul;Colisão - Traseira;1;0;0;1;0;0;0;0;0;0;2;0;0;0;0
04/04/2021;14:42:23;89;Acidente com VITIMA;436,000;BR-386/RS;Sul;Colisão - Traseira;1;0;0;0;0;0;0;0;0;0;0;2;0;0;0
05/04/2021;05:47:12;15;Acidente sem VITIMA;3,000;BR-290/RS;Oeste;Choque com objeto sobre a pista;1;0;0;0;0;0;0;0;0;0;4;0;0;0;0
05/04/2021;12:28:05;166;Acidente sem VITIMA;246,000;BR-386/RS;Norte;Colisão - Lateral;2;0;0;0;0;0;0;0;0;0;7;0;0;0;0
05/04/2021;13:10:35;177;Acidente sem VITIMA;375,000;BR-386/RS;Norte;Colisão - Traseira;0;0;0;1;0;0;0;0;0;1;3;0;0;0;0
05/04/2021;13:24:05;182;Acidente sem VITIMA;19,000;BR-101/RS;Norte;Saída de pista;1;0;0;0;0;0;0;0;0;0;1;0;0;0;0
05/04/2021;14:09:35;196;Acidente sem VITIMA;292,000;BR-386/RS;Sul;Queda de ribanceira;0;0;1;0;0;0;0;0;0;0;1;0;0;0;0
05/04/2021;14:54:18;207;Acidente sem VITIMA;348,000;BR-386/RS;Sul;Colisão - Lateral;1;0;1;0;0;0;0;0;0;0;2;0;0;0;0
05/04/2021;16:24:22;234;Acidente sem VITIMA;292,000;BR-386/RS;Sul;Colisão - Lateral;1;0;0;0;0;1;0;0;0;0;2;0;0;0;0
05/04/2021;16:54:25;242;Acidente sem VITIMA;439,000;BR-386/RS;Norte;Queda de moto;0;0;0;1;0;1;0;0;0;0;2;0;0;0;0
05/04/2021;08:15:20;79;Acidente com VITIMA;82,000;BR-101/RS;Sul;Queda de moto;0;0;0;1;0;0;0;0;0;0;0;1;1;0;0
06/04/2021;10:38:17;109;Acidente sem VITIMA;275,000;BR-386/RS;Norte;Queda de ribanceira;0;0;1;0;0;0;0;0;0;0;1;0;0;0;0
06/04/2021;14:20:42;164;Acidente sem VITIMA;327,000;BR-386/RS;Sul;Colisão - Lateral;0;0;1;0;0;0;0;1;0;0;3;0;0;0;0
06/04/2021;16:50:56;199;Acidente com VITIMA;338,000;BR-386/RS;Sul;Colisão - Frontal;1;0;1;0;0;0;0;1;0;0;2;1;0;0;0
06/04/2021;06:49:04;25;Acidente sem VITIMA;33,000;BR-290/RS;Oeste;Capotamento;1;0;0;0;0;0;0;0;0;0;1;0;0;0;0
06/04/2021;08:06:50;63;Acidente com VITIMA;73,000;BR-290/RS;Oeste;Choque com veículo no acostamento;1;0;1;0;0;0;0;0;0;0;1;0;1;1;0
06/04/2021;09:32:09;90;Acidente sem VITIMA;349,000;BR-386/RS;Sul;Colisão - Traseira;1;0;1;0;0;0;0;0;0;0;4;0;0;0;0
07/04/2021;13:23:29;156;Acidente sem VITIMA;36,000;BR-290/RS;Oeste;Queda de ribanceira;1;0;0;0;0;0;0;0;0;0;2;0;0;0;0
07/04/2021;19:49:42;235;Acidente com VITIMA;4,000;BR-101/RS;Sul;Queda de moto;0;0;0;1;0;0;0;0;0;0;0;0;1;0;0
07/04/2021;20:33:36;238;Acidente sem VITIMA;349,000;BR-386/RS;Sul;Colisão - Lateral;1;0;0;0;0;1;0;0;0;0;3;0;0;0;0
07/04/2021;07:13:58;31;Acidente sem VITIMA;80,000;BR-290/RS;Leste;Colisão - Traseira;2;0;0;0;0;0;0;0;0;0;2;0;0;0;0
07/04/2021;07:31:42;36;Acidente com VITIMA;332,000;BR-386/RS;Sul;Colisão - Lateral;0;0;2;0;0;0;0;0;0;0;0;1;2;0;0
07/04/2021;03:32:29;6;Acidente sem VITIMA;94,000;BR-290/RS;Leste;Colisão - Transversal;1;0;0;1;0;0;0;0;0;0;3;0;0;0;0
08/04/2021;09:53:26;119;Acidente sem VITIMA;4,000;BR-290/RS;Oeste;Queda de ribanceira;1;0;0;0;0;0;0;0;0;0;1;0;0;0;0
08/04/2021;19:13:36;254;Acidente com VITIMA;435,000;BR-386/RS;Norte;Colisão - Transversal;1;0;1;0;0;0;0;0;0;0;1;0;1;0;0
09/04/2021;09:24:35;118;Acidente sem VITIMA;346,000;BR-386/RS;Sul;Choque Defensa;1;0;0;0;0;0;0;0;0;0;1;0;0;0;0
09/04/2021;14:30:59;214;Acidente sem VITIMA;350,000;BR-386/RS;Sul;Colisão - Traseira;2;0;0;0;0;0;0;0;0;0;2;0;0;0;0
09/04/2021;15:01:14;222;Acidente com VITIMA;343,000;BR-386/RS;Norte;Colisão - Frontal;1;0;0;1;0;0;0;0;0;0;4;0;1;0;0
09/04/2021;16:06:26;252;Acidente sem VITIMA;426,000;BR-386/RS;Norte;Colisão - Lateral;1;0;0;0;0;0;0;0;0;0;2;0;0;0;0
09/04/2021;05:55:01;28;Acidente com VITIMA;94,000;BR-290/RS;Leste;Queda de moto;0;0;0;1;0;0;0;0;0;0;0;1;0;0;0
09/04/2021;17:12:14;286;Acidente com VITIMA;436,000;BR-386/RS;Sul;Capotamento;1;0;0;0;0;0;0;0;0;0;0;0;1;0;0
09/04/2021;18:44:14;312;Acidente sem VITIMA;67,000;BR-101/RS;Sul;Choque - Caixa de Captação/Fibra;2;0;0;0;0;0;0;0;0;0;2;0;0;0;0
09/04/2021;19:02:02;320;Acidente sem VITIMA;9,000;BR-290/RS;Oeste;Colisão - Frontal;2;0;0;0;0;0;0;0;0;0;5;0;0;0;0
09/04/2021;07:12:29;52;Acidente sem VITIMA;345,000;BR-386/RS;Norte;Choque - Arvore;1;0;0;0;0;0;0;0;0;0;1;0;0;0;0
10/04/2021;10:55:51;113;Acidente sem VITIMA;0,000;BR-448/RS;Sul;Capotamento;1;0;0;0;0;0;0;0;0;0;2;0;0;0;0
10/04/2021;11:07:44;118;Acidente com VITIMA;343,000;BR-386/RS;Sul;Colisão - Lateral;1;0;0;1;0;0;0;0;0;0;1;1;0;0;0
10/04/2021;11:45:31;129;Acidente sem VITIMA;226,000;BR-386/RS;Sul;Queda de ribanceira;0;0;1;0;0;0;0;0;0;0;2;0;0;0;0
10/04/2021;11:55:02;132;Acidente sem VITIMA;19,000;BR-448/RS;Norte;Capotamento;1;0;0;0;0;0;0;0;0;0;4;0;0;0;0
10/04/2021;12:32:24;152;Acidente com VITIMA;26,000;BR-101/RS;Sul;Colisão - Traseira;2;0;0;0;0;0;0;0;0;0;1;1;2;0;0
10/04/2021;13:21:46;158;Acidente sem VITIMA;18,000;BR-101/RS;Sul;Choque - Poste;1;0;0;0;0;0;0;0;0;0;1;0;0;0;0
10/04/2021;14:21:02;175;Acidente com VITIMA;399,000;BR-386/RS;Sul;Queda de ribanceira;2;0;0;0;0;0;0;0;0;0;4;1;0;0;0
10/04/2021;15:59:09;194;Acidente sem VITIMA;64,000;BR-290/RS;Leste;Choque Defensa;1;0;0;0;0;0;0;0;0;0;1;0;0;0;0
10/04/2021;19:23:00;239;Acidente sem VITIMA;4,000;BR-290/RS;Leste;Colisão - Traseira;2;0;0;0;0;0;0;0;0;0;3;0;0;0;0
10/04/2021;23:28:23;264;Acidente sem VITIMA;35,000;BR-101/RS;Norte;Colisão - Traseira;2;0;0;0;0;0;0;0;0;0;4;0;0;0;0
10/04/2021;00:11:29;3;Acidente com VITIMA;10,000;BR-101/RS;Sul;Choque com veículo na faixa de rolamento;1;0;0;0;0;0;0;0;0;0;1;0;1;0;0
10/04/2021;09:47:57;91;Acidente com VITIMA;296,000;BR-386/RS;Sul;Colisão - Traseira;2;0;0;0;0;0;0;0;0;0;2;0;1;0;0
11/04/2021;11:54:06;100;Acidente sem VITIMA;247,000;BR-386/RS;Sul;;1;0;0;0;0;0;0;0;0;0;2;0;0;0;0
11/04/2021;03:37:18;13;Atropelamento;390,000;BR-386/RS;Norte;Atropelamento - Andarilho;0;0;0;0;0;0;0;0;0;0;0;0;1;0;0
11/04/2021;16:08:42;158;Acidente sem VITIMA;60,000;BR-290/RS;Oeste;Colisão - Traseira;2;0;0;0;0;0;0;0;0;0;3;0;0;0;0
11/04/2021;06:22:03;19;Acidente sem VITIMA;321,000;BR-386/RS;Sul;Atropelamento de Animal;1;0;0;0;0;0;0;0;0;0;1;0;0;0;0
11/04/2021;19:42:30;211;Acidente com VITIMA;440,000;BR-386/RS;Sul;Capotamento;1;0;0;0;0;0;0;1;0;0;1;2;0;0;0
11/04/2021;08:11:56;46;Acidente sem VITIMA;83,000;BR-101/RS;Norte;Colisão - Lateral;1;0;0;0;0;0;0;1;0;0;2;0;0;0;0
12/04/2021;09:38:29;103;Acidente sem VITIMA;48,000;BR-290/RS;Leste;Choque com veículo no acostamento;0;0;2;0;0;0;0;0;0;0;2;0;0;0;0
12/04/2021;12:28:03;152;Acidente sem VITIMA;75,000;BR-290/RS;Leste;Colisão - Traseira;1;0;0;0;0;0;0;0;0;1;2;0;0;0;0
12/04/2021;13:21:53;161;Acidente sem VITIMA;349,000;BR-386/RS;Sul;Colisão - Traseira;1;0;0;0;0;0;0;1;0;0;3;0;0;0;0
12/04/2021;17:44:15;212;Acidente com VITIMA;185,000;BR-386/RS;Sul;Colisão - Traseira;1;0;1;0;0;0;0;0;0;0;2;1;0;0;0
12/04/2021;07:50:06;58;Acidente com VITIMA;384,000;BR-386/RS;Norte;Queda de ribanceira;0;0;0;1;0;0;0;0;0;0;0;0;1;0;0
12/04/2021;08:24:00;77;Acidente sem VITIMA;351,000;BR-386/RS;Norte;Choque Defensa;1;0;0;0;0;0;0;0;0;0;1;0;0;0;0
13/04/2021;19:45:12;224;Acidente sem VITIMA;370,000;BR-386/RS;Sul;Saída de pista;1;0;0;0;0;0;0;0;0;0;1;0;0;0;0
13/04/2021;02:54:53;8;Acidente sem VITIMA;438,000;BR-386/RS;Norte;Queda de ribanceira;1;0;0;0;0;0;0;0;0;0;1;0;0;0;0
14/04/2021;05:50:45;14;Atropelamento Fatal;318,000;BR-386/RS;Sul;Atropelamento - Usuário;1;0;0;0;0;0;0;0;0;0;1;0;0;0;1
14/04/2021;14:50:48;210;Acidente sem VITIMA;324,000;BR-386/RS;Sul;Colisão - Traseira;2;0;0;0;0;0;0;0;0;0;6;0;0;0;0
14/04/2021;00:32:36;3;Acidente sem VITIMA;42,000;BR-290/RS;Leste;Queda de ribanceira;1;0;0;0;0;0;0;0;0;0;1;0;0;0;0
14/04/2021;07:41:32;57;Acidente sem VITIMA;306,000;BR-386/RS;Sul;Queda de ribanceira;0;0;1;0;0;0;0;0;0;0;2;0;0;0;0
15/04/2021;10:03:33;122;Acidente sem VITIMA;19,000;BR-290/RS;Leste;Colisão - Traseira;2;0;0;0;0;0;0;0;0;0;5;0;0;0;0
15/04/2021;11:23:20;141;Atropelamento Fatal;438,000;BR-386/RS;Norte;Atropelamento - Morador/Trabalhador/Estudante;1;0;0;0;0;0;0;0;0;0;1;0;0;0;1
15/04/2021;13:20:24;171;Acidente sem VITIMA;19,000;BR-101/RS;Sul;Colisão - Lateral;2;0;0;0;0;0;0;0;0;0;2;0;0;0;0
15/04/2021;17:11:36;237;Acidente sem VITIMA;348,000;BR-386/RS;Sul;Colisão - Lateral;1;0;1;0;0;0;0;0;0;0;2;0;0;0;0
15/04/2021;18:25:57;254;Acidente com VITIMA;385,000;BR-386/RS;Ambos;Queda de ribanceira;0;0;0;1;0;0;0;0;0;0;0;0;0;1;0
15/04/2021;18:36:26;256;Acidente sem VITIMA;71,000;BR-101/RS;Norte;Colisão - Lateral;1;0;0;0;0;0;0;1;0;0;2;0;0;0;0
16/04/2021;14:15:37;176;Acidente sem VITIMA;8,000;BR-101/RS;Norte;Colisão - Lateral;1;0;0;0;0;0;0;0;0;0;1;0;0;0;0
16/04/2021;04:10:57;18;Acidente sem VITIMA;84,000;BR-101/RS;Norte;Atropelamento de Animal;0;0;0;0;0;0;0;0;0;1;1;0;0;0;0
16/04/2021;14:46:51;181;Acidente sem VITIMA;41,000;BR-290/RS;Oeste;Queda de ribanceira;1;0;0;0;0;0;0;0;0;0;2;0;0;0;0
16/04/2021;16:45:29;210;Acidente sem VITIMA;351,000;BR-386/RS;Norte;Colisão - Traseira;2;0;0;0;0;0;0;0;0;0;2;0;0;0;0
16/04/2021;05:19:51;22;Acidente com VITIMA;417,000;BR-386/RS;Sul;Colisão - Frontal;1;0;0;0;0;1;0;0;0;0;1;1;2;0;0
16/04/2021;18:48:48;238;Acidente com VITIMA;325,000;BR-386/RS;Sul;Colisão - Lateral;1;0;0;1;0;0;0;0;0;0;1;0;1;0;0
16/04/2021;19:54:16;249;Acidente sem VITIMA;8,000;BR-101/RS;Norte;Colisão - Lateral;1;0;0;0;0;0;0;0;0;0;2;0;0;0;0
16/04/2021;22:22:32;270;Acidente sem VITIMA;2,000;BR-101/RS;Norte;Colisão - Lateral;0;0;0;0;0;0;0;0;0;1;2;0;0;0;0
16/04/2021;01:26:34;9;Acidente com VITIMA;92,000;BR-290/RS;Oeste;Choque com veículo na faixa de rolamento;1;0;0;1;0;0;0;0;0;0;1;0;1;0;0
17/04/2021;03:46:17;13;Acidente sem VITIMA;63,000;BR-290/RS;Leste;Colisão - Frontal;1;0;0;0;0;0;0;1;0;0;2;0;0;0;0
17/04/2021;14:23:21;131;Acidente sem VITIMA;31,000;BR-290/RS;Oeste;Queda de ribanceira;1;0;0;0;0;0;0;0;0;0;2;0;0;0;0
17/04/2021;15:04:51;139;Acidente sem VITIMA;356,000;BR-386/RS;Norte;Colisão - Lateral;2;0;0;0;0;0;0;0;0;0;2;0;0;0;0
17/04/2021;04:29:29;16;Acidente com VITIMA FATAL;80,000;BR-290/RS;Oeste;Colisão - Frontal;2;0;0;0;0;0;0;0;0;0;0;0;0;1;1
17/04/2021;17:39:57;162;Acidente com VITIMA;415,000;BR-386/RS;Ambos;Colisão - Frontal;2;0;0;0;0;0;0;0;0;0;0;0;4;0;0
17/04/2021;19:06:20;173;Acidente sem VITIMA;19,000;BR-290/RS;Leste;Choque Praça - Cabine;0;0;0;0;0;0;0;0;0;1;3;0;0;0;0
17/04/2021;10:08:47;86;Acidente sem VITIMA;256,000;BR-386/RS;Norte;Queda de ribanceira;1;0;0;0;0;0;0;0;0;0;2;0;0;0;0
18/04/2021;05:48:08;11;Acidente sem VITIMA;417,000;BR-386/RS;Norte;Queda de ribanceira;1;0;0;0;0;0;0;0;0;0;2;0;0;0;0
18/04/2021;18:09:53;151;Acidente sem VITIMA;392,000;BR-386/RS;Sul;Colisão - Transversal;2;0;0;0;0;0;0;0;0;0;5;0;0;0;0
18/04/2021;18:25:55;152;Atropelamento;80,000;BR-290/RS;Oeste;Atropelamento - Esportista;0;0;0;0;0;1;0;0;0;0;1;1;0;0;0
18/04/2021;19:07:29;162;Acidente sem VITIMA;7,000;BR-290/RS;Oeste;Queda de ribanceira;1;0;0;0;0;1;0;0;0;0;3;0;0;0;0
18/04/2021;20:33:03;175;Acidente com VITIMA;246,000;BR-386/RS;Sul;Saída de pista;1;0;0;0;0;0;0;0;0;0;0;1;0;0;0
18/04/2021;20:46:57;176;Acidente sem VITIMA;367,520;BR-386/RS;Norte;Queda de moto;0;0;0;1;0;0;0;0;0;0;1;0;0;0;0
18/04/2021;21:54:25;188;Acidente sem VITIMA;90,000;BR-290/RS;Oeste;Queda de ribanceira;1;0;0;0;0;0;0;0;0;0;1;0;0;0;0
18/04/2021;01:05:48;2;Acidente sem VITIMA;70,000;BR-290/RS;Leste;Colisão - Traseira;1;0;1;0;0;0;0;0;0;0;2;0;0;0;0
18/04/2021;10:28:28;67;Acidente com VITIMA;372,000;BR-386/RS;Norte;Queda de ribanceira;1;0;0;0;0;0;0;0;0;0;0;0;2;0;0
18/04/2021;12:31:36;80;Acidente sem VITIMA;423,000;BR-386/RS;Sul;Queda de ribanceira;1;0;0;0;0;0;0;0;0;0;2;0;0;0;0
18/04/2021;12:40:53;81;Acidente sem VITIMA;94,000;BR-290/RS;Leste;Choque Defensa;1;0;0;0;0;0;0;0;0;0;4;0;0;0;0
19/04/2021;16:14:33;211;Acidente sem VITIMA;92,000;BR-290/RS;Leste;Colisão - Lateral;1;0;0;0;0;0;0;1;0;0;2;0;0;0;0
19/04/2021;07:53:10;55;Acidente com VITIMA;82,000;BR-101/RS;Sul;Queda de moto;0;0;0;1;0;0;0;0;0;0;0;1;0;0;0
20/04/2021;03:13:58;13;Acidente sem VITIMA;333,000;BR-386/RS;Sul;Tombamento;0;0;1;0;0;0;0;0;0;0;1;0;0;0;0
20/04/2021;04:17:25;14;Acidente sem VITIMA;35,000;BR-101/RS;Norte;Choque Praça - Submarino;1;0;0;0;0;0;0;0;0;0;7;0;0;0;0
20/04/2021;13:01:21;154;Acidente com VITIMA;52,000;BR-290/RS;Oeste;Colisão - Lateral;1;0;0;1;0;0;0;0;0;0;3;1;0;0;0
20/04/2021;16:37:58;205;Acidente sem VITIMA;432,000;BR-386/RS;Norte;;1;0;0;0;0;0;0;0;0;1;3;0;0;0;0
20/04/2021;18:55:23;238;Atropelamento;415,000;BR-386/RS;Sul;Atropelamento - Usuário;1;0;0;0;0;0;0;0;0;0;1;0;1;0;0
20/04/2021;19:01:04;239;Acidente sem VITIMA;91,170;BR-290/RS;Leste;Colisão - Lateral;2;0;0;0;0;0;0;0;0;0;2;0;0;0;0
20/04/2021;19:26:40;244;Acidente sem VITIMA;229,000;BR-386/RS;Sul;Queda de ribanceira;2;0;0;0;0;0;0;0;0;0;3;0;0;0;0
20/04/2021;21:17:07;272;Acidente sem VITIMA;304,000;BR-386/RS;Norte;Capotamento;1;0;0;0;0;0;0;0;0;0;4;0;0;0;0
20/04/2021;01:05:02;7;Acidente sem VITIMA;435,000;BR-386/RS;Norte;Colisão - Frontal;0;0;0;0;0;0;0;0;0;1;1;0;0;0;0
20/04/2021;01:48:58;9;Acidente com VITIMA;93,000;BR-290/RS;Oeste;Colisão - Lateral;0;0;0;1;0;0;0;1;0;0;1;1;0;0;0
21/04/2021;11:45:41;110;Acidente com VITIMA;375,000;BR-386/RS;Norte;Colisão - Traseira;2;0;0;0;0;0;0;0;0;0;2;1;0;0;0
21/04/2021;12:09:50;119;Acidente sem VITIMA;60,000;BR-290/RS;Oeste;Colisão - Traseira;2;0;0;0;0;0;0;0;0;0;2;0;0;0;0
21/04/2021;16:11:21;173;Acidente sem VITIMA;64,000;BR-101/RS;Norte;Queda de ribanceira;1;0;0;0;0;0;0;0;0;0;1;0;0;0;0
21/04/2021;19:38:47;202;Acidente com VITIMA;416,000;BR-386/RS;Sul;Colisão - Lateral;1;0;0;1;0;0;0;0;0;0;1;1;0;0;0
21/04/2021;08:01:57;49;Acidente sem VITIMA;28,000;BR-101/RS;Sul;Capotamento;1;0;0;0;0;0;0;0;0;0;1;0;0;0;0
21/04/2021;10:05:57;83;Acidente sem VITIMA;86,000;BR-101/RS;Norte;Queda de ribanceira;0;0;0;0;0;0;0;1;0;0;2;0;0;0;0
21/04/2021;10:54:53;97;Acidente sem VITIMA;271,000;BR-386/RS;Sul;;1;0;0;0;0;0;0;0;0;0;1;0;0;0;0
22/04/2021;13:26:19;172;Acidente com VITIMA;246,000;BR-386/RS;Sul;Colisão - Frontal;1;0;0;1;0;0;0;0;0;0;1;1;0;0;0
22/04/2021;14:27:17;192;Acidente sem VITIMA;85,000;BR-290/RS;Oeste;Colisão - Frontal;1;0;1;0;0;0;0;0;0;1;3;0;0;0;0
22/04/2021;14:45:13;203;Acidente sem VITIMA;47,000;BR-290/RS;Leste;Saída de pista;1;0;1;0;0;0;0;0;0;0;3;0;0;0;0
22/04/2021;17:17:04;232;Acidente sem VITIMA;351,000;BR-386/RS;Norte;Colisão - Lateral;1;0;1;0;0;0;0;0;0;0;3;0;0;0;0
22/04/2021;18:40:46;249;Acidente sem VITIMA;426,000;BR-386/RS;Norte;Choque Praça - Cabine;0;0;0;0;0;0;0;0;0;1;1;0;0;0;0
22/04/2021;19:48:11;255;Acidente sem VITIMA;332,000;BR-386/RS;Norte;Saída de pista;1;0;0;0;0;0;0;0;0;0;1;0;0;0;0
22/04/2021;21:35:16;269;Acidente sem VITIMA;80,000;BR-290/RS;Leste;Saída de pista;1;0;0;0;0;0;0;0;0;0;2;0;0;0;0
22/04/2021;21:47:24;272;Acidente sem VITIMA;253,000;BR-386/RS;Norte;Colisão - Traseira;1;0;0;0;0;0;0;1;0;0;4;0;0;0;0
23/04/2021;09:29:49;134;Acidente sem VITIMA;80,000;BR-290/RS;Leste;Saída de pista;1;0;0;0;0;0;0;0;0;0;1;0;0;0;0
23/04/2021;05:52:56;15;Acidente sem VITIMA;28,000;BR-290/RS;Oeste;Saída de pista;0;0;0;0;0;0;0;1;0;0;1;0;0;0;0
23/04/2021;10:20:03;164;Acidente sem VITIMA;80,000;BR-290/RS;Leste;Colisão - Lateral;1;0;1;0;0;0;0;0;0;0;2;0;0;0;0
23/04/2021;10:39:18;172;Acidente com VITIMA;83,000;BR-290/RS;Oeste;Colisão - Traseira;1;0;0;1;0;0;0;0;0;0;1;1;0;0;0
23/04/2021;10:42:51;174;Acidente sem VITIMA;60,000;BR-290/RS;Leste;Colisão - Lateral;2;0;0;0;0;0;0;0;0;0;1;0;0;0;0
23/04/2021;17:32:08;274;Acidente com VITIMA;60,000;BR-290/RS;Leste;Queda de moto;0;0;0;1;0;0;0;0;0;0;1;0;1;0;0
23/04/2021;18:20:04;282;Acidente com VITIMA;405,000;BR-386/RS;Norte;Colisão - Traseira;2;0;0;0;0;0;0;0;0;0;2;2;0;0;0
23/04/2021;20:37:27;307;Acidente com VITIMA;273,000;BR-386/RS;Ambos;Colisão - Lateral;1;0;0;0;1;0;0;0;0;0;1;1;0;0;0
23/04/2021;20:50:32;309;Acidente sem VITIMA;81,000;BR-290/RS;Oeste;Colisão - Traseira;2;0;0;0;0;0;0;0;0;0;2;0;0;0;0
23/04/2021;06:57:31;34;Acidente sem VITIMA;412,000;BR-386/RS;Sul;Queda de moto;0;0;0;1;0;0;0;0;0;0;1;0;0;0;0
23/04/2021;07:51:04;69;Acidente sem VITIMA;60,000;BR-290/RS;Oeste;Colisão - Lateral;2;0;0;0;0;0;0;0;0;0;5;0;0;0;0
24/04/2021;10:58:53;120;Acidente sem VITIMA;375,000;BR-386/RS;Norte;Tombamento;0;0;0;0;0;0;0;0;0;1;2;0;0;0;0
24/04/2021;12:12:44;138;Acidente sem VITIMA;230,000;BR-386/RS;Sul;Capotamento;1;0;0;0;0;0;0;0;0;0;1;0;0;0;0
24/04/2021;15:42:48;182;Acidente sem VITIMA;229,000;BR-386/RS;Norte;Colisão - Lateral;1;0;0;0;0;0;0;0;0;1;2;0;0;0;0
24/04/2021;00:43:39;2;Acidente sem VITIMA;428,000;BR-386/RS;Norte;Atropelamento de Animal;1;0;0;0;0;0;0;0;0;0;1;0;0;0;0
24/04/2021;18:34:48;224;Acidente sem VITIMA;399,000;BR-386/RS;Norte;Queda de moto;0;0;0;1;0;0;0;0;0;0;1;0;0;0;0
24/04/2021;19:24:54;232;Acidente com VITIMA;14,000;BR-290/RS;Oeste;Colisão - Traseira;2;0;0;0;0;0;0;0;0;0;0;4;0;0;0
24/04/2021;21:02:14;240;Atropelamento;349,000;BR-386/RS;Sul;Atropelamento - Usuário;1;0;0;0;0;0;0;0;0;1;0;1;0;0;0
24/04/2021;06:43:43;26;Acidente sem VITIMA;349,000;BR-386/RS;Norte;Queda de ribanceira;1;0;0;0;0;0;0;0;0;0;1;0;0;0;0
24/04/2021;09:15:30;93;Acidente sem VITIMA;63,000;BR-101/RS;Sul;Queda de moto;0;0;0;1;0;0;0;0;0;0;2;0;0;0;0