data;horario;n_da_ocorrencia;tipo_de_ocorrencia;km;trecho;sentido;tipo_de_acidente;automovel;bicicleta;caminhao;moto;onibus;outros;tracao_animal;transporte_de_cargas_especiais;trator_maquinas;utilitarios;ilesos;levemente_feridos;moderadamente_feridos;gravemente_feridos;mortos
25/04/2021;14:15:58;104;Acidente sem VITIMA;13,000;BR-448/RS;Norte;Choque Barreira;1;0;0;0;0;0;0;0;0;0;2;0;0;0;0
25/04/2021;14:45:26;107;Acidente sem VITIMA;75,000;BR-290/RS;Oeste;Choque Defensa;1;0;0;0;0;0;0;0;0;0;1;0;0;0;0
25/04/2021;02:02:42;11;Acidente sem VITIMA;85,000;BR-290/RS;Leste;Choque Defensa;1;0;0;0;0;0;0;0;0;0;1;0;0;0;0
25/04/2021;02:37:11;13;Acidente sem VITIMA;10,260;BR-448/RS;Norte;Choque - Poste;1;0;0;0;0;0;0;0;0;0;3;0;0;0;0
25/04/2021;17:44:18;139;Acidente com VITIMA;7,000;BR-290/RS;Oeste;Choque Defensa;1;0;0;0;0;0;0;0;0;0;3;1;0;0;0
25/04/2021;18:40:30;148;Acidente com VITIMA;401,000;BR-386/RS;Norte;Queda de ribanceira;1;0;0;0;0;0;0;0;0;0;2;0;1;0;0
25/04/2021;19:44:43;159;Acidente sem VITIMA;92,000;BR-290/RS;Oeste;Colisão - Traseira;2;0;0;0;0;0;0;0;0;0;4;0;0;0;0
25/04/2021;23:55:10;186;Acidente sem VITIMA;87,000;BR-101/RS;Sul;Choque Barreira;1;0;0;0;0;0;0;0;0;0;1;0;0;0;0
25/04/2021;00:12:15;2;Acidente com VITIMA;339,000;BR-386/RS;Sul;Queda de ribanceira;1;0;0;0;0;0;0;0;0;0;1;2;0;0;0
25/04/2021;01:00:10;6;Acidente sem VITIMA;89,000;BR-290/RS;Oeste;Choque Defensa;1;0;0;0;0;0;0;0;0;0;1;0;0;0;0
26/04/2021;03:30:50;11;Acidente com VITIMA FATAL;244,000;BR-386/RS;Sul;Colisão - Frontal;1;0;0;0;0;0;0;1;0;0;0;1;0;0;1
26/04/2021;12:18:04;147;Acidente sem VITIMA;60,000;BR-290/RS;Oeste;Colisão - Traseira;2;0;0;0;0;0;0;0;0;0;2;0;0;0;0
26/04/2021;13:21:46;159;Acidente com VITIMA;415,000;BR-386/RS;Norte;Colisão - Transversal;2;0;0;0;0;0;0;0;0;0;3;1;0;0;0
26/04/2021;16:52:55;209;Acidente sem VITIMA;95,000;BR-290/RS;Oeste;Choque Defensa;1;0;0;0;0;0;0;0;0;0;1;0;0;0;0
26/04/2021;19:13:03;230;Acidente com VITIMA;33,000;BR-101/RS;Norte;Colisão - Traseira;2;0;0;0;0;0;0;0;0;0;1;1;0;0;0
26/04/2021;22:05:15;251;Acidente com VITIMA;75,000;BR-290/RS;Oeste;;0;0;0;1;0;0;0;0;0;0;0;1;0;0;0
27/04/2021;09:24:17;125;Acidente sem VITIMA;91,000;BR-290/RS;Oeste;Colisão - Traseira;2;0;0;0;0;0;0;0;0;0;1;0;0;0;0
27/04/2021;10:34:47;141;Acidente sem VITIMA;318,000;BR-386/RS;Norte;Queda de moto;0;0;0;1;0;0;0;0;0;0;1;0;0;0;0
27/04/2021;12:06:57;160;Acidente sem VITIMA;248,000;BR-386/RS;Norte;Colisão - Transversal;2;0;0;0;0;0;0;0;0;0;3;0;0;0;0
27/04/2021;12:23:14;161;Atropelamento;359,000;BR-386/RS;Sul;Atropelamento - Usuário;1;0;0;0;0;0;0;0;0;0;2;1;0;0;0
27/04/2021;13:54:01;178;Acidente sem VITIMA;192,000;BR-386/RS;Sul;Colisão - Lateral;2;0;0;0;0;0;0;0;0;0;2;0;0;0;0
27/04/2021;17:42:45;232;Acidente sem VITIMA;28,000;BR-101/RS;Norte;Choque - Sinalização;1;0;0;0;0;0;0;0;0;0;2;0;0;0;0
27/04/2021;18:39:43;243;Acidente sem VITIMA;245,000;BR-386/RS;Sul;Engavetamento;2;0;0;1;0;1;0;0;0;0;7;0;0;0;0
27/04/2021;19:08:40;248;Acidente sem VITIMA;440,000;BR-386/RS;Sul;Colisão - Lateral;0;0;0;1;0;0;0;0;0;0;2;0;0;0;0
27/04/2021;08:07:01;69;Acidente sem VITIMA;52,000;BR-290/RS;Oeste;Colisão - Traseira;1;0;0;0;0;0;0;1;0;0;2;0;0;0;0
28/04/2021;09:57:42;131;Acidente sem VITIMA;87,000;BR-290/RS;Oeste;Colisão - Lateral;1;0;1;0;0;0;0;0;0;0;2;0;0;0;0
28/04/2021;15:11:48;223;Acidente sem VITIMA;441,000;BR-386/RS;Sul;Colisão - Frontal;2;0;0;0;0;0;0;0;0;0;3;0;0;0;0
28/04/2021;16:33:14;238;Acidente sem VITIMA;392,000;BR-386/RS;Norte;Colisão - Lateral;2;0;1;0;0;0;0;0;0;0;3;0;0;0;0
28/04/2021;18:34:45;264;Acidente sem VITIMA;439,000;BR-386/RS;Sul;Colisão - Lateral;1;0;1;0;0;0;0;0;0;0;4;0;0;0;0
28/04/2021;20:23:18;274;Acidente sem VITIMA;427,000;BR-386/RS;Sul;Outros;0;0;0;0;0;0;0;0;0;1;1;0;0;0;0
28/04/2021;21:33:55;285;Acidente sem VITIMA;405,000;BR-386/RS;Norte;Queda de ribanceira;1;0;0;0;0;0;0;0;0;0;1;0;0;0;0
28/04/2021;21:37:10;286;Acidente sem VITIMA;84,000;BR-101/RS;Norte;Tombamento;0;0;1;0;0;0;0;0;0;0;1;0;0;0;0
28/04/2021;23:14:28;292;Acidente sem VITIMA;400,000;BR-386/RS;Norte;Atropelamento de Animal;0;0;0;0;0;0;0;0;0;1;1;0;0;0;0
28/04/2021;03:16:23;9;Acidente sem VITIMA;53,000;BR-101/RS;Norte;Choque Barreira;0;0;0;0;1;0;0;0;0;0;2;0;0;0;0
29/04/2021;11:22:02;141;Acidente sem VITIMA;241,000;BR-386/RS;Norte;Colisão - Lateral;0;0;1;0;0;1;0;0;0;0;1;0;0;0;0
29/04/2021;15:26:06;198;Acidente sem VITIMA;33,000;BR-290/RS;Leste;Saída de pista;1;0;0;0;0;0;0;0;0;0;3;0;0;0;0
29/04/2021;18:58:04;239;Acidente sem VITIMA;91,000;BR-290/RS;Leste;Engavetamento;2;0;0;0;0;1;0;0;0;0;3;0;0;0;0
29/04/2021;07:24:12;42;Acidente sem VITIMA;91,000;BR-290/RS;Leste;Colisão - Lateral;1;0;0;1;0;0;0;0;0;0;2;0;0;0;0
29/04/2021;06:29:12;9;Acidente sem VITIMA;304,000;BR-386/RS;Norte;Tombamento;0;0;1;0;0;0;0;0;0;0;1;0;0;0;0
30/04/2021;05:53:58;10;Acidente sem VITIMA;412,000;BR-386/RS;Norte;Choque - Meio Fio;1;0;0;0;0;0;0;0;0;0;1;0;0;0;0
30/04/2021;09:56:00;124;Acidente sem VITIMA;437,000;BR-386/RS;Sul;Colisão - Frontal;2;0;1;0;0;0;0;0;0;0;3;0;0;0;0
30/04/2021;10:25:07;129;Acidente sem VITIMA;12,000;BR-290/RS;Oeste;Colisão - Lateral;2;0;0;0;0;0;0;0;0;0;2;0;0;0;0
30/04/2021;23:09:38;295;Acidente com VITIMA;91,000;BR-290/RS;Leste;Colisão - Lateral;1;0;0;0;0;0;0;0;0;1;0;0;4;0;0
01/05/2021;11:43:07;115;Acidente sem VITIMA;284,000;BR-386/RS;Sul;Queda de Carga;2;0;0;0;0;0;0;0;0;0;4;0;0;0;0
01/05/2021;16:39:54;174;Acidente com VITIMA;362,000;BR-386/RS;Sul;Saída de pista;1;0;0;0;0;0;0;0;0;0;0;1;0;0;0
01/05/2021;17:46:30;188;Acidente com VITIMA;369,000;BR-386/RS;Sul;Colisão - Lateral;1;0;0;1;0;0;0;0;0;0;1;1;0;0;0
01/05/2021;23:41:10;218;Acidente com VITIMA;65,000;BR-290/RS;Leste;Colisão - Lateral;2;0;0;0;0;0;0;0;0;0;0;2;0;0;0
02/05/2021;04:41:32;10;Acidente com VITIMA;347,000;BR-386/RS;Norte;Saída de pista;1;0;0;0;0;0;0;0;0;0;0;3;2;0;0
02/05/2021;06:35:45;15;Acidente com VITIMA;86,000;BR-290/RS;Leste;Colisão - Traseira;2;0;0;0;0;0;0;0;0;0;1;2;1;0;0
02/05/2021;18:49:10;158;Acidente sem VITIMA;73,000;BR-290/RS;Leste;Queda de moto;1;0;0;0;0;0;0;0;0;0;2;0;0;0;0
02/05/2021;19:05:33;160;Acidente sem VITIMA;348,000;BR-386/RS;Norte;Colisão - Traseira;2;0;0;0;0;0;0;0;0;0;2;0;0;0;0
02/05/2021;19:24:16;169;Acidente sem VITIMA;1,000;BR-101/RS;Norte;Colisão - Traseira;2;0;0;0;0;0;0;0;0;0;7;0;0;0;0
02/05/2021;20:10:17;180;Acidente sem VITIMA;374,000;BR-386/RS;Norte;Saída de pista;1;0;0;0;0;0;0;0;0;0;2;0;0;0;0
02/05/2021;21:00:11;190;Acidente sem VITIMA;19,000;BR-101/RS;Sul;Colisão - Lateral;1;0;1;0;0;0;0;0;0;0;2;0;0;0;0
02/05/2021;23:27:35;211;Acidente com VITIMA;346,000;BR-386/RS;Norte;Saída de pista;1;0;0;0;0;0;0;0;0;0;1;0;0;1;0
02/05/2021;11:59:25;74;Acidente sem VITIMA;15,000;BR-290/RS;Leste;Queda de ribanceira;1;0;0;0;0;0;0;0;0;0;1;0;0;0;0
03/05/2021;10:50:04;152;Acidente com VITIMA;28,000;BR-290/RS;Oeste;Capotamento;1;0;0;0;0;0;0;0;0;0;0;0;2;0;0
03/05/2021;11:23:04;165;Acidente sem VITIMA;36,000;BR-290/RS;Oeste;Colisão - Lateral;2;0;0;0;0;0;0;0;0;0;4;0;0;0;0
03/05/2021;13:39:37;202;Acidente com VITIMA;71,000;BR-101/RS;Sul;Capotamento;1;0;0;0;0;0;0;0;0;0;2;0;1;0;0
03/05/2021;16:17:03;255;Acidente sem VITIMA;60,000;BR-290/RS;Oeste;Colisão - Traseira;2;0;0;0;0;0;0;0;0;0;2;0;0;0;0
03/05/2021;16:31:43;259;Acidente sem VITIMA;358,000;BR-386/RS;Sul;Colisão - Lateral;0;0;1;0;0;0;0;1;0;0;2;0;0;0;0
03/05/2021;17:41:37;281;Acidente com VITIMA;437,000;BR-386/RS;Sul;Colisão - Traseira;1;0;0;1;0;0;0;0;0;0;1;1;0;0;0
04/05/2021;09:56:23;130;Acidente sem VITIMA;437,000;BR-386/RS;Sul;Colisão - Lateral;1;0;0;0;0;0;0;1;0;0;3;0;0;0;0
04/05/2021;10:56:47;153;Acidente sem VITIMA;437,000;BR-386/RS;Sul;Colisão - Traseira;1;0;0;0;0;1;0;0;0;0;3;0;0;0;0
04/05/2021;12:14:58;180;Acidente sem VITIMA;233,000;BR-386/RS;Norte;Choque - Sinalização;1;0;0;0;0;0;0;0;0;0;1;0;0;0;0
04/05/2021;12:58:22;192;Acidente sem VITIMA;353,000;BR-386/RS;Sul;Capotamento;1;0;0;0;0;0;0;0;0;0;1;0;0;0;0
04/05/2021;13:12:41;194;Acidente sem VITIMA;246,000;BR-386/RS;Sul;;2;0;1;0;0;0;0;0;0;0;3;0;0;0;0
04/05/2021;15:58:00;232;Acidente sem VITIMA;351,000;BR-386/RS;Norte;Colisão - Lateral;1;0;0;0;0;0;0;1;0;0;3;0;0;0;0
04/05/2021;17:43:30;253;Acidente sem VITIMA;334,000;BR-386/RS;Norte;Queda de ribanceira;1;0;0;0;0;0;0;0;0;0;1;0;0;0;0
04/05/2021;17:57:08;255;Acidente com VITIMA;9,000;BR-101/RS;Norte;Choque com veículo na faixa de rolamento;0;0;0;1;0;1;0;0;0;0;1;0;1;0;0
04/05/2021;23:12:47;295;Acidente sem VITIMA;20,000;BR-290/RS;Oeste;Saída de pista;1;0;0;0;0;0;0;0;0;0;1;0;0;0;0
04/05/2021;00:56:23;7;Acidente com VITIMA;285,000;BR-386/RS;Norte;Tombamento;0;0;0;0;0;0;0;1;0;0;0;0;1;0;0
04/05/2021;08:31:32;83;Acidente sem VITIMA;80,000;BR-290/RS;Oeste;Colisão - Traseira;1;0;0;1;0;0;0;0;0;0;2;0;0;0;0
05/05/2021;11:51:42;102;Acidente sem VITIMA;91,000;BR-290/RS;Leste;Choque Defensa;1;0;0;0;0;0;0;0;0;0;1;0;0;0;0
05/05/2021;11:53:55;104;Acidente sem VITIMA;1,000;BR-290/RS;Oeste;;1;0;0;0;0;0;0;0;0;0;1;0;0;0;0
05/05/2021;12:00:05;105;Acidente sem VITIMA;426,000;BR-386/RS;Sul;Choque Praça - Submarino;0;0;1;0;0;0;0;0;0;0;1;0;0;0;0
05/05/2021;12:20:12;108;Acidente sem VITIMA;16,000;BR-290/RS;Ambos;Queda de ribanceira;1;0;0;0;0;0;0;0;0;0;1;0;0;0;0
05/05/2021;13:03:49;116;Acidente sem VITIMA;337,000;BR-386/RS;Norte;Saída de pista;1;0;0;0;0;0;0;0;0;0;1;0;0;0;0
05/05/2021;13:16:33;119;Acidente sem VITIMA;14,000;BR-290/RS;Leste;Saída de pista;1;0;0;0;0;0;0;0;0;0;1;0;0;0;0
05/05/2021;14:39:48;129;Acidente sem VITIMA;93,000;BR-290/RS;Oeste;Colisão - Traseira;2;0;0;0;0;0;0;0;0;0;2;0;0;0;0
05/05/2021;15:15:25;135;Acidente sem VITIMA;345,000;BR-386/RS;Norte;Colisão - Transversal;2;0;0;0;0;0;0;0;0;0;2;0;0;0;0
05/05/2021;15:40:38;138;Acidente sem VITIMA;411,000;BR-386/RS;Norte;Colisão - Lateral;1;0;0;0;0;0;0;0;0;1;2;0;0;0;0
05/05/2021;18:17:45;153;Acidente sem VITIMA;434,000;BR-386/RS;Ambos;Colisão - Transversal;2;0;0;0;0;0;0;0;0;0;4;0;0;0;0
05/05/2021;19:55:46;168;Acidente sem VITIMA;372,000;BR-386/RS;Sul;Saída de pista;0;0;1;0;0;0;0;0;0;0;1;0;0;0;0
05/05/2021;21:42:20;184;Acidente sem VITIMA;6,000;BR-290/RS;Leste;Saída de pista;1;0;0;0;0;0;0;0;0;0;2;0;0;0;0
05/05/2021;21:47:38;187;Acidente com VITIMA;344,000;BR-386/RS;Sul;Colisão - Transversal;1;0;1;0;0;0;0;0;0;0;1;1;0;0;0
05/05/2021;22:20:12;190;Acidente sem VITIMA;440,000;BR-386/RS;Norte;Queda de ribanceira;1;0;0;0;0;0;0;0;0;0;1;0;0;0;0
05/05/2021;22:22:34;191;Acidente sem VITIMA;41,000;BR-290/RS;Leste;Saída de pista;1;0;0;0;0;0;0;0;0;0;1;0;0;0;0
05/05/2021;22:31:33;195;Acidente sem VITIMA;301,000;BR-386/RS;Norte;Queda de ribanceira;1;0;0;0;0;0;0;0;0;0;2;0;0;0;0
05/05/2021;22:59:24;200;Acidente sem VITIMA;33,000;BR-290/RS;Oeste;Saída de pista;0;0;1;0;0;0;0;0;0;0;1;0;0;0;0
05/05/2021;23:29:30;204;Acidente sem VITIMA;405,000;BR-386/RS;Sul;Saída de pista;1;0;0;0;0;0;0;0;0;0;2;0;0;0;0
05/05/2021;23:42:27;205;Acidente sem VITIMA;33,000;BR-290/RS;Oeste;Choque com objeto sobre a pista;1;0;0;0;0;0;0;0;0;0;1;0;0;0;0
05/05/2021;08:42:01;65;Acidente sem VITIMA;12,000;BR-448/RS;Sul;Outros;1;0;0;0;0;0;0;0;0;1;3;0;0;0;0
06/05/2021;10:41:23;107;Acidente sem VITIMA;41,000;BR-290/RS;Oeste;Queda de ribanceira;0;0;1;0;0;0;0;0;0;0;2;0;0;0;0
06/05/2021;14:24:54;149;Acidente com VITIMA;411,000;BR-386/RS;Norte;Colisão - Transversal;1;0;1;0;0;0;0;0;0;0;1;0;1;0;0
06/05/2021;17:07:21;189;Acidente sem VITIMA;84,000;BR-101/RS;Norte;Choque Barreira;1;0;0;0;0;0;0;0;0;0;1;0;0;0;0
06/05/2021;18:25:00;207;Acidente sem VITIMA;382,000;BR-386/RS;Ambos;Saída de pista;1;0;0;0;0;0;0;0;0;0;1;0;0;0;0
06/05/2021;09:32:31;90;Acidente com VITIMA;358,000;BR-386/RS;Norte;Queda de ribanceira;1;0;0;0;0;0;0;0;0;0;0;0;1;0;0
07/05/2021;14:23:45;209;Acidente com VITIMA;19,000;BR-290/RS;Leste;Engavetamento;3;0;0;0;0;0;0;0;0;0;4;1;0;0;0
07/05/2021;15:14:09;220;Acidente com VITIMA;344,000;BR-386/RS;Sul;Colisão - Traseira;1;0;0;1;0;0;0;0;0;0;1;2;0;0;0
07/05/2021;16:06:55;233;Acidente sem VITIMA;344,000;BR-386/RS;Norte;Colisão - Traseira;0;0;0;0;0;2;0;0;0;0;2;0;0;0;0
07/05/2021;06:42:23;24;Acidente com VITIMA;20,000;BR-448/RS;Sul;Outros;3;0;0;0;0;0;0;0;0;0;3;0;1;0;0
07/05/2021;17:03:03;243;Acidente sem VITIMA;346,000;BR-386/RS;Norte;Colisão - Traseira;1;0;0;0;0;0;0;0;0;1;2;0;0;0;0
07/05/2021;18:54:49;261;Acidente com VITIMA;248,000;BR-386/RS;Ambos;Colisão - Transversal;2;0;0;0;0;0;0;0;0;0;6;1;0;0;0
07/05/2021;19:00:54;264;Acidente sem VITIMA;319,000;BR-386/RS;Sul;Colisão - Traseira;2;0;0;0;0;0;0;0;0;0;2;0;0;0;0
07/05/2021;19:03:59;266;Acidente sem VITIMA;94,000;BR-290/RS;Leste;Engavetamento;2;0;0;0;0;1;0;0;0;0;2;0;0;0;0
07/05/2021;19:21:18;271;Acidente sem VITIMA;436,000;BR-386/RS;Sul;Colisão - Lateral;1;0;0;0;0;1;0;0;0;0;2;0;0;0;0
07/05/2021;19:51:56;285;Acidente sem VITIMA;56,000;BR-101/RS;Sul;Saída de pista;1;0;0;0;0;0;0;0;0;0;1;0;0;0;0
07/05/2021;20:55:29;296;Acidente com VITIMA;3,000;BR-101/RS;Norte;Colisão - Traseira;1;0;0;1;0;1;0;0;0;0;2;1;0;0;0
07/05/2021;07:28:02;49;Acidente sem VITIMA;369,000;BR-386/RS;Sul;Colisão - Lateral;1;0;0;1;0;0;0;0;0;0;2;0;0;0;0
07/05/2021;07:40:00;56;Acidente sem VITIMA;76,000;BR-290/RS;Leste;Choque Defensa;1;0;0;0;0;0;0;0;0;0;1;0;0;0;0
07/05/2021;07:42:27;57;Acidente sem VITIMA;440,000;BR-386/RS;Sul;Colisão - Traseira;0;0;0;0;0;0;0;0;0;2;2;0;0;0;0
07/05/2021;08:26:11;86;Acidente sem VITIMA;12,000;BR-290/RS;Leste;Choque Defensa;1;0;0;0;0;0;0;0;0;0;1;0;0;0;0
08/05/2021;14:15:31;168;Acidente com VITIMA;86,000;BR-101/RS;Sul;Tombamento;0;0;0;0;0;0;0;1;0;0;0;0;1;0;0
08/05/2021;16:37:19;201;Acidente sem VITIMA;91,000;BR-290/RS;Oeste;Colisão - Traseira;1;0;0;0;0;0;0;0;0;1;2;0;0;0;0
08/05/2021;18:02:14;221;Acidente sem VITIMA;270,000;BR-386/RS;Norte;Colisão - Traseira;2;0;0;0;0;0;0;0;0;0;1;0;0;0;0
08/05/2021;18:06:27;222;Acidente sem VITIMA;42,000;BR-290/RS;Oeste;Saída de pista;1;0;0;0;0;0;0;0;0;0;1;0;0;0;0
08/05/2021;18:12:45;225;Acidente com VITIMA;229,000;BR-386/RS;Norte;Colisão - Frontal;1;0;0;1;0;0;0;0;0;0;2;1;0;0;0
08/05/2021;23:45:06;278;Acidente sem VITIMA;270,000;BR-386/RS;Norte;Queda de ribanceira;1;0;0;0;0;0;0;0;0;0;1;0;0;0;0
08/05/2021;09:08:05;81;Acidente com VITIMA;94,000;BR-290/RS;Oeste;Queda de moto;0;0;0;1;0;0;0;0;0;0;1;1;0;0;0
08/05/2021;02:34:32;9;Acidente sem VITIMA;52,000;BR-101/RS;Norte;Saída de pista;0;0;0;0;0;0;0;0;0;1;1;0;0;0;0
08/05/2021;09:47:47;97;Acidente sem VITIMA;92,000;BR-290/RS;Leste;Colisão - Lateral;2;0;0;0;0;0;0;0;0;0;6;0;0;0;0
09/05/2021;16:34:31;113;Acidente sem VITIMA;249,000;BR-386/RS;Sul;Colisão - Traseira;2;0;0;0;0;0;0;0;0;0;2;0;0;0;0
09/05/2021;18:19:00;142;Acidente sem VITIMA;239,000;BR-386/RS;Norte;Engavetamento;3;0;0;0;0;0;0;0;0;0;8;0;0;0;0
09/05/2021;19:38:40;162;Acidente com VITIMA;345,000;BR-386/RS;Sul;Colisão - Lateral;2;0;0;0;0;0;0;0;0;0;4;1;0;0;0
09/05/2021;19:46:12;167;Acidente sem VITIMA;247,000;BR-386/RS;Norte;Saída de pista;1;0;0;0;0;0;0;0;0;0;1;0;0;0;0
09/05/2021;19:54:40;170;Acidente sem VITIMA;430,000;BR-386/RS;Sul;Colisão - Frontal;2;0;0;0;0;0;0;0;0;0;4;0;0;0;0
09/05/2021;20:54:23;183;Acidente sem VITIMA;423,000;BR-386/RS;Norte;Outros;1;0;0;0;0;0;0;0;0;0;1;0;0;0;0
09/05/2021;11:54:19;81;Acidente com VITIMA;443,000;BR-386/RS;Ambos;Colisão - Traseira;2;0;0;0;0;0;0;0;0;0;3;2;0;0;0
09/05/2021;13:41:23;90;Acidente sem VITIMA;353,000;BR-386/RS;Norte;Queda de ribanceira;1;0;0;0;0;0;0;0;0;0;1;0;0;0;0
09/05/2021;14:23:47;93;Acidente sem VITIMA;60,000;BR-290/RS;Leste;Colisão - Lateral;2;0;0;0;0;0;0;0;0;0;2;0;0;0;0
10/05/2021;09:35:50;107;Acidente sem VITIMA;91,000;BR-290/RS;Leste;Colisão - Lateral;2;0;0;0;0;0;0;0;0;0;3;0;0;0;0
10/05/2021;11:13:25;137;Acidente sem VITIMA;1,000;BR-101/RS;Sul;Colisão - Lateral;1;0;0;0;0;0;0;0;0;0;2;0;0;0;0
10/05/2021;11:31:03;141;Acidente com VITIMA;243,000;BR-386/RS;Norte;Queda de ribanceira;1;0;0;0;0;0;0;0;0;0;0;2;0;0;0
10/05/2021;12:29:50;159;Acidente sem VITIMA;70,000;BR-290/RS;Oeste;Colisão - Lateral;1;0;0;0;0;0;0;0;0;0;3;0;0;0;0
10/05/2021;13:32:09;175;Acidente com VITIMA;442,000;BR-386/RS;Sul;Queda de moto;0;0;0;1;0;0;0;0;0;0;0;0;1;0;0
10/05/2021;13:45:36;177;Acidente com VITIMA;353,000;BR-386/RS;Norte;Colisão - Lateral;0;0;2;0;0;0;0;0;0;0;1;1;0;0;0
10/05/2021;15:23:56;198;Acidente com VITIMA;250,000;BR-386/RS;Norte;Colisão - Traseira;1;0;0;0;0;1;0;0;0;0;1;2;0;0;0
10/05/2021;16:23:02;208;Acidente com VITIMA;356,000;BR-386/RS;Sul;Colisão - Traseira;1;0;1;0;0;0;0;0;0;0;5;1;0;0;0
10/05/2021;16:24:16;210;Acidente sem VITIMA;384,000;BR-386/RS;Norte;Colisão - Traseira;1;0;0;0;0;1;0;0;0;0;2;0;0;0;0
10/05/2021;17:00:43;217;Acidente sem VITIMA;60,000;BR-290/RS;Oeste;Queda de moto;1;0;0;0;0;0;0;0;0;0;1;0;0;0;0
10/05/2021;18:06:43;228;Atropelamento;20,000;BR-101/RS;Norte;Capotamento;0;0;0;1;0;0;0;0;0;0;0;1;1;0;0
10/05/2021;20:30:09;253;Acidente sem VITIMA;291,000;BR-386/RS;Norte;Colisão - Lateral;1;0;0;0;0;0;0;0;0;0;1;0;0;0;0
10/05/2021;20:39:17;254;Atropelamento;215,000;BR-386/RS;Norte;Atropelamento - Usuário;0;0;0;0;0;0;0;0;0;1;1;0;1;0;0
10/05/2021;08:03:29;59;Acidente com VITIMA;327,000;BR-386/RS;Sul;Colisão - Traseira;1;0;0;1;0;0;0;0;0;0;1;0;1;0;0
10/05/2021;08:12:25;65;Acidente sem VITIMA;325,000;BR-386/RS;Sul;Queda de ribanceira;1;0;0;0;0;0;0;0;0;0;1;0;0;0;0
11/05/2021;13:05:28;119;Acidente sem VITIMA;242,000;BR-386/RS;Sul;Colisão - Lateral;1;0;0;0;0;0;0;1;0;0;4;0;0;0;0
11/05/2021;15:10:24;145;Acidente sem VITIMA;351,000;BR-386/RS;Norte;Tombamento;0;0;0;0;0;0;0;1;0;0;1;0;0;0;0
11/05/2021;16:13:51;163;Acidente sem VITIMA;363,000;BR-386/RS;Norte;Saída de pista;0;0;0;0;0;0;0;1;0;0;1;0;0;0;0
11/05/2021;06:57:52;18;Acidente sem VITIMA;92,000;BR-290/RS;Oeste;Colisão - Lateral;1;0;1;0;0;0;0;0;0;0;3;0;0;0;0
11/05/2021;18:39:44;191;Acidente sem VITIMA;277,000;BR-386/RS;Sul;Colisão - Lateral;2;0;0;0;0;0;0;0;0;0;2;0;0;0;0
11/05/2021;19:05:16;193;Acidente sem VITIMA;246,000;BR-386/RS;Norte;Saída de pista;2;0;0;0;0;0;0;0;0;0;4;0;0;0;0
11/05/2021;19:46:32;199;Acidente com VITIMA;90,000;BR-290/RS;Leste;Choque Defensa;1;0;0;0;0;0;0;0;0;0;0;0;1;0;0
11/05/2021;07:14:13;21;Acidente com VITIMA FATAL;443,000;BR-386/RS;Norte;Colisão - Frontal;2;0;0;0;0;0;0;0;0;1;1;0;2;1;1
12/05/2021;09:07:02;101;Acidente com VITIMA;215,000;BR-386/RS;Sul;Colisão - Frontal;1;0;1;0;0;0;0;0;0;0;1;4;1;0;0
12/05/2021;10:20:22;120;Acidente com VITIMA;342,000;BR-386/RS;Norte;Colisão - Lateral;1;0;0;1;0;0;0;0;0;0;1;0;1;0;0
12/05/2021;17:36:24;232;Acidente sem VITIMA;380,000;BR-386/RS;Norte;Queda de moto;0;0;0;1;0;0;0;0;0;0;1;0;0;0;0
12/05/2021;18:16:04;238;Acidente sem VITIMA;12,000;BR-448/RS;Norte;Colisão - Traseira;2;0;0;0;0;0;0;0;0;0;5;0;0;0;0
12/05/2021;18:25:02;242;Acidente com VITIMA;347,000;BR-386/RS;Norte;Colisão - Traseira;1;0;0;1;0;0;0;0;0;0;0;2;0;0;0
12/05/2021;19:20:47;252;Acidente com VITIMA;92,000;BR-290/RS;Leste;Choque Barreira;0;0;1;0;0;0;0;1;0;0;1;0;1;0;0
12/05/2021;23:53:24;277;Acidente sem VITIMA;86,000;BR-290/RS;Leste;Queda de ribanceira;1;0;0;0;0;0;0;0;0;0;1;0;0;0;0
13/05/2021;16:36:13;200;Acidente com VITIMA;439,000;BR-386/RS;Sul;Colisão - Lateral;1;0;0;0;0;0;0;0;0;1;1;0;2;0;0
13/05/2021;18:53:51;226;Atropelamento;24,000;BR-101/RS;Norte;Atropelamento - Usuário;0;0;0;1;0;0;0;0;0;0;1;1;0;0;0
13/05/2021;19:24:05;233;Acidente sem VITIMA;435,000;BR-386/RS;Sul;Colisão - Transversal;2;0;0;0;0;0;0;0;0;0;3;0;0;0;0
13/05/2021;20:08:38;236;Acidente sem VITIMA;45,000;BR-290/RS;Leste;Queda de ribanceira;1;0;0;0;0;0;0;0;0;0;1;0;0;0;0