data;horario;n_da_ocorrencia;tipo_de_ocorrencia;km;trecho;sentido;tipo_de_acidente;automovel;bicicleta;caminhao;moto;onibus;outros;tracao_animal;transporte_de_cargas_especiais;trator_maquinas;utilitarios;ilesos;levemente_feridos;moderadamente_feridos;gravemente_feridos;mortos
13/05/2021;21:58:16;246;Acidente sem VITIMA;94,000;BR-290/RS;Leste;Tombamento;0;0;0;0;0;0;0;1;0;0;1;0;0;0;0
13/05/2021;23:26:23;255;Acidente sem VITIMA;440,000;BR-386/RS;Sul;Choque - Poste;1;0;0;0;0;0;0;0;0;0;1;0;0;0;0
13/05/2021;07:36:45;29;Acidente sem VITIMA;342,000;BR-386/RS;Norte;Colisão - Lateral;1;0;1;0;0;0;0;0;0;0;4;0;0;0;0
14/05/2021;19:16:47;254;Acidente sem VITIMA;1,000;BR-290/RS;Leste;Queda de ribanceira;1;0;0;0;0;0;0;0;0;0;1;0;0;0;0
14/05/2021;19:47:09;261;Acidente sem VITIMA;196,000;BR-386/RS;Norte;Colisão - Traseira;2;0;1;0;0;0;0;0;0;1;8;0;0;0;0
14/05/2021;23:23:46;291;Atropelamento Fatal;215,000;BR-386/RS;Sul;Atropelamento - Andarilho;1;0;0;0;0;0;0;0;0;0;2;0;0;0;1
15/05/2021;09:01:53;51;Acidente com VITIMA;346,000;BR-386/RS;Sul;Capotamento;1;0;0;0;0;0;0;0;0;0;0;1;0;0;0
15/05/2021;09:07:16;53;Acidente sem VITIMA;366,000;BR-386/RS;Norte;Tombamento;0;0;0;0;0;1;0;0;0;0;1;0;0;0;0
15/05/2021;10:11:51;69;Acidente com VITIMA;253,000;BR-386/RS;Sul;Queda de ribanceira;1;0;0;0;0;0;0;0;0;0;0;1;0;0;0
16/05/2021;02:08:23;11;Acidente com VITIMA;362,000;BR-386/RS;Sul;Saída de pista;1;0;0;0;0;0;0;0;0;0;0;1;0;0;0
16/05/2021;18:25:18;141;Acidente sem VITIMA;348,000;BR-386/RS;Norte;Colisão - Traseira;1;0;0;1;0;0;0;0;0;0;4;0;0;0;0
16/05/2021;18:41:39;146;Acidente sem VITIMA;77,000;BR-290/RS;Leste;Colisão - Lateral;2;0;0;0;0;0;0;0;0;0;2;0;0;0;0
16/05/2021;05:05:09;18;Acidente com VITIMA;349,000;BR-386/RS;Norte;Queda de moto;0;0;0;1;0;0;0;0;0;0;0;1;0;0;0
16/05/2021;23:26:15;203;Acidente sem VITIMA;251,000;BR-386/RS;Sul;Choque Defensa;1;0;0;0;0;0;0;0;0;0;1;0;0;0;0
16/05/2021;07:11:26;25;Acidente com VITIMA;414,000;BR-386/RS;Norte;Capotamento;1;0;0;0;0;0;0;0;0;0;2;0;1;0;0
17/05/2021;13:15:43;151;Acidente sem VITIMA;438,000;BR-386/RS;Norte;Colisão - Lateral;1;0;0;1;0;0;0;0;0;0;3;0;0;0;0
17/05/2021;13:51:29;160;Acidente sem VITIMA;95,000;BR-290/RS;Leste;Outros;0;0;0;1;0;0;0;0;0;0;1;0;0;0;0
17/05/2021;14:41:03;172;Acidente com VITIMA;343,000;BR-386/RS;Sul;Colisão - Frontal;2;0;1;0;0;0;0;0;0;0;3;1;0;1;0
17/05/2021;17:14:43;204;Acidente sem VITIMA;417,000;BR-386/RS;Norte;;0;0;0;0;0;0;0;1;0;0;1;0;0;0;0
17/05/2021;08:13:14;58;Acidente com VITIMA;1,000;BR-448/RS;Sul;Queda de moto;0;0;0;1;0;0;0;0;0;0;0;1;0;0;0
17/05/2021;08:28:05;64;Acidente com VITIMA;87,000;BR-101/RS;Norte;Queda de moto;0;0;0;1;0;0;0;0;0;0;0;0;0;1;0
17/05/2021;02:03:16;7;Acidente sem VITIMA;71,000;BR-101/RS;Sul;Saída de pista;1;0;0;0;0;0;0;0;0;0;1;0;0;0;0
18/05/2021;05:51:45;11;Acidente com VITIMA;406,000;BR-386/RS;Norte;Choque - Arvore;1;0;0;0;0;0;0;0;0;0;1;1;0;0;0
18/05/2021;11:18:23;120;Acidente com VITIMA;19,000;BR-290/RS;Leste;Queda de moto;0;0;0;1;0;0;0;0;0;0;0;2;0;0;0
18/05/2021;15:26:08;172;Acidente sem VITIMA;333,000;BR-386/RS;Norte;Queda de ribanceira;1;0;0;0;0;0;0;0;0;0;2;0;0;0;0
18/05/2021;17:26:44;192;Acidente sem VITIMA;413,000;BR-386/RS;Norte;Colisão - Lateral;1;0;0;1;0;0;0;0;0;0;3;0;0;0;0
18/05/2021;19:06:22;207;Acidente com VITIMA;23,000;BR-290/RS;Leste;Queda de moto;0;0;0;1;0;0;0;0;0;0;0;1;0;0;0
19/05/2021;06:26:38;10;Acidente sem VITIMA;22,000;BR-101/RS;Sul;Colisão - Traseira;0;0;2;0;0;0;0;0;0;0;2;0;0;0;0
19/05/2021;11:28:28;127;Acidente sem VITIMA;64,000;BR-290/RS;Leste;Capotamento;1;0;0;0;0;0;0;0;0;0;1;0;0;0;0
19/05/2021;12:00:57;131;Acidente com VITIMA;343,000;BR-386/RS;Norte;Colisão - Transversal;1;0;0;1;0;0;0;0;0;0;1;1;0;0;0
19/05/2021;06:42:09;16;Acidente sem VITIMA;64,000;BR-101/RS;Sul;Colisão - Lateral;0;0;0;0;0;0;0;0;0;1;2;0;0;0;0
19/05/2021;16:49:20;191;Acidente com VITIMA;415,000;BR-386/RS;Norte;Colisão - Traseira;2;0;1;0;0;0;0;0;0;0;2;0;1;0;0
19/05/2021;21:36:03;227;Acidente com VITIMA;15,000;BR-448/RS;Norte;Capotamento;1;0;0;0;0;0;0;0;0;0;0;1;0;0;0
19/05/2021;22:14:18;236;Acidente sem VITIMA;29,000;BR-290/RS;Leste;Queda de moto;0;0;0;1;0;0;0;0;0;0;1;0;0;0;0
19/05/2021;07:09:16;26;Acidente sem VITIMA;426,000;BR-386/RS;Norte;Colisão - Lateral;1;0;0;0;0;0;0;1;0;0;2;0;0;0;0
19/05/2021;04:37:44;8;Acidente sem VITIMA;64,000;BR-101/RS;Sul;Choque Barreira;0;0;1;0;0;0;0;0;0;0;1;0;0;0;0
20/05/2021;17:57:27;191;Acidente sem VITIMA;345,000;BR-386/RS;Sul;Colisão - Traseira;1;0;0;0;0;1;0;0;0;0;2;0;0;0;0
20/05/2021;17:57:27;195;Acidente sem VITIMA;346,000;BR-386/RS;Sul;Colisão - Traseira;2;0;0;0;0;0;0;0;0;0;2;0;0;0;0
20/05/2021;21:58:03;225;Acidente sem VITIMA;312,000;BR-386/RS;Sul;Choque Barreira;1;0;0;0;0;0;0;0;0;0;1;0;0;0;0
20/05/2021;07:31:26;43;Acidente sem VITIMA;380,000;BR-386/RS;Norte;Queda de ribanceira;1;0;0;0;0;0;0;0;0;0;1;0;0;0;0
20/05/2021;08:10:25;73;Acidente sem VITIMA;87,000;BR-290/RS;Oeste;Colisão - Traseira;1;0;1;0;0;0;0;0;0;0;3;0;0;0;0
21/05/2021;11:35:01;120;Acidente sem VITIMA;68,000;BR-101/RS;Sul;Choque com objeto sobre a pista;1;0;0;0;0;0;0;0;0;0;2;0;0;0;0
21/05/2021;11:44:57;122;Acidente sem VITIMA;299,000;BR-386/RS;Norte;Choque - Arvore;0;0;0;0;0;0;0;1;0;0;1;0;0;0;0
21/05/2021;11:45:50;123;Acidente sem VITIMA;306,000;BR-386/RS;Norte;Queda de ribanceira;0;0;0;0;0;0;0;0;0;1;1;0;0;0;0
21/05/2021;12:58:19;138;Acidente sem VITIMA;348,000;BR-386/RS;Norte;Engavetamento;3;0;0;0;0;0;0;0;0;1;5;0;0;0;0
21/05/2021;13:25:50;144;Acidente sem VITIMA;395,000;BR-386/RS;Sul;;1;0;0;0;0;0;0;0;0;0;1;0;0;0;0
21/05/2021;14:48:32;154;Acidente sem VITIMA;72,000;BR-290/RS;Leste;Queda de ribanceira;1;0;0;0;0;0;0;0;0;0;2;0;0;0;0
21/05/2021;14:50:17;155;Acidente com VITIMA;50,000;BR-290/RS;Leste;Capotamento;1;0;0;0;0;0;0;0;0;0;1;1;0;0;0
21/05/2021;15:34:39;163;Acidente sem VITIMA;396,000;BR-386/RS;Norte;Saída de pista;1;0;0;0;0;0;0;0;0;0;2;0;0;0;0
21/05/2021;04:59:46;17;Acidente sem VITIMA;303,000;BR-386/RS;Norte;Saída de pista;0;0;0;0;0;0;0;0;0;1;1;0;0;0;0
21/05/2021;16:20:20;175;Acidente sem VITIMA;366,000;BR-386/RS;Norte;Colisão - Lateral;2;0;0;0;0;0;0;0;0;0;3;0;0;0;0
21/05/2021;16:26:01;178;Acidente com VITIMA;410,000;BR-386/RS;Sul;Colisão - Frontal;3;0;0;0;0;0;0;0;0;0;4;0;2;0;0
21/05/2021;17:16:16;187;Acidente sem VITIMA;88,000;BR-290/RS;Oeste;Colisão - Traseira;2;0;0;0;0;0;0;0;0;0;3;0;0;0;0
21/05/2021;17:40:27;193;Acidente sem VITIMA;38,000;BR-290/RS;Oeste;Saída de pista;1;0;0;0;0;0;0;0;0;0;1;0;0;0;0
21/05/2021;17:55:02;197;Acidente sem VITIMA;87,000;BR-101/RS;Sul;Queda de ribanceira;1;0;0;0;0;0;0;0;0;0;4;0;0;0;0
21/05/2021;18:00:02;199;Acidente sem VITIMA;79,000;BR-290/RS;Oeste;Colisão - Traseira;2;0;0;0;0;0;0;0;0;0;2;0;0;0;0
21/05/2021;18:20:05;202;Atropelamento;346,000;BR-386/RS;Sul;Atropelamento - Morador/Trabalhador/Estudante;1;0;0;0;0;0;0;0;0;0;1;1;0;0;0
21/05/2021;19:17:19;212;Acidente sem VITIMA;359,000;BR-386/RS;Sul;Saída de pista;1;0;0;0;0;0;0;0;0;0;1;0;0;0;0
21/05/2021;19:45:07;219;Acidente com VITIMA;86,000;BR-101/RS;Norte;Capotamento;1;0;0;0;0;0;0;0;0;0;1;1;0;0;0
21/05/2021;20:53:33;227;Acidente sem VITIMA;410,000;BR-386/RS;Norte;Saída de pista;1;0;0;0;0;0;0;0;0;0;1;0;0;0;0
21/05/2021;22:03:31;236;Acidente sem VITIMA;94,000;BR-290/RS;Leste;Choque Defensa;1;0;0;0;0;0;0;0;0;0;1;0;0;0;0
21/05/2021;22:34:00;245;Acidente com VITIMA;28,000;BR-290/RS;Leste;Queda de ribanceira;1;0;0;0;0;0;0;0;0;0;0;0;0;1;0
21/05/2021;22:43:42;246;Acidente sem VITIMA;76,000;BR-290/RS;Oeste;Choque Defensa;1;0;0;0;0;0;0;0;0;0;1;0;0;0;0
21/05/2021;22:55:23;248;Acidente sem VITIMA;347,000;BR-386/RS;Norte;Saída de pista;1;0;0;0;0;0;0;0;0;0;1;0;0;0;0
21/05/2021;07:28:24;41;Acidente sem VITIMA;404,000;BR-386/RS;Norte;Queda de ribanceira;0;0;1;0;0;0;0;0;0;0;1;0;0;0;0
21/05/2021;09:38:37;98;Acidente sem VITIMA;262,000;BR-386/RS;Sul;Choque Praça - Cabine;0;0;1;0;0;0;0;0;0;0;3;0;0;0;0
22/05/2021;05:44:07;10;Acidente sem VITIMA;1,000;BR-448/RS;Sul;Capotamento;1;0;0;0;0;0;0;0;0;0;2;0;0;0;0
22/05/2021;15:11:54;128;Acidente sem VITIMA;63,000;BR-290/RS;Leste;;0;0;0;0;0;1;0;0;0;0;2;0;0;0;0
22/05/2021;18:40:37;168;Acidente sem VITIMA;80,190;BR-290/RS;Oeste;Queda de Carga;2;0;0;0;0;0;0;0;0;0;2;0;0;0;0
22/05/2021;19:13:28;174;Acidente sem VITIMA;431,000;BR-386/RS;Sul;Choque - Meio Fio;3;0;0;1;0;0;0;1;0;0;6;0;0;0;0
22/05/2021;19:44:14;178;Acidente sem VITIMA;6,000;BR-290/RS;Oeste;Saída de pista;1;0;0;0;0;0;0;0;0;0;4;0;0;0;0
22/05/2021;01:07:00;2;Acidente sem VITIMA;11,000;BR-290/RS;Oeste;Queda de ribanceira;1;0;0;0;0;0;0;0;0;0;1;0;0;0;0
22/05/2021;22:59:59;201;Acidente sem VITIMA;34,000;BR-290/RS;Leste;Atropelamento de Animal;1;0;0;0;0;0;0;0;0;0;2;0;0;0;0
22/05/2021;07:43:26;31;Acidente sem VITIMA;75,550;BR-290/RS;Leste;Queda de ribanceira;1;0;0;0;0;0;0;0;0;0;1;0;0;0;0
22/05/2021;09:49:59;69;Acidente com VITIMA;325,000;BR-386/RS;Ambos;Colisão - Transversal;2;0;0;0;0;0;0;0;0;0;4;1;0;0;0
23/05/2021;17:15:21;124;Acidente sem VITIMA;60,000;BR-290/RS;Leste;Colisão - Traseira;1;0;0;1;0;0;0;0;0;0;2;0;0;0;0
23/05/2021;19:09:49;146;Acidente sem VITIMA;76,000;BR-101/RS;Norte;Saída de pista;1;0;0;0;0;0;0;0;0;0;2;0;0;0;0
24/05/2021;17:26:17;240;Acidente sem VITIMA;347,000;BR-386/RS;Norte;Colisão - Traseira;2;0;0;0;0;0;0;0;0;0;2;0;0;0;0
24/05/2021;21:40:07;272;Acidente com VITIMA FATAL;31,000;BR-290/RS;Leste;Colisão - Traseira;1;0;0;1;0;0;0;0;0;0;1;0;0;0;1
24/05/2021;08:15:45;67;Acidente sem VITIMA;89,000;BR-290/RS;Oeste;Colisão - Traseira;1;0;0;0;0;0;0;1;0;0;2;0;0;0;0
24/05/2021;02:04:03;7;Acidente sem VITIMA;32,000;BR-290/RS;Leste;Queda de ribanceira;1;0;0;0;0;0;0;0;0;0;1;0;0;0;0
25/05/2021;14:16:05;153;Acidente com VITIMA;56,000;BR-290/RS;Leste;Queda de ribanceira;1;0;0;0;0;0;0;0;0;0;0;1;0;0;0
25/05/2021;18:09:04;199;Acidente sem VITIMA;86,000;BR-101/RS;Norte;Tombamento;0;0;0;0;0;0;0;1;0;0;1;0;0;0;0
25/05/2021;18:47:06;212;Acidente sem VITIMA;88,000;BR-290/RS;Leste;Engavetamento;3;0;1;0;0;0;0;0;0;0;4;0;0;0;0
25/05/2021;20:03:42;232;Atropelamento;69,000;BR-290/RS;Oeste;Atropelamento - Usuário;1;0;0;0;0;0;0;0;0;0;1;0;1;0;0
25/05/2021;21:34:28;235;Acidente sem VITIMA;398,000;BR-386/RS;Norte;Saída de pista;0;0;0;0;0;0;0;1;0;0;1;0;0;0;0
25/05/2021;07:30:36;37;Acidente sem VITIMA;428,000;BR-386/RS;Norte;Colisão - Transversal;2;0;0;0;0;0;0;0;0;0;2;0;0;0;0
26/05/2021;14:01:25;151;Acidente sem VITIMA;8,000;BR-448/RS;Sul;Choque com veículo no acostamento;0;0;2;0;0;0;0;0;0;0;3;0;0;0;0
26/05/2021;14:45:09;161;Acidente com VITIMA;226,000;BR-386/RS;Sul;Queda de ribanceira;0;0;1;0;0;0;0;0;0;0;0;1;1;0;0
26/05/2021;17:20:53;195;Acidente sem VITIMA;437,000;BR-386/RS;Sul;Colisão - Lateral;2;0;1;0;0;0;0;0;0;0;3;0;0;0;0
26/05/2021;05:20:18;7;Acidente sem VITIMA;63,000;BR-101/RS;Norte;Saída de pista;1;0;0;0;0;0;0;0;0;0;1;0;0;0;0
27/05/2021;09:51:11;104;Acidente sem VITIMA;19,000;BR-290/RS;Leste;Colisão - Traseira;0;0;2;0;0;0;0;0;0;0;2;0;0;0;0
27/05/2021;10:15:20;110;Acidente sem VITIMA;239,000;BR-386/RS;Norte;Colisão - Traseira;0;0;0;0;0;1;0;0;0;1;2;0;0;0;0
27/05/2021;11:59:02;133;Acidente sem VITIMA;28,000;BR-290/RS;Leste;Queda de ribanceira;1;0;0;0;0;0;0;0;0;0;1;0;0;0;0
27/05/2021;04:49:02;17;Acidente sem VITIMA;65,000;BR-290/RS;Leste;Queda de ribanceira;0;0;1;0;0;0;0;0;0;0;1;0;0;0;0
27/05/2021;15:46:33;179;Acidente sem VITIMA;17,000;BR-448/RS;Norte;Colisão - Traseira;2;0;0;0;0;0;0;0;0;0;4;0;0;0;0
27/05/2021;15:48:39;180;Acidente com VITIMA;1,000;BR-290/RS;Leste;Queda de Ponte/Viaduto;1;0;0;0;0;0;0;0;0;0;0;1;0;0;0
27/05/2021;18:49:59;201;Acidente com VITIMA FATAL;365,000;BR-386/RS;Norte;Colisão - Lateral;1;0;1;0;0;0;0;0;0;0;1;0;1;0;1
27/05/2021;22:23:46;234;Acidente sem VITIMA;88,000;BR-290/RS;Leste;Colisão - Traseira;2;0;0;0;0;0;0;0;0;0;3;0;0;0;0
28/05/2021;12:17:41;114;Acidente sem VITIMA;417,000;BR-386/RS;Sul;Saída de pista;1;0;0;0;0;0;0;0;0;0;1;0;0;0;0
28/05/2021;12:21:46;115;Acidente com VITIMA;348,000;BR-386/RS;Sul;;2;0;0;0;0;0;0;0;0;0;1;1;0;0;0
28/05/2021;12:25:26;116;Acidente sem VITIMA;85,000;BR-290/RS;Leste;Choque Defensa;1;0;0;0;0;0;0;0;0;0;1;0;0;0;0
28/05/2021;12:58:39;120;Acidente sem VITIMA;11,000;BR-290/RS;Oeste;Queda de ribanceira;1;0;0;0;0;0;0;0;0;0;1;0;0;0;0
28/05/2021;13:29:19;123;Acidente sem VITIMA;272,000;BR-386/RS;Norte;Queda de ribanceira;1;0;0;0;0;0;0;0;0;0;2;0;0;0;0
28/05/2021;14:13:56;129;Acidente sem VITIMA;365,000;BR-386/RS;Norte;Saída de pista;1;0;0;0;0;0;0;0;0;0;2;0;0;0;0
28/05/2021;14:33:42;131;Acidente sem VITIMA;411,000;BR-386/RS;Sul;Capotamento;1;0;0;0;0;0;0;0;0;0;4;0;0;0;0
28/05/2021;14:37:03;132;Acidente sem VITIMA;33,000;BR-290/RS;Oeste;Queda de ribanceira;1;0;0;0;0;0;0;0;0;0;3;0;0;0;0
28/05/2021;14:38:02;133;Acidente sem VITIMA;426,000;BR-386/RS;Sul;Colisão - Traseira;2;0;0;0;0;0;0;0;0;0;2;0;0;0;0
28/05/2021;15:16:06;137;Acidente sem VITIMA;65,000;BR-290/RS;Oeste;;0;0;0;0;0;0;0;0;0;1;1;0;0;0;0
28/05/2021;15:16:17;138;Acidente sem VITIMA;305,000;BR-386/RS;Sul;Saída de pista;1;0;0;0;0;0;0;0;0;0;1;0;0;0;0
28/05/2021;15:39:10;142;Acidente sem VITIMA;417,000;BR-386/RS;Sul;Saída de pista;1;0;0;0;0;0;0;0;0;0;1;0;0;0;0
28/05/2021;15:42:17;144;Acidente sem VITIMA;22,000;BR-290/RS;Leste;Queda de ribanceira;1;0;0;0;0;0;0;0;0;0;1;0;0;0;0
28/05/2021;16:03:36;150;Acidente sem VITIMA;352,000;BR-386/RS;Norte;Choque Defensa;1;0;0;0;0;0;0;0;0;0;4;0;0;0;0
28/05/2021;16:55:54;168;Acidente sem VITIMA;42,000;BR-101/RS;Norte;Colisão - Lateral;0;0;0;0;0;2;0;0;0;0;2;0;0;0;0
28/05/2021;17:01:38;171;Acidente sem VITIMA;440,000;BR-386/RS;Norte;Saída de pista;1;0;0;0;0;0;0;0;0;0;2;0;0;0;0
28/05/2021;17:11:20;178;Acidente sem VITIMA;376,000;BR-386/RS;Norte;Colisão - Traseira;2;0;0;0;0;0;0;0;0;0;4;0;0;0;0
28/05/2021;17:26:32;181;Acidente sem VITIMA;261,000;BR-386/RS;Norte;Choque Defensa;1;0;0;0;0;0;0;0;0;0;1;0;0;0;0
28/05/2021;17:41:12;184;Acidente sem VITIMA;396,000;BR-386/RS;Norte;Capotamento;1;0;0;0;0;0;0;0;0;0;3;0;0;0;0
28/05/2021;18:17:27;194;Acidente sem VITIMA;50,000;BR-290/RS;Leste;Saída de pista;1;0;0;0;0;0;0;0;0;0;1;0;0;0;0
28/05/2021;19:00:50;206;Acidente sem VITIMA;90,000;BR-290/RS;Oeste;Choque Defensa;1;0;0;0;0;0;0;0;0;0;1;0;0;0;0
28/05/2021;20:15:45;217;Acidente sem VITIMA;93,000;BR-290/RS;Oeste;Choque Barreira;1;0;0;0;0;0;0;0;0;0;1;0;0;0;0
28/05/2021;20:52:53;221;Acidente com VITIMA;11,000;BR-290/RS;Oeste;Capotamento;1;0;0;0;0;0;0;0;0;0;0;1;0;0;0
28/05/2021;21:57:01;230;Acidente com VITIMA;22,000;BR-448/RS;Sul;Colisão - Lateral;1;0;0;0;0;0;0;0;0;0;1;1;0;0;0
28/05/2021;22:01:17;231;Acidente sem VITIMA;23,000;BR-290/RS;Leste;Saída de pista;1;0;0;0;0;0;0;0;0;0;1;0;0;0;0
28/05/2021;22:16:09;232;Acidente sem VITIMA;270,000;BR-386/RS;Norte;Saída de pista;1;0;0;0;0;0;0;0;0;0;1;0;0;0;0
28/05/2021;22:48:58;236;Acidente sem VITIMA;42,000;BR-290/RS;Leste;Saída de pista;1;0;0;0;0;0;0;0;0;0;1;0;0;0;0
28/05/2021;04:10:52;7;Acidente sem VITIMA;13,000;BR-290/RS;Oeste;Queda de ribanceira;0;0;0;0;0;0;0;0;0;1;1;0;0;0;0
29/05/2021;15:22:15;151;Acidente sem VITIMA;435,000;BR-386/RS;Norte;Saída de pista;1;0;0;0;0;0;0;0;0;0;1;0;0;0;0
29/05/2021;16:02:10;165;Acidente sem VITIMA;60,000;BR-290/RS;Leste;Colisão - Traseira;2;0;0;0;0;0;0;0;0;0;4;0;0;0;0
29/05/2021;16:15:18;166;Acidente sem VITIMA;22,000;BR-101/RS;Sul;Colisão - Lateral;1;0;1;0;0;0;0;0;0;0;2;0;0;0;0
29/05/2021;17:41:22;180;Acidente sem VITIMA;76,000;BR-101/RS;Sul;Saída de pista;1;0;0;0;0;0;0;0;0;0;3;0;0;0;0
29/05/2021;22:22:54;219;Acidente com VITIMA FATAL;5,000;BR-101/RS;Norte;Capotamento;1;0;0;0;0;0;0;0;0;0;0;0;0;0;1
29/05/2021;22:43:45;221;Acidente com VITIMA;11,000;BR-290/RS;Leste;Colisão - Traseira;2;0;0;0;0;0;0;0;0;0;0;2;1;0;0
29/05/2021;07:06:45;33;Acidente sem VITIMA;248,000;BR-386/RS;Norte;Colisão - Traseira;2;0;0;0;0;0;0;0;0;0;2;0;0;0;0
29/05/2021;09:45:38;73;Acidente sem VITIMA;60,000;BR-290/RS;Leste;Colisão - Traseira;2;0;0;0;0;0;0;0;0;0;2;0;0;0;0
30/05/2021;18:20:02;139;Acidente sem VITIMA;62,000;BR-101/RS;Sul;Colisão - Lateral;1;0;1;0;0;0;0;0;0;0;5;0;0;0;0
30/05/2021;05:43:57;14;Acidente sem VITIMA;30,000;BR-101/RS;Norte;Queda de ribanceira;1;0;0;0;0;0;0;0;0;0;1;0;0;0;0
30/05/2021;19:24:43;151;Acidente sem VITIMA;392,000;BR-386/RS;Norte;Colisão - Transversal;2;0;0;0;0;0;0;0;0;0;6;0;0;0;0
30/05/2021;19:56:23;157;Acidente sem VITIMA;80,000;BR-290/RS;Leste;Capotamento;1;0;0;0;0;0;0;0;0;0;2;0;0;0;0
30/05/2021;22:52:05;175;Acidente com VITIMA;438,000;BR-386/RS;Sul;Choque Barreira;1;0;0;0;0;0;0;0;0;0;0;0;1;0;0
30/05/2021;02:06:51;7;Acidente com VITIMA FATAL;270,000;BR-386/RS;Sul;Colisão - Transversal;1;0;1;0;0;0;0;0;0;0;2;0;1;0;2
31/05/2021;10:26:39;107;Acidente sem VITIMA;92,000;BR-290/RS;Leste;Colisão - Traseira;1;0;0;0;0;0;0;0;0;1;4;0;0;0;0
31/05/2021;12:29:51;132;Acidente com VITIMA;351,000;BR-386/RS;Sul;Colisão - Lateral;0;0;1;1;0;0;0;0;0;0;1;1;0;0;0
31/05/2021;13:30:05;145;Acidente sem VITIMA;4,000;BR-448/RS;Norte;Choque com veículo no acostamento;1;0;1;0;0;0;0;0;0;0;2;0;0;0;0
31/05/2021;19:35:38;223;Acidente sem VITIMA;224,000;BR-386/RS;Norte;Colisão - Lateral;1;0;0;0;0;0;0;1;0;0;3;0;0;0;0
31/05/2021;22:53:11;245;Acidente sem VITIMA;194,000;BR-386/RS;Norte;Saída de pista;0;0;0;0;0;0;0;0;0;1;1;0;0;0;0
31/05/2021;07:59:49;42;Acidente sem VITIMA;93,000;BR-290/RS;Oeste;Colisão - Traseira;2;0;0;0;0;0;0;0;0;0;2;0;0;0;0
31/05/2021;08:30:16;63;Acidente com VITIMA;439,000;BR-386/RS;Sul;Colisão - Lateral;1;0;1;0;0;0;0;0;0;0;4;1;0;0;0
31/05/2021;09:16:34;74;Acidente sem VITIMA;85,000;BR-101/RS;Sul;Choque Defensa;1;0;0;0;0;0;0;0;0;0;2;0;0;0;0
01/06/2021;06:24:42;16;Acidente sem VITIMA;438,000;BR-386/RS;Sul;Colisão - Lateral;1;0;1;0;0;1;0;0;0;0;2;0;0;0;0
01/06/2021;14:20:41;180;Acidente sem VITIMA;80,000;BR-290/RS;Leste;Queda de moto;0;0;0;1;0;0;0;0;0;0;1;0;0;0;0
01/06/2021;14:22:00;181;Acidente sem VITIMA;262,000;BR-386/RS;Sul;Colisão - Traseira;1;0;0;0;0;1;0;0;0;0;4;0;0;0;0
02/06/2021;14:22:39;151;Acidente sem VITIMA;443,000;BR-386/RS;Norte;Colisão - Lateral;1;0;0;0;0;0;0;0;0;0;1;0;0;0;0
02/06/2021;04:43:10;17;Acidente sem VITIMA;289,000;BR-386/RS;Norte;Saída de pista;1;0;0;0;0;1;0;0;0;0;2;0;0;0;0
02/06/2021;18:14:31;198;Atropelamento;417,000;BR-386/RS;Norte;Atropelamento - Andarilho;1;0;0;0;0;0;0;0;0;0;1;0;1;0;0
02/06/2021;19:50:13;213;Acidente sem VITIMA;247,000;BR-386/RS;Norte;Queda de ribanceira;1;0;0;0;0;0;0;0;0;0;2;0;0;0;0
02/06/2021;21:40:57;231;Acidente sem VITIMA;227,000;BR-386/RS;Sul;Colisão - Lateral;2;0;0;0;0;0;0;0;0;0;3;0;0;0;0
03/06/2021;02:58:52;11;Acidente sem VITIMA;93,000;BR-290/RS;Leste;Colisão - Traseira;2;0;0;1;0;0;0;0;0;0;3;0;0;0;0
03/06/2021;16:29:51;132;Acidente sem VITIMA;18,000;BR-290/RS;Leste;Queda de ribanceira;1;0;0;0;0;1;0;0;0;0;3;0;0;0;0
03/06/2021;16:34:15;133;Acidente com VITIMA;371,000;BR-386/RS;Norte;Saída de pista;1;0;0;1;0;0;0;0;0;0;2;0;0;0;0
03/06/2021;16:58:36;140;Acidente sem VITIMA;19,000;BR-290/RS;Leste;Colisão - Traseira;1;0;0;0;0;0;0;0;0;0;1;0;0;0;0
03/06/2021;17:22:30;147;Acidente com VITIMA;374,000;BR-386/RS;Norte;Colisão - Traseira;1;0;0;0;0;0;0;0;0;0;2;0;0;0;0
03/06/2021;20:08:34;173;Acidente sem VITIMA;85,000;BR-290/RS;Oeste;Queda de moto;0;0;0;1;0;0;0;0;0;0;0;1;0;0;0
03/06/2021;21:08:20;182;Acidente sem VITIMA;306,000;BR-386/RS;Norte;Choque com objeto sobre a pista;2;0;0;0;0;0;0;0;0;0;5;0;0;0;0