data;horario;n_da_ocorrencia;tipo_de_ocorrencia;km;trecho;sentido;tipo_de_acidente;automovel;bicicleta;caminhao;moto;onibus;outros;tracao_animal;transporte_de_cargas_especiais;trator_maquinas;utilitarios;ilesos;levemente_feridos;moderadamente_feridos;gravemente_feridos;mortos
14/07/2021;21:10:00;226;Acidente com VITIMA;342,000;BR-386/RS;Sul;Saída de pista;1;0;0;0;0;0;0;0;0;0;0;0;1;0;0
14/07/2021;22:39:00;238;Acidente sem VITIMA;215,000;BR-386/RS;Sul;Colisão - Traseira;0;0;1;0;0;0;0;1;0;0;2;0;0;0;0
14/07/2021;07:14:29;39;Acidente sem VITIMA;424,000;BR-386/RS;Norte;Capotamento;1;0;0;0;0;0;0;0;0;0;1;0;0;0;0
14/07/2021;09:02:13;79;Acidente sem VITIMA;272,000;BR-386/RS;Norte;Queda de ribanceira;1;0;0;0;0;0;0;0;0;0;1;0;0;0;0
15/07/2021;13:41:05;129;Acidente sem VITIMA;5,000;BR-290/RS;Leste;Queda de ribanceira;1;0;0;0;0;0;0;0;0;0;1;0;0;0;0
15/07/2021;18:05:31;172;Acidente sem VITIMA;426,000;BR-386/RS;Norte;Colisão - Traseira;1;0;0;0;0;0;0;0;0;1;2;0;0;0;0
15/07/2021;18:38:50;177;Acidente com VITIMA;4,000;BR-101/RS;Sul;Colisão - Traseira;1;0;0;0;0;1;0;0;0;0;1;0;1;0;0
15/07/2021;20:21:19;192;Acidente sem VITIMA;343,000;BR-386/RS;Sul;Colisão - Traseira;2;0;0;0;0;0;0;0;0;0;4;0;0;0;0
15/07/2021;06:18:00;23;Acidente com VITIMA;343,000;BR-386/RS;Norte;Colisão - Traseira;2;0;0;0;0;0;0;0;0;0;2;1;0;0;0
15/07/2021;06:45:00;27;Acidente sem VITIMA;367,000;BR-386/RS;Sul;Colisão - Traseira;0;0;0;0;0;1;0;1;0;0;2;0;0;0;0
15/07/2021;08:00:00;55;Acidente sem VITIMA;22,000;BR-448/RS;Norte;Choque Barreira;1;0;0;0;0;0;0;0;0;0;1;0;0;0;0
15/07/2021;10:38:11;97;Acidente com VITIMA;343,000;BR-386/RS;Sul;Capotamento;1;0;0;0;0;0;0;0;0;0;2;1;0;0;0
16/07/2021;12:31:27;147;Acidente sem VITIMA;246,000;BR-386/RS;Norte;Colisão - Lateral;2;0;0;0;0;0;0;0;0;0;3;0;0;0;0
16/07/2021;14:04:36;175;Acidente sem VITIMA;318,000;BR-386/RS;Norte;Queda de ribanceira;1;0;0;0;0;0;0;0;0;0;2;0;0;0;0
16/07/2021;15:41:57;191;Acidente com VITIMA;181,000;BR-386/RS;Sul;Colisão - Frontal;1;0;1;0;0;0;0;0;0;0;1;1;0;0;0
16/07/2021;16:42:22;207;Acidente com VITIMA;414,000;BR-386/RS;Norte;Choque - Arvore;1;0;0;0;0;0;0;0;0;0;0;0;0;1;0
16/07/2021;16:45:09;208;Acidente sem VITIMA;352,000;BR-386/RS;Sul;Colisão - Traseira;1;0;1;0;0;0;0;0;0;0;3;0;0;0;0
16/07/2021;06:38:45;21;Acidente sem VITIMA;69,000;BR-290/RS;Oeste;Queda de ribanceira;1;0;0;0;0;0;0;0;0;0;2;0;0;0;0
16/07/2021;17:35:56;217;Acidente sem VITIMA;233,000;BR-386/RS;Norte;Tombamento;0;0;1;0;0;0;0;0;0;1;3;0;0;0;0
16/07/2021;19:49:32;240;Acidente com VITIMA;6,000;BR-101/RS;Norte;Colisão - Frontal;2;0;0;0;0;0;0;0;0;0;2;0;0;1;0
16/07/2021;22:09:11;263;Acidente sem VITIMA;387,000;BR-386/RS;Sul;Choque Defensa;1;0;0;0;0;0;0;0;0;0;2;0;0;0;0
16/07/2021;07:39:23;42;Acidente sem VITIMA;40,000;BR-101/RS;Sul;Capotamento;1;0;0;0;0;0;0;0;0;0;1;0;0;0;0
16/07/2021;08:19:12;63;Acidente sem VITIMA;246,000;BR-386/RS;Norte;Queda de ribanceira;1;0;0;0;0;0;0;0;0;0;2;0;0;0;0
16/07/2021;08:28:43;65;Acidente sem VITIMA;419,000;BR-386/RS;Sul;Colisão - Traseira;2;0;0;0;0;0;0;0;0;0;2;0;0;0;0
16/07/2021;08:28:40;67;Acidente com VITIMA;95,000;BR-290/RS;Oeste;Colisão - Traseira;1;0;0;1;0;0;0;0;0;0;1;1;0;0;0
16/07/2021;08:49:00;77;Acidente sem VITIMA;91,000;BR-290/RS;Oeste;Colisão - Lateral;2;0;0;0;0;0;0;0;0;0;2;0;0;0;0
16/07/2021;09:00:26;85;Acidente sem VITIMA;412,000;BR-386/RS;Norte;Colisão - Lateral;1;0;1;0;0;0;0;0;0;0;2;0;0;0;0
17/07/2021;11:27:37;102;Acidente com VITIMA;220,000;BR-386/RS;Sul;Capotamento;1;0;0;0;0;0;0;0;0;0;0;1;1;0;0
17/07/2021;13:49:36;134;Acidente sem VITIMA;344,000;BR-386/RS;Sul;Colisão - Traseira;2;0;0;0;0;0;0;0;0;0;2;0;0;0;0
17/07/2021;14:22:37;143;Acidente sem VITIMA;354,000;BR-386/RS;Sul;Colisão - Traseira;2;0;0;0;0;0;0;0;0;0;2;0;0;0;0
17/07/2021;19:19:51;198;Acidente com VITIMA;346,000;BR-386/RS;Sul;Capotamento;1;0;0;0;0;1;0;0;0;0;1;0;1;0;0
17/07/2021;10:23:03;84;Acidente com VITIMA;81,000;BR-290/RS;Oeste;Queda de moto;0;0;0;1;0;0;0;0;0;0;1;1;0;0;0
17/07/2021;10:57:09;89;Acidente sem VITIMA;375,000;BR-386/RS;Norte;Colisão - Lateral;1;0;1;0;0;0;0;0;0;0;5;0;0;0;0
18/07/2021;04:10:59;14;Acidente sem VITIMA;32,000;BR-290/RS;Oeste;Tombamento;0;0;0;0;0;0;0;1;0;0;1;0;0;0;0
18/07/2021;16:41:34;144;Acidente sem VITIMA;92,000;BR-290/RS;Leste;Colisão - Lateral;2;0;0;0;0;0;0;0;0;0;2;0;0;0;0
18/07/2021;17:27:38;150;Acidente com VITIMA;361,000;BR-386/RS;Ambos;Colisão - Lateral;1;0;0;1;0;0;0;0;0;0;1;0;1;0;0
18/07/2021;18:03:21;157;Acidente com VITIMA;388,000;BR-386/RS;Norte;Choque com veículo no acostamento;1;0;0;1;0;0;0;0;0;0;1;0;1;0;0
18/07/2021;18:05:10;158;Acidente sem VITIMA;9,000;BR-290/RS;Leste;Choque Defensa;1;0;0;0;0;0;0;0;0;0;4;0;0;0;0
18/07/2021;18:38:25;165;Acidente sem VITIMA;395,000;BR-386/RS;Sul;Queda de ribanceira;0;0;0;0;0;0;0;0;0;1;1;0;0;0;0
18/07/2021;19:25:09;174;Acidente com VITIMA;350,000;BR-386/RS;Norte;Capotamento;1;0;0;0;0;0;0;0;0;0;0;0;1;0;0
18/07/2021;22:00:23;204;Acidente sem VITIMA;265,000;BR-386/RS;Norte;Queda de ribanceira;1;0;0;0;0;0;0;0;0;0;1;0;0;0;0
18/07/2021;12:33:33;86;Acidente sem VITIMA;42,000;BR-101/RS;Sul;Colisão - Traseira;2;0;0;0;0;0;0;0;0;0;2;0;0;0;0
19/07/2021;10:48:32;100;Acidente sem VITIMA;364,000;BR-386/RS;Sul;Saída de pista;1;0;0;0;0;0;0;0;0;0;1;0;0;0;0
19/07/2021;12:02:37;113;Acidente sem VITIMA;432,000;BR-386/RS;Sul;Saída de pista;1;0;0;0;0;0;0;0;0;0;1;0;0;0;0
19/07/2021;06:57:18;31;Acidente sem VITIMA;444,000;BR-386/RS;Sul;Colisão - Transversal;1;0;0;0;0;0;0;0;0;1;2;0;0;0;0
20/07/2021;14:01:49;110;Acidente sem VITIMA;35,000;BR-101/RS;Sul;Colisão - Traseira;2;0;0;0;0;0;0;0;0;0;5;0;0;0;0
20/07/2021;14:01:46;111;Acidente sem VITIMA;282,000;BR-386/RS;Norte;Engavetamento;3;0;0;0;0;0;0;0;0;0;6;0;0;0;0
20/07/2021;18:09:04;142;Acidente com VITIMA;248,000;BR-386/RS;Sul;Colisão - Traseira;2;0;1;0;0;0;0;0;0;0;2;2;0;0;0
20/07/2021;18:46:40;152;Acidente com VITIMA;392,000;BR-386/RS;Sul;Colisão - Traseira;0;0;1;1;0;0;0;0;0;0;2;1;0;0;0
20/07/2021;19:12:00;154;Acidente sem VITIMA;25,000;BR-290/RS;Leste;Saída de pista;0;0;1;0;0;0;0;0;0;0;2;0;0;0;0
21/07/2021;15:30:06;159;Acidente sem VITIMA;246,000;BR-386/RS;Norte;Saída de pista;1;0;0;0;0;0;0;0;0;0;2;0;0;0;0
21/07/2021;19:49:48;216;Acidente sem VITIMA;322,000;BR-386/RS;Sul;Saída de pista;1;0;0;0;0;0;0;0;0;0;1;0;0;0;0
21/07/2021;21:01:50;223;Acidente sem VITIMA;71,000;BR-290/RS;Leste;Outros;1;0;0;0;0;1;0;0;0;0;2;0;0;0;0
22/07/2021;10:58:12;140;Acidente sem VITIMA;345,000;BR-386/RS;Norte;Colisão - Lateral;1;0;1;0;0;0;0;0;0;0;3;0;0;0;0
22/07/2021;16:23:34;206;Acidente sem VITIMA;60,000;BR-290/RS;Oeste;Colisão - Traseira;2;0;0;0;0;0;0;0;0;0;4;0;0;0;0
22/07/2021;16:41:46;209;Acidente sem VITIMA;92,000;BR-290/RS;Leste;Colisão - Lateral;1;0;0;1;0;0;0;0;0;0;2;0;0;0;0
22/07/2021;16:50:43;211;Acidente sem VITIMA;359,000;BR-386/RS;Sul;Capotamento;1;0;0;0;0;0;0;0;0;0;1;0;0;0;0
22/07/2021;05:48:42;22;Acidente sem VITIMA;83,000;BR-290/RS;Leste;Colisão - Lateral;1;0;1;0;0;0;0;0;0;0;2;0;0;0;0
22/07/2021;19:17:46;236;Acidente sem VITIMA;91,000;BR-290/RS;Oeste;Choque Barreira;1;0;0;0;0;0;0;0;0;0;1;0;0;0;0
22/07/2021;20:10:35;245;Atropelamento;8,000;BR-290/RS;Oeste;;1;0;0;0;0;0;0;0;0;0;0;1;0;0;0
22/07/2021;00:34:58;7;Acidente sem VITIMA;11,000;BR-101/RS;Sul;Saída de pista;1;0;0;0;0;0;0;0;0;0;3;0;0;0;0
22/07/2021;08:18:02;86;Acidente sem VITIMA;387,000;BR-386/RS;Sul;Colisão - Lateral;1;0;1;0;0;0;0;0;0;0;2;0;0;0;0
23/07/2021;12:23:19;127;Acidente sem VITIMA;346,000;BR-386/RS;Norte;Saída de pista;1;0;0;0;0;1;0;0;0;0;2;0;0;0;0
23/07/2021;18:12:40;199;Acidente com VITIMA FATAL;219,000;BR-386/RS;Sul;Colisão - Frontal;1;0;1;0;0;0;0;0;0;0;1;0;0;0;4
23/07/2021;18:42:07;209;Acidente com VITIMA;216,000;BR-386/RS;Norte;Colisão - Transversal;1;0;0;1;0;0;0;0;0;0;1;1;0;0;0
23/07/2021;06:45:29;33;Acidente com VITIMA;435,000;BR-386/RS;Sul;Colisão - Traseira;1;0;0;0;0;0;0;1;0;0;2;0;1;0;0
23/07/2021;07:06:27;40;Acidente sem VITIMA;345,000;BR-386/RS;Sul;Colisão - Transversal;2;0;0;0;0;0;0;0;0;0;2;0;0;0;0
24/07/2021;13:29:50;113;Acidente sem VITIMA;33,000;BR-101/RS;Sul;Choque Barreira;1;0;0;0;0;0;0;0;0;0;1;0;0;0;0
24/07/2021;02:34:34;12;Acidente com VITIMA;45,000;BR-101/RS;Sul;Queda de moto;0;0;0;1;0;0;0;0;0;0;0;1;0;0;0
24/07/2021;16:17:42;157;Acidente sem VITIMA;45,000;BR-101/RS;Sul;Colisão - Traseira;3;0;0;0;0;0;0;0;0;0;3;0;0;0;0
24/07/2021;16:49:48;162;Acidente sem VITIMA;228,000;BR-386/RS;Norte;Colisão - Traseira;2;0;0;0;0;0;0;0;0;0;2;0;0;0;0
24/07/2021;18:38:48;177;Acidente com VITIMA;40,000;BR-290/RS;Leste;Saída de pista;1;0;0;0;0;0;0;0;0;0;1;0;1;0;0
24/07/2021;19:08:08;185;Acidente sem VITIMA;437,000;BR-386/RS;Sul;Colisão - Traseira;2;0;0;0;0;0;0;0;0;0;3;0;0;0;0
24/07/2021;06:35:16;26;Acidente com VITIMA;245,000;BR-386/RS;Sul;Colisão - Transversal;1;0;0;0;0;0;0;1;0;0;1;0;0;1;0
24/07/2021;00:07:30;3;Acidente sem VITIMA;376,000;BR-386/RS;Norte;Saída de pista;1;0;0;0;0;0;0;0;0;0;2;0;0;0;0
24/07/2021;08:13:10;39;Acidente sem VITIMA;78,000;BR-101/RS;Sul;;2;0;0;0;0;0;0;0;0;0;2;0;0;0;0
24/07/2021;09:25:59;59;Acidente sem VITIMA;19,000;BR-290/RS;Leste;Colisão - Traseira;2;0;0;0;0;0;0;0;0;0;2;0;0;0;0
25/07/2021;13:53:02;123;Acidente com VITIMA;80,000;BR-101/RS;Sul;Choque - Painel Propaganda;1;0;0;0;0;0;0;0;0;0;1;1;0;0;0
25/07/2021;15:12:28;138;Acidente com VITIMA FATAL;10,000;BR-101/RS;Norte;Colisão - Traseira;1;0;0;1;0;0;0;0;0;0;1;0;0;0;1
25/07/2021;01:20:07;17;Acidente sem VITIMA;361,000;BR-386/RS;Sul;Choque Barreira;1;0;0;0;0;0;0;0;0;0;1;0;0;0;0
25/07/2021;18:34:42;182;Acidente sem VITIMA;373,000;BR-386/RS;Norte;Colisão - Traseira;1;0;0;0;0;0;0;0;0;1;2;0;0;0;0
25/07/2021;18:37:22;183;Acidente sem VITIMA;5,000;BR-290/RS;Oeste;Colisão - Traseira;2;0;0;0;0;0;0;0;0;0;3;0;0;0;0
25/07/2021;18:43:26;186;Acidente sem VITIMA;436,000;BR-386/RS;Sul;Saída de pista;1;0;0;0;0;0;0;0;0;0;1;0;0;0;0
25/07/2021;20:20:17;202;Acidente sem VITIMA;246,000;BR-386/RS;Norte;Colisão - Lateral;1;0;0;0;0;0;0;0;0;1;2;0;0;0;0
25/07/2021;22:25:32;223;Acidente sem VITIMA;279,000;BR-386/RS;Norte;Tombamento;0;0;0;0;0;0;0;1;0;0;1;0;0;0;0
25/07/2021;02:47:36;25;Acidente sem VITIMA;40,000;BR-290/RS;Ambos;Saída de pista;1;0;0;0;0;0;0;0;0;0;1;0;0;0;0
25/07/2021;07:50:55;55;Acidente com VITIMA;19,000;BR-290/RS;Leste;Queda de ribanceira;1;0;0;0;0;0;0;0;0;0;0;1;0;0;0
26/07/2021;11:42:05;114;Acidente sem VITIMA;410,000;BR-386/RS;Norte;Capotamento;1;0;0;0;0;0;0;0;0;0;2;0;0;0;0
26/07/2021;14:45:00;151;Acidente sem VITIMA;24,000;BR-290/RS;Leste;Queda de ribanceira;1;0;0;0;0;0;0;0;0;0;4;0;0;0;0
26/07/2021;19:11:18;204;Acidente sem VITIMA;80,000;BR-290/RS;Leste;Capotamento;1;0;0;0;0;0;0;0;0;0;1;0;0;0;0
26/07/2021;19:48:06;213;Acidente sem VITIMA;0,000;BR-448/RS;Norte;Choque Barreira;1;0;0;0;0;0;0;0;0;0;1;0;0;0;0
26/07/2021;20:05:16;217;Acidente com VITIMA;14,000;BR-290/RS;Ambos;Capotamento;1;0;0;0;0;0;0;0;0;0;0;0;4;0;0
26/07/2021;08:31:30;72;Acidente com VITIMA;415,000;BR-386/RS;Norte;Colisão - Traseira;2;0;0;0;0;0;0;0;0;0;1;2;0;0;0
27/07/2021;16:38:49;189;Acidente sem VITIMA;87,000;BR-290/RS;Leste;Engavetamento;1;0;0;0;0;0;0;1;0;3;5;0;0;0;0
27/07/2021;17:04:04;195;Acidente com VITIMA;296,000;BR-386/RS;Sul;Tombamento;0;0;1;0;0;0;0;0;0;0;0;0;1;0;0
27/07/2021;05:21:54;6;Acidente com VITIMA FATAL;408,000;BR-386/RS;Norte;Colisão - Frontal;1;0;1;0;0;0;0;0;0;0;1;0;0;0;2
28/07/2021;13:57:43;145;Acidente sem VITIMA;254,000;BR-386/RS;Norte;Queda de ribanceira;0;0;0;0;0;1;0;0;0;0;1;0;0;0;0
28/07/2021;15:49:13;168;Acidente sem VITIMA;215,000;BR-386/RS;Sul;Colisão - Traseira;2;0;0;0;0;0;0;0;0;0;5;0;0;0;0
28/07/2021;18:13:08;202;Acidente com VITIMA;342,000;BR-386/RS;Norte;Colisão - Transversal;1;0;1;0;0;0;0;0;0;0;1;0;1;0;0
28/07/2021;19:18:37;216;Acidente sem VITIMA;65,000;BR-101/RS;Sul;Colisão - Traseira;1;0;0;1;0;0;0;0;0;0;3;0;0;0;0
28/07/2021;19:52:45;224;Acidente com VITIMA;33,000;BR-101/RS;Norte;Saída de pista;1;0;0;0;0;0;0;0;0;0;0;1;0;0;0
28/07/2021;20:15:05;228;Acidente sem VITIMA;18,000;BR-290/RS;Leste;Saída de pista;1;0;0;0;0;0;0;0;0;0;1;0;0;0;0
28/07/2021;20:17:02;229;Acidente sem VITIMA;15,000;BR-290/RS;Ambos;Saída de pista;1;0;0;0;0;0;0;0;0;0;3;0;0;0;0
28/07/2021;20:31:35;230;Acidente sem VITIMA;14,000;BR-290/RS;Oeste;Capotamento;1;0;0;0;0;0;0;0;0;0;4;0;0;0;0
28/07/2021;21:36:02;232;Acidente sem VITIMA;371,000;BR-386/RS;Ambos;Saída de pista;1;0;0;0;0;0;0;0;0;0;3;0;0;0;0
28/07/2021;22:39:07;239;Acidente com VITIMA;369,000;BR-386/RS;Norte;Colisão - Traseira;0;0;0;2;0;0;0;0;0;0;1;1;0;0;0
28/07/2021;20:15:05;240;Acidente sem VITIMA;18,000;BR-290/RS;Leste;Saída de pista;1;0;0;0;0;0;0;0;0;0;2;0;0;0;0
28/07/2021;06:28:47;31;Acidente sem VITIMA;19,000;BR-290/RS;Leste;;0;0;1;0;0;0;0;1;0;0;2;0;0;0;0
28/07/2021;06:31:17;32;Acidente sem VITIMA;427,000;BR-386/RS;Norte;Saída de pista;1;0;0;0;0;0;0;0;0;0;1;0;0;0;0
28/07/2021;07:48:56;58;Acidente sem VITIMA;299,000;BR-386/RS;Sul;Queda de ribanceira;1;0;0;0;0;0;0;0;0;0;3;0;0;0;0
28/07/2021;08:48:50;79;Acidente sem VITIMA;91,000;BR-290/RS;Leste;Colisão - Lateral;0;0;0;1;0;0;0;0;0;0;1;0;0;0;0
28/07/2021;09:35:14;91;Acidente sem VITIMA;5,000;BR-101/RS;Sul;Colisão - Lateral;2;0;0;0;0;0;0;0;0;0;2;0;0;0;0
29/07/2021;06:37:02;264;Acidente sem VITIMA;351,000;BR-386/RS;Norte;Colisão - Traseira;2;0;0;0;0;0;0;0;0;0;2;0;0;0;0
29/07/2021;14:37:23;397;Acidente sem VITIMA;81,000;BR-101/RS;Sul;Queda de ribanceira;1;0;0;0;0;0;0;0;0;0;1;0;0;0;0
29/07/2021;14:38:29;398;Acidente com VITIMA;304,000;BR-386/RS;Sul;Colisão - Traseira;1;0;0;0;0;0;0;1;0;0;2;1;0;0;0
29/07/2021;15:20:09;408;Acidente com VITIMA;222,000;BR-386/RS;Norte;Colisão - Traseira;0;0;1;0;0;0;0;0;0;1;4;3;0;0;0
29/07/2021;15:22:13;409;Acidente sem VITIMA;79,000;BR-290/RS;Leste;Colisão - Traseira;2;0;0;0;0;0;0;0;0;0;2;0;0;0;0
29/07/2021;19:11:57;443;Acidente sem VITIMA;391,000;BR-386/RS;Sul;Colisão - Traseira;2;0;0;0;0;0;0;0;0;0;2;0;0;0;0
30/07/2021;00:00:27;1;Acidente sem VITIMA;76,000;BR-101/RS;Sul;Saída de pista;1;0;0;0;0;0;0;0;0;0;1;0;0;0;0
30/07/2021;10:06:52;122;Acidente sem VITIMA;333,000;BR-386/RS;Sul;Saída de pista;1;0;0;0;0;0;0;0;0;0;2;0;0;0;0
30/07/2021;17:13:10;224;Acidente com VITIMA;22,000;BR-448/RS;Sul;Colisão - Traseira;2;0;0;0;0;0;0;0;0;0;1;0;1;0;0
30/07/2021;04:25:18;24;Acidente sem VITIMA;52,000;BR-290/RS;Leste;Saída de pista;1;0;0;0;0;0;0;0;0;0;1;0;0;0;0
30/07/2021;18:46:57;244;Acidente sem VITIMA;89,000;BR-290/RS;Oeste;Choque Barreira;2;0;0;0;0;0;0;0;0;0;2;0;0;0;0
30/07/2021;21:17:37;284;Acidente sem VITIMA;22,000;BR-448/RS;Norte;Colisão - Traseira;2;0;0;0;0;0;0;0;0;0;2;0;0;0;0
30/07/2021;07:55:06;65;Acidente sem VITIMA;262,000;BR-386/RS;Sul;Colisão - Traseira;1;0;0;0;0;1;0;0;0;0;3;0;0;0;0
30/07/2021;08:33:12;80;Acidente com VITIMA;81,000;BR-290/RS;Oeste;Queda de moto;0;0;0;1;0;0;0;0;0;0;0;1;0;0;0
30/07/2021;08:39:57;84;Acidente sem VITIMA;43,000;BR-290/RS;Leste;Saída de pista;1;0;0;0;0;0;0;0;0;0;2;0;0;0;0
31/07/2021;15:51:02;151;Acidente sem VITIMA;17,100;BR-290/RS;Leste;Saída de pista;1;0;0;0;0;0;0;0;0;0;2;0;0;0;0
31/07/2021;16:10:32;153;Acidente sem VITIMA;427,000;BR-386/RS;Norte;Colisão - Lateral;2;0;0;0;0;0;0;0;0;0;2;0;0;0;0
31/07/2021;23:12:47;210;Acidente sem VITIMA;80,000;BR-290/RS;Leste;Queda de ribanceira;1;0;0;0;0;0;0;0;0;0;1;0;0;0;0
31/07/2021;23:15:23;211;Acidente sem VITIMA;401,000;BR-386/RS;Sul;Capotamento;1;0;0;0;0;0;0;0;0;0;1;0;0;0;0
01/08/2021;19:36:11;143;Acidente com VITIMA FATAL;323,000;BR-386/RS;Sul;Colisão - Frontal;1;0;0;1;0;0;0;0;0;0;2;0;0;0;1
01/08/2021;19:51:51;150;Atropelamento;348,000;BR-386/RS;Norte;Atropelamento - Usuário;1;0;0;0;0;0;0;0;0;0;1;0;0;1;0
01/08/2021;21:05:15;161;Acidente sem VITIMA;81,000;BR-290/RS;Leste;Queda de ribanceira;0;0;0;0;0;0;0;0;0;1;1;0;0;0;0
01/08/2021;21:42:41;163;Acidente sem VITIMA;81,000;BR-290/RS;Leste;Saída de pista;1;0;0;0;0;0;0;0;0;0;1;0;0;0;0
02/08/2021;12:30:11;117;Acidente sem VITIMA;409,000;BR-386/RS;Sul;Colisão - Traseira;1;0;0;0;0;0;0;1;0;0;2;0;0;0;0
02/08/2021;14:15:36;136;Acidente sem VITIMA;85,000;BR-290/RS;Leste;Colisão - Lateral;1;0;0;0;0;0;0;1;0;0;2;0;0;0;0
02/08/2021;15:02:03;146;Acidente com VITIMA;92,000;BR-290/RS;Oeste;;1;0;0;1;0;0;0;0;0;0;1;0;0;2;0
02/08/2021;17:37:35;174;Acidente sem VITIMA;98,000;BR-290/RS;Oeste;Colisão - Traseira;1;0;0;0;0;0;0;0;0;0;1;0;0;0;0
02/08/2021;04:37:34;22;Acidente sem VITIMA;54,000;BR-101/RS;Norte;Capotamento;1;0;0;0;0;0;0;0;0;0;1;0;0;0;0
02/08/2021;07:27:31;45;Acidente sem VITIMA;86,000;BR-290/RS;Oeste;Colisão - Lateral;1;0;0;0;0;0;0;1;0;0;4;0;0;0;0
02/08/2021;07:56:54;55;Acidente sem VITIMA;283,000;BR-386/RS;Norte;Saída de pista;1;0;0;0;0;0;0;0;0;0;1;0;0;0;0
02/08/2021;08:36:31;71;Acidente sem VITIMA;1,000;BR-290/RS;Leste;;1;0;0;0;0;0;0;0;0;0;1;0;0;0;0
02/08/2021;09:57:14;96;Acidente sem VITIMA;227,000;BR-386/RS;Sul;Colisão - Lateral;1;0;0;0;0;1;0;0;0;0;3;0;0;0;0
03/08/2021;18:17:10;172;Acidente com VITIMA;235,000;BR-386/RS;Sul;Colisão - Traseira;2;0;0;0;0;0;0;0;0;0;2;0;2;0;0
03/08/2021;19:10:28;182;Acidente com VITIMA;248,000;BR-386/RS;Norte;Colisão - Transversal;1;0;0;0;0;0;0;1;0;0;1;1;0;0;0
04/08/2021;15:36:01;165;Acidente sem VITIMA;89,000;BR-290/RS;Leste;;1;0;1;0;0;0;0;0;0;0;2;0;0;0;0
04/08/2021;16:49:30;181;Acidente sem VITIMA;85,000;BR-290/RS;Leste;Colisão - Lateral;1;0;0;0;0;0;0;1;0;0;4;0;0;0;0
04/08/2021;21:40:36;217;Acidente sem VITIMA;53,000;BR-290/RS;Leste;Tombamento;0;0;0;0;0;0;0;1;0;0;1;0;0;0;0
04/08/2021;21:44:49;218;Acidente sem VITIMA;246,000;BR-386/RS;Sul;Saída de pista;1;0;0;0;0;0;0;0;0;0;1;0;0;0;0
04/08/2021;07:45:12;49;Acidente sem VITIMA;227,000;BR-386/RS;Sul;Saída de pista;0;0;1;0;0;0;0;0;0;0;1;0;0;0;0
05/08/2021;02:55:27;11;Acidente sem VITIMA;203,000;BR-386/RS;Ambos;Queda de ribanceira;1;0;0;0;0;0;0;0;0;0;1;0;0;0;0
05/08/2021;13:27:10;151;Acidente sem VITIMA;13,000;BR-448/RS;Norte;Colisão - Traseira;1;0;0;0;0;0;0;1;0;0;5;0;0;0;0
05/08/2021;14:42:06;166;Acidente sem VITIMA;327,000;BR-386/RS;Sul;Engavetamento;1;0;1;0;0;0;0;0;0;1;4;0;0;0;0
05/08/2021;21:15:26;239;Acidente sem VITIMA;40,000;BR-101/RS;Sul;Saída de pista;1;0;0;0;0;0;0;0;0;0;5;0;0;0;0
05/08/2021;08:40:08;83;Acidente com VITIMA;340,000;BR-386/RS;Sul;Saída de pista;1;0;0;0;0;0;0;0;0;0;0;0;1;0;0
06/08/2021;05:47:09;22;Acidente sem VITIMA;228,000;BR-386/RS;Norte;Colisão - Lateral;1;0;0;0;0;0;0;1;0;0;3;0;0;0;0
06/08/2021;18:03:47;225;Acidente com VITIMA;436,000;BR-386/RS;Norte;Colisão - Transversal;0;0;1;1;0;0;0;0;0;0;1;0;1;0;0
06/08/2021;18:11:15;228;Acidente sem VITIMA;77,000;BR-290/RS;Leste;Colisão - Traseira;2;0;0;0;0;0;0;0;0;0;3;0;0;0;0
06/08/2021;06:21:17;25;Acidente sem VITIMA;351,000;BR-386/RS;Norte;Queda de ribanceira;1;0;0;0;0;0;0;0;0;0;1;0;0;0;0
06/08/2021;00:23:42;5;Acidente sem VITIMA;68,000;BR-290/RS;Oeste;Queda de ribanceira;1;0;0;0;0;0;0;0;0;0;1;0;0;0;0
06/08/2021;07:58:06;65;Acidente com VITIMA;78,000;BR-290/RS;Oeste;Colisão - Traseira;1;0;1;0;0;0;0;0;0;0;1;1;0;0;0
07/08/2021;02:30:45;10;Acidente com VITIMA;15,000;BR-448/RS;Sul;Outros;0;0;0;1;0;0;0;0;0;0;0;1;0;0;0
07/08/2021;15:50:48;135;Acidente sem VITIMA;220,000;BR-386/RS;Sul;Colisão - Transversal;2;0;0;0;0;0;0;0;0;0;5;0;0;0;0
07/08/2021;18:21:14;163;Acidente com VITIMA;84,000;BR-290/RS;Leste;Queda de moto;0;0;0;1;0;0;0;0;0;0;0;1;0;0;0
07/08/2021;19:11:40;178;Acidente com VITIMA;180,000;BR-386/RS;Norte;Choque Defensa;1;0;0;0;0;0;0;0;0;0;0;1;0;0;0