data;horario;n_da_ocorrencia;tipo_de_ocorrencia;km;trecho;sentido;tipo_de_acidente;automovel;bicicleta;caminhao;moto;onibus;outros;tracao_animal;transporte_de_cargas_especiais;trator_maquinas;utilitarios;ilesos;levemente_feridos;moderadamente_feridos;gravemente_feridos;mortos
07/08/2021;05:16:16;19;Acidente sem VITIMA;255,000;BR-386/RS;Sul;Saída de pista;0;0;1;0;0;0;0;0;0;0;1;0;0;0;0
07/08/2021;20:25:58;192;Acidente com VITIMA;5,000;BR-101/RS;Norte;Atropelamento de Animal;1;0;0;1;0;0;0;0;0;0;2;1;0;0;0
07/08/2021;22:08:17;202;Acidente sem VITIMA;22,000;BR-290/RS;Ambos;Saída de pista;0;0;1;0;0;0;0;0;0;0;1;0;0;0;0
07/08/2021;22:54:48;206;Acidente sem VITIMA;70,000;BR-290/RS;Oeste;Saída de pista;1;0;0;0;0;1;0;0;0;0;2;0;0;0;0
07/08/2021;10:49:45;79;Acidente sem VITIMA;92,000;BR-290/RS;Ambos;Colisão - Traseira;2;0;0;0;0;0;0;0;0;0;2;0;0;0;0
07/08/2021;11:30:39;89;Acidente com VITIMA;352,000;BR-386/RS;Sul;Saída de pista;1;0;0;0;0;0;0;0;0;0;0;1;0;0;0
08/08/2021;05:44:07;12;Acidente sem VITIMA;92,000;BR-290/RS;Oeste;Queda de ribanceira;1;0;0;0;0;0;0;0;0;0;1;0;0;0;0
08/08/2021;19:54:41;161;Acidente com VITIMA;325,000;BR-386/RS;Norte;Colisão - Transversal;1;0;0;0;0;0;0;1;0;0;1;0;0;1;0
08/08/2021;20:00:47;163;Acidente sem VITIMA;86,000;BR-290/RS;Oeste;Colisão - Traseira;2;0;0;0;0;0;0;0;0;0;2;0;0;0;0
08/08/2021;22:57:35;194;Acidente sem VITIMA;69,000;BR-290/RS;Oeste;Queda de ribanceira;1;0;0;0;0;0;0;0;0;0;4;0;0;0;0
09/08/2021;10:34:11;115;Acidente sem VITIMA;13,000;BR-448/RS;Norte;Colisão - Lateral;1;0;0;0;0;1;0;0;0;0;5;0;0;0;0
09/08/2021;04:49:23;15;Acidente com VITIMA;344,000;BR-386/RS;Sul;Queda de moto;0;0;0;1;0;0;0;0;0;0;0;2;0;0;0
09/08/2021;13:28:31;153;Acidente sem VITIMA;13,000;BR-290/RS;Leste;Saída de pista;1;0;0;0;0;0;0;0;0;0;1;0;0;0;0
09/08/2021;14:01:35;160;Acidente com VITIMA;17,000;BR-448/RS;Sul;Colisão - Traseira;0;0;1;1;0;0;0;0;0;0;1;1;0;0;0
09/08/2021;14:16:58;163;Acidente sem VITIMA;375,000;BR-386/RS;Sul;Colisão - Traseira;2;0;0;0;0;0;0;0;0;0;2;0;0;0;0
09/08/2021;14:22:22;167;Acidente com VITIMA;352,000;BR-386/RS;Norte;Choque - Poste;1;0;0;0;0;0;0;0;0;0;1;2;0;0;0
09/08/2021;16:55:23;195;Acidente sem VITIMA;375,000;BR-386/RS;Sul;Colisão - Lateral;1;0;1;0;0;0;0;0;0;0;3;0;0;0;0
09/08/2021;05:45:44;22;Acidente sem VITIMA;86,000;BR-290/RS;Leste;Choque Defensa;1;0;0;0;0;0;0;0;0;0;1;0;0;0;0
09/08/2021;21:25:49;229;Acidente com VITIMA;50,000;BR-290/RS;Leste;Capotamento;1;0;0;0;0;0;0;0;0;0;0;1;0;0;0
09/08/2021;21:39:01;233;Acidente sem VITIMA;94,000;BR-290/RS;Oeste;Choque Barreira;1;0;0;0;0;0;0;0;0;0;1;0;0;0;0
09/08/2021;00:52:44;8;Acidente sem VITIMA;372,000;BR-386/RS;Sul;Choque - Meio Fio;1;0;0;0;0;0;0;0;0;0;1;0;0;0;0
09/08/2021;08:51:03;88;Acidente sem VITIMA;84,000;BR-290/RS;Leste;Queda de moto;0;0;0;1;0;0;0;0;0;0;1;0;0;0;0
10/08/2021;23:15:33;185;Acidente sem VITIMA;358,000;BR-386/RS;Ambos;Saída de pista;1;0;0;0;0;0;0;0;0;0;1;0;0;0;0
10/08/2021;06:46:30;25;Acidente sem VITIMA;334,000;BR-386/RS;Norte;Choque Defensa;0;0;1;0;0;0;0;0;0;0;1;0;0;0;0
10/08/2021;06:50:09;27;Acidente sem VITIMA;357,000;BR-386/RS;Norte;Queda de ribanceira;1;0;0;0;0;0;0;0;0;0;3;0;0;0;0
10/08/2021;07:38:33;48;Acidente sem VITIMA;90,000;BR-290/RS;Oeste;Colisão - Traseira;2;0;0;0;0;0;0;0;0;0;2;0;0;0;0
10/08/2021;08:13:52;57;Acidente sem VITIMA;40,000;BR-101/RS;Sul;Choque Barreira;1;0;0;0;0;0;0;0;0;0;1;0;0;0;0
10/08/2021;01:48:12;6;Acidente sem VITIMA;440,000;BR-386/RS;Norte;Queda de ribanceira;1;0;0;0;0;0;0;0;0;0;1;0;0;0;0
10/08/2021;09:03:52;67;Acidente sem VITIMA;84,000;BR-290/RS;Oeste;Choque Barreira;1;0;0;0;0;0;0;0;0;0;1;0;0;0;0
10/08/2021;11:13:25;91;Acidente com VITIMA;79,000;BR-290/RS;Oeste;Queda de ribanceira;1;0;0;0;0;0;0;0;0;0;0;0;1;0;0
11/08/2021;16:41:24;162;Acidente com VITIMA;86,000;BR-290/RS;Leste;Queda de Carga;1;0;1;0;0;0;0;0;0;0;1;0;1;0;0
11/08/2021;18:48:53;187;Acidente com VITIMA;1,000;BR-101/RS;Norte;Queda de moto;0;0;0;1;0;0;0;0;0;0;0;1;0;0;0
11/08/2021;19:30:58;193;Acidente sem VITIMA;228,000;BR-386/RS;Sul;Capotamento;1;0;0;0;0;0;0;0;0;0;1;0;0;0;0
11/08/2021;06:33:08;21;Acidente sem VITIMA;82,000;BR-290/RS;Leste;Queda de ribanceira;1;0;0;0;0;0;0;0;0;0;1;0;0;0;0
11/08/2021;00:49:31;4;Acidente sem VITIMA;411,000;BR-386/RS;Norte;Queda de ribanceira;1;0;0;0;0;0;0;0;0;0;1;0;0;0;0
11/08/2021;09:58:24;78;Acidente sem VITIMA;270,000;BR-386/RS;Norte;Colisão - Lateral;2;0;0;0;0;0;0;0;0;0;3;0;0;0;0
12/08/2021;02:22:25;11;Acidente sem VITIMA;358,000;BR-386/RS;Sul;Saída de pista;1;0;0;0;0;0;0;0;0;0;2;0;0;0;0
12/08/2021;19:28:20;210;Acidente sem VITIMA;68,000;BR-290/RS;Oeste;Atropelamento de Animal;1;0;0;0;0;0;0;0;0;0;1;0;0;0;0
12/08/2021;20:37:55;219;Acidente com VITIMA;58,000;BR-101/RS;Ambos;Saída de pista;1;0;0;0;0;0;0;0;0;0;0;1;0;0;0
12/08/2021;23:17:16;235;Acidente sem VITIMA;36,000;BR-290/RS;Oeste;Saída de pista;0;0;1;0;0;0;0;0;0;0;1;0;0;0;0
12/08/2021;07:49:00;59;Acidente sem VITIMA;425,000;BR-386/RS;Norte;Colisão - Lateral;1;0;1;0;0;0;0;0;0;0;2;0;0;0;0
12/08/2021;08:08:16;69;Acidente sem VITIMA;60,000;BR-290/RS;Oeste;Colisão - Lateral;2;0;0;0;0;0;0;0;0;0;2;0;0;0;0
13/08/2021;12:46:52;135;Acidente sem VITIMA;80,000;BR-290/RS;Oeste;Queda de ribanceira;1;0;0;0;0;0;0;0;0;0;1;0;0;0;0
13/08/2021;13:35:31;141;Acidente sem VITIMA;69,000;BR-290/RS;Oeste;Saída de pista;1;0;0;0;0;0;0;0;0;0;1;0;0;0;0
13/08/2021;06:54:36;17;Acidente sem VITIMA;442,000;BR-386/RS;Norte;Choque - Sinalização;1;0;0;0;0;0;0;0;0;0;1;0;0;0;0
13/08/2021;16:04:54;177;Acidente sem VITIMA;92,000;BR-290/RS;Oeste;Engavetamento;3;0;0;0;0;0;0;0;0;0;3;0;0;0;0
13/08/2021;19:52:09;221;Acidente sem VITIMA;346,000;BR-386/RS;Sul;Colisão - Traseira;2;0;0;0;0;0;0;0;0;0;8;0;0;0;0
13/08/2021;21:04:38;239;Acidente com VITIMA;354,000;BR-386/RS;Norte;Colisão - Transversal;1;0;0;0;0;0;0;1;0;0;1;0;1;1;0
14/08/2021;19:06:28;177;Acidente sem VITIMA;393,000;BR-386/RS;Sul;Queda de ribanceira;1;0;0;0;0;0;0;0;0;0;1;0;0;0;0
14/08/2021;19:17:24;178;Acidente sem VITIMA;417,000;BR-386/RS;Sul;Colisão - Transversal;1;0;0;1;0;0;0;0;0;0;2;0;0;0;0
14/08/2021;09:48:19;72;Acidente sem VITIMA;60,000;BR-290/RS;Leste;Colisão - Lateral;2;0;0;0;0;0;0;0;0;0;6;0;0;0;0
15/08/2021;15:28:57;100;Acidente com VITIMA;7,000;BR-101/RS;Sul;Colisão - Traseira;2;0;0;0;0;0;0;0;0;0;3;0;0;1;0
15/08/2021;06:59:42;25;Acidente com VITIMA;180,000;BR-386/RS;Sul;Saída de pista;1;0;0;0;0;0;0;0;0;0;0;0;1;0;0
15/08/2021;07:08:17;28;Acidente sem VITIMA;345,000;BR-386/RS;Ambos;Saída de pista;1;0;0;0;0;0;0;0;0;0;1;0;0;0;0
15/08/2021;12:25:02;74;Acidente sem VITIMA;330,000;BR-386/RS;Norte;Choque Barreira;1;0;0;0;0;0;0;0;0;0;1;0;0;0;0
16/08/2021;17:10:24;173;Acidente sem VITIMA;344,000;BR-386/RS;Sul;Colisão - Lateral;2;0;0;0;0;0;0;0;0;0;2;0;0;0;0
16/08/2021;18:38:56;186;Acidente sem VITIMA;387,000;BR-386/RS;Norte;Queda de moto;0;0;0;1;0;0;0;0;0;0;1;0;0;0;0
16/08/2021;07:59:22;47;Acidente sem VITIMA;270,000;BR-386/RS;Norte;Queda de ribanceira;1;0;0;0;0;0;0;0;0;0;1;0;0;0;0
16/08/2021;01:38:02;6;Acidente com VITIMA;72,000;BR-290/RS;Oeste;Queda de ribanceira;1;0;0;0;0;0;0;0;0;0;0;1;0;0;0
17/08/2021;14:08:57;125;Acidente sem VITIMA;82,000;BR-290/RS;Leste;Colisão - Lateral;1;0;0;0;0;0;0;0;0;0;1;0;0;0;0
17/08/2021;15:44:18;138;Acidente com VITIMA;344,000;BR-386/RS;Norte;Colisão - Lateral;1;0;0;1;0;0;0;0;0;0;1;1;0;0;0
17/08/2021;22:51:31;196;Acidente sem VITIMA;241,000;BR-386/RS;Norte;Saída de pista;1;0;0;0;0;0;0;0;0;0;1;0;0;0;0
17/08/2021;23:38:22;198;Acidente sem VITIMA;61,000;BR-290/RS;Leste;Saída de pista;1;0;0;0;0;0;0;0;0;0;1;0;0;0;0
18/08/2021;11:15:13;100;Acidente sem VITIMA;64,000;BR-290/RS;Leste;Colisão - Lateral;1;0;1;0;0;0;0;0;0;0;2;0;0;0;0
18/08/2021;13:20:23;121;Acidente sem VITIMA;23,000;BR-290/RS;Leste;Queda de ribanceira;1;0;0;0;0;0;0;0;0;0;3;0;0;0;0
18/08/2021;13:41:16;125;Acidente com VITIMA;342,000;BR-386/RS;Sul;Colisão - Lateral;1;0;0;1;0;0;0;0;0;0;2;1;0;0;0
18/08/2021;13:54:14;127;Acidente com VITIMA;21,000;BR-448/RS;Sul;Choque Barreira;1;0;0;0;0;0;0;0;0;0;0;1;0;0;0
18/08/2021;17:18:24;167;Acidente sem VITIMA;402,000;BR-386/RS;Sul;Tombamento;0;0;1;0;0;0;0;0;0;0;2;0;0;0;0
18/08/2021;06:42:03;22;Acidente sem VITIMA;74,000;BR-290/RS;Oeste;Colisão - Traseira;0;0;2;0;0;0;0;0;0;0;2;0;0;0;0
18/08/2021;06:46:38;24;Acidente sem VITIMA;411,000;BR-386/RS;Norte;Saída de pista;1;0;0;0;0;0;0;0;0;0;1;0;0;0;0
18/08/2021;10:26:11;86;Acidente sem VITIMA;1,000;BR-101/RS;Norte;Saída de pista;0;0;1;0;0;0;0;0;0;0;1;0;0;0;0
18/08/2021;10:45:03;94;Acidente com VITIMA;36,000;BR-101/RS;Sul;Saída de pista;1;0;0;0;0;0;0;0;0;0;0;0;1;0;0
18/08/2021;10:49:40;96;Acidente com VITIMA;63,000;BR-101/RS;Sul;Saída de pista;1;0;0;0;0;0;0;0;0;0;1;1;0;1;0
19/08/2021;10:35:27;118;Acidente sem VITIMA;247,000;BR-386/RS;Norte;Colisão - Lateral;2;0;0;0;0;0;0;0;0;0;4;0;0;0;0
19/08/2021;11:22:15;130;Acidente sem VITIMA;60,000;BR-290/RS;Leste;Colisão - Lateral;1;0;0;0;0;0;0;0;0;1;4;0;0;0;0
19/08/2021;12:30:16;148;Acidente com VITIMA;28,000;BR-101/RS;Sul;Engavetamento;3;0;0;0;0;0;0;0;0;0;3;1;0;0;0
19/08/2021;15:36:48;194;Acidente sem VITIMA;327,000;BR-386/RS;Sul;Colisão - Traseira;0;0;1;0;0;1;0;0;0;0;2;0;0;0;0
19/08/2021;17:47:33;231;Acidente sem VITIMA;96,000;BR-290/RS;Leste;Colisão - Traseira;2;0;0;0;0;0;0;0;0;0;4;0;0;0;0
19/08/2021;08:54:39;78;Acidente com VITIMA;353,000;BR-386/RS;Norte;Colisão - Traseira;1;0;1;0;0;0;0;0;0;0;2;2;0;0;0
19/08/2021;09:33:58;96;Acidente sem VITIMA;341,000;BR-386/RS;Norte;Colisão - Traseira;1;0;0;0;0;0;0;0;0;1;3;0;0;0;0
20/08/2021;01:38:16;11;Acidente sem VITIMA;57,000;BR-290/RS;Oeste;Saída de pista;1;0;0;0;0;0;0;0;0;0;1;0;0;0;0
20/08/2021;02:06:51;14;Acidente sem VITIMA;36,000;BR-290/RS;Leste;Tombamento;0;0;0;0;0;0;0;1;0;0;1;0;0;0;0
20/08/2021;15:34:13;190;Acidente sem VITIMA;277,000;BR-386/RS;Sul;Colisão - Traseira;2;0;0;0;0;1;0;0;0;0;3;0;0;0;0
20/08/2021;18:03:23;213;Acidente sem VITIMA;442,000;BR-386/RS;Ambos;Colisão - Traseira;2;0;0;0;0;1;0;0;0;0;3;0;0;0;0
20/08/2021;19:21:36;228;Acidente sem VITIMA;417,000;BR-386/RS;Norte;Choque - Meio Fio;2;0;0;0;0;0;0;0;0;0;5;0;0;0;0
20/08/2021;20:44:38;243;Acidente sem VITIMA;389,000;BR-386/RS;Norte;Colisão - Lateral;2;0;0;0;0;0;0;0;0;0;2;0;0;0;0
20/08/2021;22:54:42;262;Acidente sem VITIMA;421,000;BR-386/RS;Sul;Choque Defensa;1;0;0;0;0;0;0;0;0;0;1;0;0;0;0
20/08/2021;08:42:55;92;Acidente sem VITIMA;69,000;BR-290/RS;Oeste;Queda de ribanceira;1;0;0;0;0;0;0;0;0;0;1;0;0;0;0
21/08/2021;14:36:34;108;Acidente sem VITIMA;282,000;BR-386/RS;Norte;Colisão - Frontal;2;0;0;0;0;0;0;0;0;0;3;0;0;0;0
21/08/2021;15:44:25;119;Acidente sem VITIMA;60,000;BR-290/RS;Oeste;Colisão - Traseira;2;0;0;0;0;0;0;0;0;0;5;0;0;0;0
21/08/2021;01:59:29;12;Acidente sem VITIMA;228,000;BR-386/RS;Sul;Saída de pista;1;0;0;0;0;0;0;0;0;0;3;0;0;0;0
21/08/2021;16:33:26;123;Acidente sem VITIMA;19,000;BR-290/RS;Oeste;Colisão - Traseira;1;0;1;0;0;0;0;0;0;0;2;0;0;0;0
21/08/2021;18:00:23;138;Acidente sem VITIMA;78,000;BR-290/RS;Oeste;Choque Barreira;1;0;0;0;0;0;0;0;0;0;1;0;0;0;0
21/08/2021;19:29:44;147;Acidente com VITIMA;289,000;BR-386/RS;Norte;Colisão - Frontal;2;0;0;0;0;0;0;1;0;0;2;0;2;0;0
21/08/2021;04:40:21;19;Acidente sem VITIMA;75,000;BR-101/RS;Norte;Colisão - Traseira;2;0;0;0;0;0;0;0;0;0;2;0;0;0;0
21/08/2021;06:34:59;36;Acidente sem VITIMA;65,000;BR-101/RS;Norte;Engavetamento;3;0;0;0;0;0;0;0;0;0;5;0;0;0;0
21/08/2021;07:25:13;44;Acidente sem VITIMA;37,000;BR-101/RS;Sul;Saída de pista;1;0;0;0;0;0;0;0;0;0;1;0;0;0;0
21/08/2021;09:01:37;62;Acidente sem VITIMA;12,000;BR-101/RS;Ambos;Choque Barreira;1;0;0;0;0;0;0;1;0;0;2;0;0;0;0
21/08/2021;01:41:18;8;Acidente sem VITIMA;375,000;BR-386/RS;Sul;Colisão - Traseira;1;0;0;0;0;1;0;0;0;0;4;0;0;0;0
22/08/2021;16:31:32;130;Acidente sem VITIMA;372,000;BR-386/RS;Norte;Colisão - Traseira;1;0;0;0;0;0;0;0;0;1;3;0;0;0;0
22/08/2021;16:39:01;133;Acidente sem VITIMA;92,080;BR-290/RS;Oeste;Choque Defensa;1;0;0;0;0;0;0;0;0;0;3;0;0;0;0
22/08/2021;19:22:32;177;Acidente sem VITIMA;344,000;BR-386/RS;Norte;Saída de pista;1;0;0;0;0;0;0;0;0;0;1;0;0;0;0
22/08/2021;10:04:41;48;Acidente sem VITIMA;343,000;BR-386/RS;Sul;Saída de pista;1;0;0;0;0;0;0;0;0;0;1;0;0;0;0
22/08/2021;01:47:14;5;Acidente sem VITIMA;80,000;BR-290/RS;Leste;Saída de pista;1;0;0;0;0;0;0;0;0;0;3;0;0;0;0
23/08/2021;14:04:06;142;Acidente sem VITIMA;72,000;BR-290/RS;Leste;Choque Defensa;1;0;0;0;0;0;0;0;0;0;1;0;0;0;0
23/08/2021;14:33:00;150;Acidente sem VITIMA;302,000;BR-386/RS;Sul;Tombamento;0;0;1;0;0;0;0;0;0;0;2;0;0;0;0
23/08/2021;16:25:14;176;Acidente com VITIMA;24,390;BR-290/RS;Leste;Capotamento;1;0;0;0;0;0;0;0;0;0;0;0;1;0;0
23/08/2021;09:06:58;70;Acidente sem VITIMA;53,000;BR-290/RS;Leste;Engavetamento;2;0;0;0;0;1;0;0;0;0;3;0;0;0;0
23/08/2021;09:30:06;87;Acidente sem VITIMA;14,000;BR-290/RS;Oeste;Capotamento;2;0;0;0;0;0;0;0;0;0;2;0;0;0;0
24/08/2021;11:53:40;140;Acidente sem VITIMA;34,000;BR-290/RS;Leste;Capotamento;1;0;0;0;0;0;0;0;0;0;1;0;0;0;0
24/08/2021;12:24:15;145;Acidente sem VITIMA;379,000;BR-386/RS;Sul;Saída de pista;1;0;0;0;0;0;0;0;0;0;2;0;0;0;0
24/08/2021;15:06:49;160;Acidente com VITIMA;87,000;BR-290/RS;Leste;Capotamento;1;0;0;0;0;0;0;0;0;0;0;1;0;0;0
24/08/2021;16:35:46;167;Acidente sem VITIMA;411,000;BR-386/RS;Norte;Choque - Meio Fio;1;0;0;0;0;0;0;0;0;0;1;0;0;0;0
24/08/2021;18:22:49;187;Acidente sem VITIMA;345,000;BR-386/RS;Norte;Colisão - Traseira;2;0;0;0;0;0;0;0;0;0;2;0;0;0;0
24/08/2021;18:25:19;189;Atropelamento;6,000;BR-101/RS;Norte;Atropelamento - Usuário;1;0;0;0;0;0;0;0;0;0;1;0;1;0;0
24/08/2021;20:19:32;207;Acidente sem VITIMA;373,000;BR-386/RS;Ambos;Saída de pista;1;0;0;0;0;0;0;0;0;0;2;0;0;0;0
24/08/2021;22:22:18;218;Acidente com VITIMA;59,000;BR-290/RS;Leste;Capotamento;1;0;0;0;0;0;0;0;0;0;0;2;0;0;0
25/08/2021;13:05:04;102;Acidente com VITIMA;417,000;BR-386/RS;Sul;Colisão - Traseira;1;0;0;0;0;0;0;1;0;0;2;0;1;0;0
25/08/2021;13:11:51;103;Acidente sem VITIMA;247,000;BR-386/RS;Norte;Saída de pista;1;0;0;0;0;0;0;0;0;0;1;0;0;0;0
25/08/2021;13:29:14;106;Acidente sem VITIMA;346,000;BR-386/RS;Norte;Queda de ribanceira;1;0;0;0;0;0;0;0;0;0;2;0;0;0;0
25/08/2021;13:35:42;107;Acidente sem VITIMA;75,000;BR-290/RS;Oeste;Capotamento;1;0;0;0;0;0;0;0;0;0;1;0;0;0;0
25/08/2021;14:01:39;112;Acidente com VITIMA;440,000;BR-386/RS;Sul;Colisão - Traseira;0;0;1;0;0;0;0;2;0;0;1;2;1;0;0
25/08/2021;15:37:28;123;Acidente sem VITIMA;8,000;BR-290/RS;Leste;;1;0;0;0;0;0;0;0;0;0;1;0;0;0;0
25/08/2021;16:12:16;128;Acidente sem VITIMA;363,000;BR-386/RS;Norte;Colisão - Traseira;0;0;0;0;0;0;0;0;0;2;2;0;0;0;0
25/08/2021;17:05:29;143;Acidente sem VITIMA;359,000;BR-386/RS;Sul;Saída de pista;1;0;0;0;0;0;0;0;0;0;1;0;0;0;0
25/08/2021;18:09:33;162;Acidente sem VITIMA;76,000;BR-290/RS;Leste;Saída de pista;1;0;0;0;0;0;0;0;0;0;1;0;0;0;0
25/08/2021;18:52:10;173;Acidente sem VITIMA;240,000;BR-386/RS;Sul;Saída de pista;1;0;0;0;0;0;0;0;0;0;2;0;0;0;0
25/08/2021;19:08:04;175;Acidente sem VITIMA;342,000;BR-386/RS;Ambos;Colisão - Lateral;0;0;0;2;0;0;0;0;0;0;2;0;0;0;0
25/08/2021;19:42:05;180;Acidente com VITIMA;20,000;BR-290/RS;Leste;Capotamento;1;0;0;0;0;0;0;0;0;0;0;0;1;0;0
25/08/2021;19:58:24;183;Acidente sem VITIMA;32,000;BR-290/RS;Oeste;Saída de pista;1;0;0;0;0;0;0;0;0;0;1;0;0;0;0
25/08/2021;20:03:47;186;Acidente sem VITIMA;80,000;BR-290/RS;Leste;Queda de ribanceira;0;0;0;0;0;0;0;0;0;1;1;0;0;0;0
25/08/2021;22:48:39;213;Acidente sem VITIMA;68,000;BR-290/RS;Oeste;Queda de ribanceira;1;0;0;0;0;0;0;0;0;0;5;0;0;0;0
25/08/2021;23:05:37;215;Acidente sem VITIMA;24,000;BR-101/RS;Sul;Saída de pista;1;0;0;0;0;0;0;0;0;0;1;0;0;0;0
25/08/2021;23:54:48;217;Acidente com VITIMA;15,000;BR-290/RS;Oeste;Saída de pista;0;0;1;0;0;0;0;0;0;0;0;0;0;1;0
25/08/2021;05:48:20;22;Acidente sem VITIMA;303,000;BR-386/RS;Norte;Saída de pista;0;0;0;0;0;0;0;1;0;0;2;0;0;0;0
25/08/2021;06:33:58;29;Acidente sem VITIMA;356,000;BR-386/RS;Norte;Saída de pista;1;0;0;0;0;0;0;0;0;0;1;0;0;0;0
25/08/2021;06:54:15;34;Acidente sem VITIMA;356,000;BR-386/RS;Norte;Colisão - Lateral;2;0;0;0;0;0;0;0;0;0;2;0;0;0;0
25/08/2021;07:38:17;44;Acidente sem VITIMA;315,000;BR-386/RS;Sul;Choque com objeto sobre a pista;1;0;0;0;0;0;0;0;0;0;1;0;0;0;0
25/08/2021;07:38:58;45;Acidente sem VITIMA;65,000;BR-290/RS;Oeste;Queda de ribanceira;1;0;0;0;0;0;0;0;0;0;1;0;0;0;0
25/08/2021;07:56:52;47;Acidente sem VITIMA;11,000;BR-290/RS;Ambos;Queda de ribanceira;1;0;0;0;0;0;0;0;0;0;1;0;0;0;0
25/08/2021;08:18:15;56;Acidente sem VITIMA;36,000;BR-290/RS;Oeste;Queda de ribanceira;1;0;0;0;0;0;0;0;0;0;2;0;0;0;0
25/08/2021;08:28:46;57;Acidente sem VITIMA;64,000;BR-101/RS;Sul;Choque Talude;1;0;0;0;0;0;0;0;0;0;2;0;0;0;0
25/08/2021;09:20:09;65;Acidente sem VITIMA;21,000;BR-448/RS;Sul;Queda de ribanceira;1;0;0;0;0;0;0;0;0;0;1;0;0;0;0
25/08/2021;11:06:01;89;Acidente sem VITIMA;358,000;BR-386/RS;Sul;Saída de pista;1;0;0;0;0;0;0;0;0;0;1;0;0;0;0
26/08/2021;13:26:04;153;Acidente sem VITIMA;22,000;BR-101/RS;Norte;Colisão - Lateral;2;0;0;0;0;0;0;0;0;0;6;0;0;0;0
26/08/2021;05:50:05;19;Acidente sem VITIMA;84,000;BR-101/RS;Sul;Saída de pista;1;0;0;0;0;0;0;1;0;0;2;0;0;0;0
26/08/2021;05:54:18;20;Acidente sem VITIMA;86,000;BR-101/RS;Sul;Queda de ribanceira;1;0;0;0;0;0;0;0;0;0;1;0;0;0;0
26/08/2021;06:15:45;21;Acidente sem VITIMA;68,000;BR-290/RS;Leste;Saída de pista;0;0;1;0;0;0;0;0;0;0;1;0;0;0;0
26/08/2021;06:16:36;22;Acidente sem VITIMA;356,000;BR-386/RS;Sul;Queda de ribanceira;1;0;0;0;0;0;0;0;0;0;1;0;0;0;0
26/08/2021;23:20:36;243;Acidente com VITIMA;4,000;BR-290/RS;Oeste;Atropelamento de Animal;2;0;0;0;0;0;0;0;0;0;0;0;0;1;0
26/08/2021;00:53:46;3;Acidente com VITIMA;307,000;BR-386/RS;Norte;Saída de pista;0;0;1;0;0;0;0;0;0;0;1;1;0;0;0
26/08/2021;02:27:05;8;Acidente sem VITIMA;34,000;BR-290/RS;Leste;Saída de pista;0;0;1;0;0;0;0;0;0;0;1;0;0;0;0
27/08/2021;11:50:42;157;Acidente sem VITIMA;343,000;BR-386/RS;Sul;Colisão - Traseira;2;0;0;0;0;0;0;0;0;0;3;0;0;0;0
27/08/2021;13:01:54;178;Acidente com VITIMA;96,000;BR-290/RS;Leste;Tombamento;0;0;0;0;0;0;0;1;0;0;1;0;1;0;0
27/08/2021;13:48:42;192;Acidente sem VITIMA;254,000;BR-386/RS;Norte;Colisão - Lateral;2;0;0;0;0;0;0;0;0;0;2;0;0;0;0
27/08/2021;16:25:41;237;Acidente sem VITIMA;368,000;BR-386/RS;Norte;Colisão - Lateral;2;0;0;0;0;0;0;0;0;0;4;0;0;0;0
27/08/2021;18:19:13;261;Acidente com VITIMA;435,000;BR-386/RS;Norte;Colisão - Traseira;1;0;0;0;0;0;0;0;0;1;1;1;0;0;0
27/08/2021;18:20:16;262;Acidente sem VITIMA;343,000;BR-386/RS;Sul;Colisão - Traseira;2;0;0;0;0;0;0;0;0;0;2;0;0;0;0
27/08/2021;18:58:34;269;Atropelamento Fatal;88,000;BR-290/RS;Oeste;Atropelamento - Ambulante;1;0;0;0;0;0;0;0;0;0;1;0;0;0;1
27/08/2021;19:26:22;274;Acidente com VITIMA;7,000;BR-101/RS;Norte;Colisão - Frontal;2;0;0;0;0;0;0;0;0;0;0;2;0;0;0
27/08/2021;23:09:38;309;Acidente sem VITIMA;407,000;BR-386/RS;Norte;Tombamento;1;0;0;0;0;0;0;0;0;0;1;0;0;0;0
27/08/2021;23:17:29;311;Acidente sem VITIMA;32,000;BR-290/RS;Leste;Colisão - Lateral;2;0;0;0;0;0;0;0;0;0;2;0;0;0;0
28/08/2021;03:20:58;15;Acidente sem VITIMA;89,000;BR-290/RS;Leste;Choque Barreira;1;0;0;0;0;0;0;0;0;0;3;0;0;0;0
28/08/2021;19:28:09;223;Acidente sem VITIMA;394,000;BR-386/RS;Norte;Saída de pista;1;0;0;0;0;0;0;0;0;0;1;0;0;0;0
28/08/2021;04:41:48;24;Acidente sem VITIMA;417,000;BR-386/RS;Norte;Saída de pista;1;0;0;0;0;0;0;0;0;0;1;0;0;0;0