data;horario;n_da_ocorrencia;tipo_de_ocorrencia;km;trecho;sentido;tipo_de_acidente;automovel;bicicleta;caminhao;moto;onibus;outros;tracao_animal;transporte_de_cargas_especiais;trator_maquinas;utilitarios;ilesos;levemente_feridos;moderadamente_feridos;gravemente_feridos;mortos
28/08/2021;04:48:21;25;Acidente sem VITIMA;91,000;BR-290/RS;Oeste;Choque Defensa;1;0;0;0;0;0;0;0;0;0;2;0;0;0;0
28/08/2021;07:33:28;39;Acidente sem VITIMA;219,000;BR-386/RS;Sul;Queda de ribanceira;1;0;0;0;0;0;0;0;0;0;1;0;0;0;0
28/08/2021;00:36:56;5;Acidente sem VITIMA;397,000;BR-386/RS;Norte;Atropelamento de Animal;1;0;0;0;0;0;0;0;0;0;4;0;0;0;0
28/08/2021;08:03:41;64;Acidente sem VITIMA;94,000;BR-290/RS;Oeste;Colisão - Lateral;1;0;0;1;0;0;0;0;0;0;3;0;0;0;0
29/08/2021;16:15:36;127;Acidente com VITIMA;92,000;BR-290/RS;Oeste;Queda de moto;0;0;0;1;0;0;0;0;0;0;1;1;0;0;0
29/08/2021;17:20:51;140;Acidente sem VITIMA;19,000;BR-290/RS;Oeste;Colisão - Traseira;2;0;0;0;0;0;0;0;0;0;2;0;0;0;0
29/08/2021;17:29:15;142;Acidente sem VITIMA;81,000;BR-290/RS;Leste;Choque Defensa;1;0;0;0;0;0;0;0;0;0;1;0;0;0;0
29/08/2021;17:40:17;146;Acidente com VITIMA;15,000;BR-448/RS;Norte;Queda de moto;0;0;0;1;0;0;0;0;0;0;0;0;2;0;0
29/08/2021;00:49:38;5;Acidente sem VITIMA;402,000;BR-386/RS;Norte;Saída de pista;0;0;0;0;0;0;0;1;0;0;1;0;0;0;0
29/08/2021;01:26:19;6;Acidente com VITIMA;378,000;BR-386/RS;Ambos;Choque - Meio Fio;1;0;0;0;0;0;0;0;0;0;1;1;0;0;0
29/08/2021;02:08:18;8;Acidente sem VITIMA;35,000;BR-290/RS;Oeste;Capotamento;0;0;1;0;0;0;0;0;0;0;2;0;0;0;0
30/08/2021;16:01:12;173;Acidente sem VITIMA;85,000;BR-290/RS;Leste;Choque Barreira;1;0;0;0;0;0;0;0;0;0;1;0;0;0;0
30/08/2021;18:09:21;200;Acidente sem VITIMA;48,000;BR-290/RS;Leste;Capotamento;1;0;0;0;0;0;0;0;0;0;1;0;0;0;0
30/08/2021;18:58:50;221;Acidente sem VITIMA;64,000;BR-290/RS;Leste;Atropelamento de Animal;1;0;0;0;0;0;0;0;0;0;1;0;0;0;0
30/08/2021;20:22:01;243;Acidente com VITIMA;68,000;BR-290/RS;Ambos;Colisão - Traseira;1;0;0;1;0;0;0;0;0;0;2;1;1;0;0
30/08/2021;00:46:38;8;Acidente com VITIMA;226,000;BR-386/RS;Sul;Choque - Arvore;1;0;0;0;0;0;0;0;0;0;0;0;1;2;0
30/08/2021;09:01:30;87;Acidente com VITIMA;332,000;BR-386/RS;Norte;Queda de moto;0;0;0;1;0;0;0;0;0;0;0;0;1;0;0
31/08/2021;09:50:08;108;Acidente sem VITIMA;19,000;BR-290/RS;Oeste;Colisão - Lateral;1;0;1;0;0;0;0;0;0;0;2;0;0;0;0
31/08/2021;12:07:45;139;Acidente sem VITIMA;92,000;BR-290/RS;Oeste;Choque Defensa;2;0;0;0;0;0;0;0;0;0;2;0;0;0;0
31/08/2021;13:44:21;150;Acidente sem VITIMA;426,000;BR-386/RS;Sul;Colisão - Traseira;1;0;0;0;0;0;0;1;0;0;2;0;0;0;0
31/08/2021;20:40:44;262;Acidente sem VITIMA;65,000;BR-290/RS;Leste;Choque com objeto sobre a pista;0;0;0;0;0;1;0;1;0;0;2;0;0;0;0
31/08/2021;21:29:24;276;Acidente sem VITIMA;400,000;BR-386/RS;Sul;Queda de ribanceira;1;0;0;0;0;0;0;0;0;0;2;0;0;0;0
31/08/2021;07:11:00;51;Acidente com VITIMA;393,000;BR-386/RS;Sul;Colisão - Traseira;1;0;0;0;0;0;0;1;0;0;2;1;0;0;0
31/08/2021;07:45:50;70;Acidente com VITIMA;417,000;BR-386/RS;Sul;Tombamento;0;0;0;0;0;0;0;1;0;0;0;1;0;0;0
31/08/2021;09:05:25;95;Acidente sem VITIMA;92,000;BR-290/RS;Oeste;Colisão - Lateral;2;0;0;0;0;0;0;0;0;0;4;0;0;0;0
01/09/2021;04:02:27;17;Acidente sem VITIMA;46,000;BR-290/RS;Leste;Atropelamento de Animal;1;0;0;0;0;0;0;0;0;0;3;0;0;0;0
01/09/2021;04:52:18;23;Acidente sem VITIMA;351,000;BR-386/RS;Norte;Saída de pista;1;0;0;0;0;0;0;0;0;0;1;0;0;0;0
01/09/2021;08:51:14;129;Acidente sem VITIMA;96,080;BR-290/RS;Oeste;Colisão - Traseira;2;0;0;0;0;0;0;0;0;0;2;0;0;0;0
01/09/2021;13:19:58;192;Acidente sem VITIMA;247,000;BR-386/RS;Norte;Colisão - Traseira;2;0;0;0;0;0;0;0;0;0;4;0;0;0;0
01/09/2021;13:25:05;194;Acidente sem VITIMA;42,000;BR-290/RS;Oeste;Queda de ribanceira;1;0;0;0;0;0;0;0;0;0;1;0;0;0;0
01/09/2021;13:45:44;203;Acidente sem VITIMA;1,000;BR-290/RS;Oeste;;1;0;1;0;0;0;0;0;0;0;2;0;0;0;0
01/09/2021;16:16:03;237;Acidente sem VITIMA;9,000;BR-290/RS;Leste;Choque Defensa;0;0;0;0;0;0;0;1;0;1;2;0;0;0;0
01/09/2021;19:29:50;283;Acidente com VITIMA;350,000;BR-386/RS;Sul;Colisão - Traseira;1;0;0;0;0;0;0;0;0;0;0;1;0;0;0
02/09/2021;00:23:41;6;Acidente sem VITIMA;349,000;BR-386/RS;Sul;Saída de pista;1;0;0;0;0;0;0;0;0;0;1;0;0;0;0
02/09/2021;02:29:30;18;Acidente sem VITIMA;417,000;BR-386/RS;Norte;Choque Defensa;0;0;0;0;0;0;0;0;0;0;1;0;0;0;0
02/09/2021;05:34:24;29;Acidente sem VITIMA;304,000;BR-386/RS;Norte;Colisão - Lateral;1;0;1;0;0;0;0;0;0;0;2;0;0;0;0
02/09/2021;09:03:35;109;Acidente com VITIMA;294,000;BR-386/RS;Sul;Colisão - Traseira;1;0;1;0;0;0;0;0;0;0;5;1;0;0;0
02/09/2021;13:10:45;168;Acidente com VITIMA FATAL;346,000;BR-386/RS;Ambos;Colisão - Lateral;1;0;0;0;0;0;0;2;0;0;2;0;1;0;1
02/09/2021;15:05:55;190;Acidente sem VITIMA;347,000;BR-386/RS;Norte;Colisão - Lateral;0;0;0;2;0;0;0;0;0;0;2;0;0;0;0
02/09/2021;22:34:32;303;Acidente sem VITIMA;368,000;BR-386/RS;Sul;Atropelamento de Animal;1;0;0;0;0;0;0;0;0;0;2;0;0;0;0
03/09/2021;07:36:21;74;Acidente com VITIMA;87,000;BR-290/RS;Oeste;Colisão - Traseira;1;0;0;2;0;0;0;0;0;0;1;2;0;0;0
03/09/2021;08:15:51;89;Acidente sem VITIMA;343,000;BR-386/RS;Norte;Colisão - Transversal;2;0;0;0;0;0;0;0;0;0;3;0;0;0;0
03/09/2021;08:39:42;97;Acidente com VITIMA;440,000;BR-386/RS;Sul;Queda de moto;0;0;0;1;0;0;0;0;0;0;0;1;0;0;0
03/09/2021;16:05:30;192;Acidente sem VITIMA;60,000;BR-290/RS;Leste;Colisão - Traseira;2;0;0;0;0;0;0;0;0;0;2;0;0;0;0
03/09/2021;16:36:59;197;Acidente sem VITIMA;11,000;BR-101/RS;Sul;Queda de ribanceira;1;0;0;0;0;0;0;0;0;0;2;0;0;0;0
04/09/2021;05:46:25;34;Acidente sem VITIMA;80,000;BR-290/RS;Leste;Saída de pista;1;0;0;0;0;0;0;0;0;0;3;0;0;0;0
04/09/2021;07:40:55;52;Acidente com VITIMA;439,000;BR-386/RS;Sul;Capotamento;1;0;0;0;0;0;0;0;0;0;0;1;0;0;0
04/09/2021;13:12:34;130;Acidente sem VITIMA;328,000;BR-386/RS;Sul;Saída de pista;1;0;0;0;0;0;0;0;0;0;1;0;0;0;0
04/09/2021;15:42:44;154;Acidente sem VITIMA;284,000;BR-386/RS;Sul;Colisão - Traseira;1;0;0;1;0;0;0;0;0;0;3;0;0;0;0
04/09/2021;17:31:57;182;Acidente com VITIMA;362,000;BR-386/RS;Norte;Colisão - Transversal;2;0;0;0;0;0;0;0;0;0;3;2;0;0;0
04/09/2021;20:09:32;225;Acidente com VITIMA;43,000;BR-101/RS;Norte;Saída de pista;1;0;0;0;0;0;0;0;0;0;0;1;0;0;0
04/09/2021;20:42:57;229;Acidente sem VITIMA;80,000;BR-290/RS;Leste;Saída de pista;1;0;0;0;0;0;0;0;0;0;2;0;0;0;0
05/09/2021;04:31:15;17;Acidente sem VITIMA;90,000;BR-290/RS;Leste;Queda de ribanceira;1;0;0;0;0;0;0;0;0;0;2;0;0;0;0
05/09/2021;06:39:47;34;Acidente sem VITIMA;62,000;BR-290/RS;Leste;Queda de ribanceira;1;0;0;0;0;0;0;0;0;0;1;0;0;0;0
05/09/2021;07:52:55;41;Acidente com VITIMA;27,000;BR-290/RS;Oeste;Colisão - Traseira;2;0;0;0;0;0;0;0;0;0;1;0;0;1;0
05/09/2021;08:05:03;44;Acidente com VITIMA FATAL;243,000;BR-386/RS;Norte;Outros;0;0;0;0;0;0;0;0;0;1;0;0;0;0;1
05/09/2021;14:01:30;92;Acidente com VITIMA;47,000;BR-101/RS;Norte;Queda de moto;0;0;0;1;0;0;0;0;0;0;0;1;0;0;0
05/09/2021;14:32:55;97;Acidente sem VITIMA;4,000;BR-101/RS;Sul;;3;0;0;0;0;0;0;0;0;0;3;0;0;0;0
06/09/2021;02:18:49;8;Acidente sem VITIMA;261,000;BR-386/RS;Sul;Saída de pista;1;0;0;0;0;0;0;0;0;0;2;0;0;0;0
06/09/2021;07:06:30;37;Acidente sem VITIMA;431,000;BR-386/RS;Sul;Saída de pista;1;0;0;0;0;0;0;0;0;0;4;0;0;0;0
06/09/2021;12:13:42;148;Acidente com VITIMA FATAL;57,000;BR-101/RS;Sul;Capotamento;0;0;1;0;0;0;0;0;0;1;0;0;1;0;1
06/09/2021;16:04:04;203;Acidente com VITIMA;346,000;BR-386/RS;Norte;Queda de moto;0;0;0;1;0;0;0;0;0;0;0;0;2;0;0
06/09/2021;22:36:29;283;Acidente sem VITIMA;260,000;BR-386/RS;Sul;Saída de pista;1;0;0;0;0;0;0;0;0;0;1;0;0;0;0
06/09/2021;23:15:51;289;Acidente sem VITIMA;344,000;BR-386/RS;Norte;Saída de pista;1;0;0;0;0;0;0;0;0;0;3;0;0;0;0
06/09/2021;23:59:33;295;Acidente com VITIMA;221,000;BR-386/RS;Norte;Atropelamento de Animal;1;0;0;0;0;0;0;0;0;0;0;1;0;0;0
07/09/2021;03:11:11;11;Acidente sem VITIMA;11,000;BR-290/RS;Leste;Saída de pista;1;0;0;0;0;0;0;0;0;0;3;0;0;0;0
07/09/2021;05:08:34;16;Acidente sem VITIMA;373,000;BR-386/RS;Norte;Saída de pista;1;0;0;0;0;0;0;0;0;0;1;0;0;0;0
07/09/2021;06:11:28;27;Acidente sem VITIMA;223,000;BR-386/RS;Sul;Saída de pista;1;0;0;0;0;0;0;0;0;0;1;0;0;0;0
07/09/2021;07:24:00;47;Acidente sem VITIMA;87,000;BR-290/RS;Oeste;Choque Defensa;1;0;0;0;0;0;0;0;0;0;1;0;0;0;0
07/09/2021;07:33:10;48;Acidente sem VITIMA;93,000;BR-290/RS;Oeste;Choque Barreira;1;0;0;0;0;0;0;0;0;0;1;0;0;0;0
07/09/2021;07:45:17;49;Acidente com VITIMA;50,000;BR-290/RS;Leste;Saída de pista;1;0;0;0;0;0;0;0;0;0;0;1;0;0;0
07/09/2021;09:51:46;67;Acidente sem VITIMA;334,000;BR-386/RS;Sul;Saída de pista;1;0;0;0;0;0;0;0;0;0;1;0;0;0;0
07/09/2021;10:25:33;72;Acidente sem VITIMA;346,000;BR-386/RS;Norte;Saída de pista;1;0;0;0;0;0;0;0;0;0;3;0;0;0;0
07/09/2021;10:34:36;76;Acidente com VITIMA;42,000;BR-101/RS;Norte;Queda de moto;0;0;0;1;0;0;0;0;0;0;1;1;0;0;0
07/09/2021;10:46:17;77;Acidente sem VITIMA;401,000;BR-386/RS;Norte;Choque - Sinalização;1;0;0;0;0;0;0;0;0;0;5;0;0;0;0
07/09/2021;11:18:52;84;Acidente sem VITIMA;360,000;BR-386/RS;Norte;Saída de pista;1;0;0;0;0;0;0;0;0;0;1;0;0;0;0
07/09/2021;12:03:32;98;Acidente sem VITIMA;406,000;BR-386/RS;Sul;Saída de pista;1;0;0;0;0;0;0;0;0;0;1;0;0;0;0
07/09/2021;12:47:10;105;Acidente sem VITIMA;354,000;BR-386/RS;Norte;Choque Defensa;1;0;0;0;0;0;0;0;0;0;1;0;0;0;0
07/09/2021;13:10:37;109;Acidente sem VITIMA;375,000;BR-386/RS;Norte;Queda de ribanceira;1;0;0;0;0;0;0;0;0;0;2;0;0;0;0
07/09/2021;13:19:13;112;Acidente sem VITIMA;78,000;BR-290/RS;Oeste;Saída de pista;1;0;0;0;0;0;0;0;0;0;1;0;0;0;0
07/09/2021;13:31:45;116;Acidente com VITIMA;351,000;BR-386/RS;Norte;Colisão - Traseira;2;0;0;0;0;0;0;0;0;0;2;3;0;0;0
07/09/2021;13:49:18;121;Acidente sem VITIMA;401,000;BR-386/RS;Norte;Choque - Sinalização;1;0;0;0;0;0;0;0;0;0;3;0;0;0;0
07/09/2021;14:45:17;124;Acidente sem VITIMA;356,000;BR-386/RS;Norte;Choque Defensa;1;0;0;0;0;0;0;0;0;0;1;0;0;0;0
07/09/2021;14:51:04;125;Acidente sem VITIMA;28,000;BR-101/RS;Sul;Choque Talude;1;0;0;0;0;0;0;0;0;0;2;0;0;0;0
07/09/2021;15:19:20;132;Acidente com VITIMA;397,000;BR-386/RS;Sul;Queda de ribanceira;1;0;0;0;0;0;0;0;0;0;1;0;0;1;0
07/09/2021;15:21:43;133;Acidente com VITIMA;353,000;BR-386/RS;Norte;Choque Defensa;1;0;0;0;0;0;0;0;0;0;3;1;0;0;0
07/09/2021;15:37:18;137;Acidente com VITIMA;307,000;BR-386/RS;Sul;Saída de pista;1;0;0;0;0;0;0;0;0;0;2;0;1;0;0
07/09/2021;15:40:05;138;Acidente sem VITIMA;307,000;BR-386/RS;Sul;Saída de pista;1;0;0;0;0;0;0;0;0;0;2;0;0;0;0
07/09/2021;16:11:02;146;Acidente sem VITIMA;1,000;BR-290/RS;Oeste;Queda de ribanceira;1;0;0;0;0;0;0;0;0;0;2;0;0;0;0
07/09/2021;16:15:03;147;Acidente com VITIMA;401,000;BR-386/RS;Norte;Choque Defensa;1;0;0;0;0;0;0;0;0;0;2;1;0;0;0
07/09/2021;16:34:04;150;Acidente sem VITIMA;92,000;BR-290/RS;Leste;Choque Barreira;1;0;0;0;0;0;0;0;0;0;2;0;0;0;0
07/09/2021;18:40:21;183;Acidente sem VITIMA;277,000;BR-386/RS;Sul;Colisão - Lateral;1;0;1;0;0;0;0;0;0;0;5;0;0;0;0
07/09/2021;18:48:28;186;Acidente com VITIMA FATAL;347,000;BR-386/RS;Norte;Colisão - Transversal;1;0;0;1;0;0;0;0;0;0;0;3;0;0;1
07/09/2021;19:29:33;195;Acidente com VITIMA;344,000;BR-386/RS;Sul;Colisão - Traseira;2;0;0;0;0;0;0;0;0;0;6;2;0;0;0
07/09/2021;22:33:42;217;Acidente sem VITIMA;414,000;BR-386/RS;Norte;Choque - Meio Fio;1;0;0;0;0;0;0;0;0;0;1;0;0;0;0
08/09/2021;00:32:49;3;Acidente com VITIMA;382,000;BR-386/RS;Sul;Tombamento;0;0;0;0;0;0;0;1;0;0;0;1;0;0;0
08/09/2021;01:50:26;11;Acidente sem VITIMA;44,000;BR-290/RS;Leste;Atropelamento de Animal;1;0;0;0;0;0;0;0;0;0;3;0;0;0;0
08/09/2021;03:27:48;18;Acidente sem VITIMA;353,000;BR-386/RS;Norte;Choque Defensa;1;0;0;0;0;0;0;0;0;0;2;0;0;0;0
08/09/2021;03:28:30;19;Acidente com VITIMA;92,000;BR-290/RS;Oeste;Colisão - Lateral;1;0;0;1;0;0;0;0;0;0;2;1;0;0;0
08/09/2021;06:52:50;33;Acidente sem VITIMA;77,000;BR-290/RS;Oeste;Queda de ribanceira;1;0;0;0;0;0;0;0;0;0;1;0;0;0;0
08/09/2021;07:08:55;37;Acidente com VITIMA;272,000;BR-386/RS;Norte;Tombamento;0;0;0;0;0;1;0;0;0;0;0;0;1;0;0
08/09/2021;07:55:24;54;Acidente sem VITIMA;6,000;BR-290/RS;Leste;Queda de ribanceira;1;0;0;0;0;0;0;0;0;0;1;0;0;0;0
08/09/2021;08:06:08;61;Acidente sem VITIMA;1,000;BR-448/RS;Sul;Saída de pista;1;0;0;0;0;0;0;0;0;0;2;0;0;0;0
08/09/2021;08:27:04;66;Acidente sem VITIMA;259,000;BR-386/RS;Norte;Choque Defensa;1;0;0;0;0;0;0;0;0;0;3;0;0;0;0
08/09/2021;08:55:43;72;Acidente sem VITIMA;352,000;BR-386/RS;Norte;Choque Defensa;1;0;0;0;0;0;0;0;0;0;1;0;0;0;0
08/09/2021;09:14:35;76;Acidente sem VITIMA;36,000;BR-101/RS;Sul;Choque Barreira;1;0;0;0;0;0;0;0;0;0;1;0;0;0;0
08/09/2021;09:36:40;82;Acidente sem VITIMA;31,000;BR-290/RS;Oeste;Queda de ribanceira;1;0;0;0;0;0;0;0;0;0;1;0;0;0;0
08/09/2021;09:40:39;83;Acidente sem VITIMA;307,000;BR-386/RS;Norte;Queda de ribanceira;1;0;0;0;0;0;0;0;0;0;1;0;0;0;0
08/09/2021;10:35:14;90;Acidente sem VITIMA;411,000;BR-386/RS;Norte;Saída de pista;1;0;0;0;0;0;0;0;0;0;3;0;0;0;0
08/09/2021;10:50:13;92;Acidente sem VITIMA;440,000;BR-386/RS;Norte;Saída de pista;2;0;0;0;0;0;0;0;0;0;2;0;0;0;0
08/09/2021;11:16:45;98;Acidente com VITIMA;62,000;BR-101/RS;Sul;Queda de ribanceira;1;0;0;0;0;0;0;0;0;0;1;1;0;0;0
08/09/2021;13:36:10;126;Acidente sem VITIMA;353,000;BR-386/RS;Sul;Saída de pista;1;0;0;0;0;0;0;0;0;0;1;0;0;0;0
08/09/2021;13:57:43;133;Acidente com VITIMA;71,000;BR-101/RS;Norte;Queda de ribanceira;1;0;0;0;0;0;0;0;0;0;0;1;0;0;0
08/09/2021;17:54:23;184;Acidente sem VITIMA;2,000;BR-101/RS;Sul;Colisão - Transversal;2;0;0;0;0;0;0;0;0;0;2;0;0;0;0
08/09/2021;23:11:19;223;Acidente sem VITIMA;357,000;BR-386/RS;Sul;Queda de ribanceira;1;0;0;0;0;0;0;0;0;0;1;0;0;0;0
09/09/2021;03:53:27;9;Acidente sem VITIMA;375,000;BR-386/RS;Norte;Atropelamento de Animal;1;0;0;0;0;0;0;0;0;0;1;0;0;0;0
09/09/2021;06:34:50;26;Acidente sem VITIMA;86,000;BR-290/RS;Oeste;;1;0;0;0;0;0;0;0;0;0;1;0;0;0;0
09/09/2021;16:41:45;168;Acidente com VITIMA;398,000;BR-386/RS;Norte;Tombamento;0;0;1;0;0;0;0;0;0;0;3;1;1;0;0
09/09/2021;17:25:32;175;Acidente sem VITIMA;327,000;BR-386/RS;Sul;Colisão - Transversal;1;0;0;1;0;0;0;0;0;0;2;0;0;0;0
09/09/2021;17:45:39;178;Acidente sem VITIMA;440,000;BR-386/RS;Sul;Saída de pista;1;0;0;0;0;0;0;0;0;0;1;0;0;0;0
09/09/2021;17:58:14;182;Acidente sem VITIMA;87,000;BR-290/RS;Leste;Colisão - Traseira;2;0;0;0;0;0;0;0;0;0;3;0;0;0;0
09/09/2021;20:16:13;195;Acidente sem VITIMA;92,000;BR-290/RS;Leste;Atropelamento - Esportista;1;0;0;0;0;0;0;0;0;0;2;0;0;0;0
09/09/2021;22:07:01;209;Acidente sem VITIMA;46,000;BR-290/RS;Oeste;Saída de pista;1;0;0;0;0;0;0;0;0;0;1;0;0;0;0
10/09/2021;08:58:05;89;Acidente sem VITIMA;78,000;BR-101/RS;Sul;Colisão - Traseira;0;0;0;0;0;0;0;2;0;0;2;0;0;0;0
10/09/2021;09:33:36;97;Acidente com VITIMA;88,000;BR-290/RS;Oeste;Queda de moto;0;0;0;1;0;0;0;0;0;0;0;0;1;0;0
10/09/2021;11:23:17;131;Acidente com VITIMA;44,000;BR-290/RS;Oeste;Queda de ribanceira;1;0;0;0;0;0;0;0;0;0;1;0;2;0;0
10/09/2021;15:37:47;193;Acidente sem VITIMA;348,000;BR-386/RS;Norte;Saída de pista;1;0;1;0;0;0;0;0;0;0;2;0;0;0;0
10/09/2021;18:50:15;241;Acidente sem VITIMA;92,000;BR-290/RS;Leste;Colisão - Traseira;2;0;0;0;0;0;0;0;0;0;2;0;0;0;0
10/09/2021;19:03:52;246;Atropelamento Fatal;70,000;BR-290/RS;Oeste;Atropelamento - Usuário;1;0;0;0;0;0;0;0;0;0;1;0;0;0;1
11/09/2021;02:44:28;8;Acidente sem VITIMA;32,000;BR-101/RS;Sul;;0;0;1;0;0;0;0;0;0;0;1;0;0;0;0
11/09/2021;03:14:00;11;Acidente sem VITIMA;347,000;BR-386/RS;Sul;Saída de pista;1;0;0;0;0;0;0;0;0;0;1;0;0;0;0
11/09/2021;09:24:24;92;Atropelamento;72,000;BR-290/RS;Oeste;Atropelamento - Esportista;0;0;0;0;0;1;0;0;0;0;0;1;0;0;0
11/09/2021;10:02:36;106;Acidente com VITIMA;327,000;BR-386/RS;Norte;Queda de moto;1;0;0;0;0;0;0;0;0;0;0;1;0;0;0
11/09/2021;12:52:20;148;Acidente sem VITIMA;75,000;BR-290/RS;Oeste;Queda de ribanceira;1;0;0;0;0;0;0;0;0;0;1;0;0;0;0
11/09/2021;19:27:12;220;Acidente sem VITIMA;220,000;BR-386/RS;Ambos;Colisão - Transversal;2;0;0;0;0;0;0;0;0;0;2;0;0;0;0
11/09/2021;19:59:45;225;Acidente sem VITIMA;15,000;BR-448/RS;Norte;Saída de pista;1;0;0;0;0;0;0;0;0;0;1;0;0;0;0
12/09/2021;06:07:47;23;Acidente sem VITIMA;372,000;BR-386/RS;Norte;Saída de pista;1;0;0;0;0;0;0;0;0;0;1;0;0;0;0
12/09/2021;09:22:57;67;Acidente com VITIMA;91,000;BR-290/RS;Leste;Queda de ribanceira;0;0;0;1;0;0;0;0;0;0;0;0;0;1;0
12/09/2021;16:07:50;121;Acidente com VITIMA;267,000;BR-386/RS;Sul;Colisão - Lateral;2;0;0;0;0;0;0;0;0;0;6;1;1;0;0
12/09/2021;16:13:18;123;Acidente sem VITIMA;80,000;BR-290/RS;Leste;Queda de ribanceira;1;0;0;0;0;0;0;0;0;0;2;0;0;0;0
12/09/2021;17:03:52;138;Atropelamento Fatal;87,000;BR-101/RS;Norte;Atropelamento - Andarilho;0;0;0;0;0;0;0;0;0;1;1;0;0;0;1
12/09/2021;18:15:50;160;Acidente sem VITIMA;10,000;BR-448/RS;Norte;Saída de pista;1;0;0;0;0;0;0;0;0;0;1;0;0;0;0
12/09/2021;19:52:42;180;Acidente com VITIMA;343,000;BR-386/RS;Ambos;Colisão - Lateral;1;0;0;1;0;0;0;0;0;0;2;0;2;0;0
12/09/2021;20:07:13;183;Acidente com VITIMA;362,000;BR-386/RS;Sul;Queda de moto;2;0;0;0;0;0;0;0;0;0;1;0;1;0;0
12/09/2021;23:53:18;219;Acidente sem VITIMA;26,000;BR-290/RS;Leste;Saída de pista;1;0;0;0;0;0;0;0;0;0;2;0;0;0;0
13/09/2021;05:10:31;29;Acidente sem VITIMA;350,000;BR-386/RS;Norte;Colisão - Lateral;2;0;0;0;0;0;0;0;0;0;2;0;0;0;0
13/09/2021;07:03:42;46;Acidente sem VITIMA;76,000;BR-290/RS;Leste;Choque Barreira;1;0;0;0;0;0;0;0;0;0;1;0;0;0;0
13/09/2021;07:30:53;56;Acidente sem VITIMA;88,000;BR-290/RS;Oeste;Colisão - Traseira;3;0;0;0;0;0;0;0;0;0;7;0;0;0;0
13/09/2021;07:56:03;66;Acidente com VITIMA;85,000;BR-290/RS;Oeste;Colisão - Lateral;1;0;0;1;0;0;0;0;0;0;1;1;0;0;0
13/09/2021;08:37:17;80;Acidente sem VITIMA;50,000;BR-290/RS;Oeste;Queda de ribanceira;1;0;0;0;0;0;0;0;0;0;1;0;0;0;0
13/09/2021;09:55:42;98;Acidente com VITIMA;23,000;BR-290/RS;Leste;Queda de ribanceira;1;0;0;0;0;0;0;0;0;0;0;0;2;0;0
13/09/2021;11:20:34;119;Acidente sem VITIMA;382,000;BR-386/RS;Sul;Saída de pista;0;0;0;0;0;0;0;0;0;1;3;0;0;0;0
13/09/2021;11:22:33;120;Acidente sem VITIMA;358,000;BR-386/RS;Sul;Saída de pista;1;0;0;0;0;0;0;0;0;0;2;0;0;0;0
13/09/2021;11:35:12;121;Acidente sem VITIMA;64,000;BR-290/RS;Oeste;Saída de pista;1;0;0;0;0;0;0;0;0;0;1;0;0;0;0
13/09/2021;13:32:38;136;Acidente com VITIMA;10,000;BR-290/RS;Leste;Queda de ribanceira;1;0;0;0;0;0;0;0;0;0;0;1;0;0;0
13/09/2021;15:03:46;145;Acidente sem VITIMA;7,000;BR-290/RS;Leste;Queda de ribanceira;1;0;0;0;0;0;0;0;0;0;1;0;0;0;0
13/09/2021;15:30:56;151;Acidente com VITIMA;8,000;BR-290/RS;Ambos;Queda de ribanceira;1;0;0;0;0;0;0;0;0;0;0;1;2;0;0
13/09/2021;17:07:52;169;Acidente sem VITIMA;22,000;BR-448/RS;Sul;Choque Barreira;1;0;0;0;0;0;0;0;0;0;2;0;0;0;0
13/09/2021;18:30:12;185;Acidente sem VITIMA;440,000;BR-386/RS;Norte;Choque Defensa;1;0;0;0;0;0;0;0;0;0;1;0;0;0;0
13/09/2021;21:58:23;225;Acidente com VITIMA;316,000;BR-386/RS;Norte;Saída de pista;0;0;1;0;0;0;0;0;0;0;0;1;0;0;0
13/09/2021;22:32:28;230;Acidente sem VITIMA;5,000;BR-290/RS;Oeste;Saída de pista;1;0;0;0;0;0;0;0;0;0;2;0;0;0;0
14/09/2021;05:12:04;16;Acidente sem VITIMA;375,000;BR-386/RS;Sul;Atropelamento de Animal;0;0;0;0;0;0;0;1;0;1;2;0;0;0;0
14/09/2021;07:18:29;38;Acidente sem VITIMA;4,000;BR-101/RS;Norte;;1;0;0;0;0;0;0;0;0;0;4;0;0;0;0
14/09/2021;14:03:37;153;Acidente sem VITIMA;92,000;BR-290/RS;Oeste;Colisão - Lateral;1;0;1;0;0;0;0;0;0;0;2;0;0;0;0
14/09/2021;22:42:36;229;Acidente com VITIMA;47,000;BR-290/RS;Leste;Capotamento;1;0;0;0;0;0;0;0;0;0;0;1;0;0;0