data;horario;n_da_ocorrencia;tipo_de_ocorrencia;km;trecho;sentido;tipo_de_acidente;automovel;bicicleta;caminhao;moto;onibus;outros;tracao_animal;transporte_de_cargas_especiais;trator_maquinas;utilitarios;ilesos;levemente_feridos;moderadamente_feridos;gravemente_feridos;mortos
15/09/2021;07:40:09;54;Acidente com VITIMA;90,000;BR-290/RS;Oeste;Colisão - Traseira;2;0;0;0;0;0;0;0;0;0;1;1;0;0;0
15/09/2021;08:55:20;87;Acidente sem VITIMA;84,000;BR-101/RS;Norte;Colisão - Traseira;2;0;0;0;0;0;0;0;0;0;2;0;0;0;0
15/09/2021;11:31:39;135;Acidente com VITIMA;344,000;BR-386/RS;Sul;Colisão - Traseira;1;0;0;1;0;0;0;0;0;0;1;1;0;0;0
15/09/2021;12:06:47;144;Acidente sem VITIMA;343,000;BR-386/RS;Sul;Queda de moto;0;0;0;1;0;0;0;0;0;0;1;0;0;0;0
15/09/2021;17:51:57;221;Acidente sem VITIMA;390,000;BR-386/RS;Sul;Saída de pista;2;0;0;0;0;0;0;0;0;0;2;0;0;0;0
16/09/2021;04:59:42;24;Acidente sem VITIMA;373,000;BR-386/RS;Sul;Colisão - Traseira;0;0;0;0;0;0;0;1;0;1;3;0;0;0;0
16/09/2021;05:31:36;29;Acidente sem VITIMA;94,000;BR-290/RS;Leste;Queda de moto;1;0;0;0;0;0;0;0;0;0;1;0;0;0;0
16/09/2021;06:14:53;38;Acidente sem VITIMA;391,000;BR-386/RS;Norte;Colisão - Traseira;0;0;0;0;0;0;0;0;0;2;3;0;0;0;0
16/09/2021;07:35:14;78;Acidente sem VITIMA;91,000;BR-290/RS;Oeste;Engavetamento;4;0;0;0;0;0;0;0;0;0;4;0;0;0;0
16/09/2021;07:52:10;86;Acidente sem VITIMA;88,000;BR-290/RS;Oeste;Choque Barreira;3;0;0;0;0;0;0;0;0;0;6;0;0;0;0
16/09/2021;12:54:01;160;Atropelamento;83,000;BR-290/RS;Oeste;;0;0;0;0;0;0;0;0;0;1;0;0;0;1;0
16/09/2021;14:31:11;186;Acidente com VITIMA;350,000;BR-386/RS;Sul;Colisão - Traseira;1;0;0;1;0;0;0;0;0;0;1;0;1;0;0
16/09/2021;15:57:03;205;Acidente com VITIMA;47,000;BR-101/RS;Sul;Colisão - Traseira;1;0;0;0;0;0;0;0;0;1;1;1;0;0;0
16/09/2021;15:58:26;206;Acidente sem VITIMA;97,000;BR-290/RS;Leste;Colisão - Traseira;3;0;0;0;0;0;0;0;0;0;9;0;0;0;0
16/09/2021;19:05:26;258;Acidente sem VITIMA;344,000;BR-386/RS;Norte;Colisão - Traseira;2;0;0;0;0;0;0;0;0;0;2;0;0;0;0
16/09/2021;19:53:33;269;Acidente sem VITIMA;344,000;BR-386/RS;Norte;Colisão - Traseira;2;0;0;0;0;0;0;0;0;0;2;0;0;0;0
17/09/2021;00:21:21;1;Acidente sem VITIMA;423,000;BR-386/RS;Norte;Saída de pista;0;0;0;0;0;0;0;1;0;0;1;0;0;0;0
17/09/2021;08:10:37;91;Acidente com VITIMA;344,000;BR-386/RS;Sul;Colisão - Transversal;2;0;0;0;0;0;0;0;0;0;1;1;0;0;0
17/09/2021;11:41:31;142;Acidente com VITIMA;296,000;BR-386/RS;Sul;Tombamento;0;0;0;0;0;0;0;1;0;0;0;1;0;0;0
17/09/2021;14:20:34;179;Acidente sem VITIMA;330,000;BR-386/RS;Sul;Colisão - Traseira;1;0;0;0;0;1;0;0;0;0;2;0;0;0;0
17/09/2021;14:24:16;180;Acidente sem VITIMA;275,000;BR-386/RS;Norte;Saída de pista;0;0;0;0;0;1;0;0;0;0;1;0;0;0;0
17/09/2021;14:58:44;187;Acidente sem VITIMA;69,000;BR-290/RS;Leste;Colisão - Lateral;2;0;0;0;0;0;0;1;0;0;3;0;0;0;0
17/09/2021;15:08:27;189;Acidente com VITIMA;417,000;BR-386/RS;Sul;Colisão - Transversal;0;0;1;0;0;0;0;0;0;1;1;0;1;0;0
17/09/2021;15:08:38;190;Acidente sem VITIMA;334,000;BR-386/RS;Norte;Engavetamento;3;0;1;0;0;0;0;0;0;0;13;0;0;0;0
17/09/2021;15:51:46;198;Acidente sem VITIMA;21,000;BR-448/RS;Norte;Choque Barreira;1;0;0;0;0;0;0;0;0;0;1;0;0;0;0
17/09/2021;15:58:55;202;Acidente sem VITIMA;91,000;BR-290/RS;Oeste;Colisão - Lateral;1;0;0;0;0;0;0;0;0;0;3;0;0;0;0
17/09/2021;16:47:19;211;Acidente sem VITIMA;346,000;BR-386/RS;Sul;Colisão - Traseira;1;0;0;1;0;0;0;0;0;0;2;0;0;0;0
17/09/2021;17:22:50;219;Acidente sem VITIMA;56,000;BR-290/RS;Leste;Saída de pista;1;0;0;0;0;0;0;0;0;0;2;0;0;0;0
17/09/2021;17:24:28;220;Acidente com VITIMA;2,000;BR-448/RS;Sul;Colisão - Frontal;2;0;0;0;0;0;0;0;0;0;3;1;0;0;0
17/09/2021;17:35:34;222;Acidente sem VITIMA;26,000;BR-290/RS;Oeste;Capotamento;1;0;0;0;0;0;0;0;0;0;2;0;0;0;0
17/09/2021;18:57:02;236;Acidente sem VITIMA;35,000;BR-101/RS;Norte;Colisão - Lateral;2;0;0;0;0;0;0;0;0;0;2;0;0;0;0
17/09/2021;20:25:51;260;Acidente sem VITIMA;70,000;BR-290/RS;Leste;Colisão - Lateral;1;0;0;0;1;0;0;0;0;0;4;0;0;0;0
18/09/2021;08:57:36;77;Acidente sem VITIMA;43,000;BR-290/RS;Leste;Queda de moto;0;0;0;1;0;0;0;0;0;0;2;0;0;0;0
18/09/2021;10:40:30;106;Acidente com VITIMA;13,000;BR-101/RS;Sul;Queda de ribanceira;1;0;0;0;0;0;0;0;0;0;2;3;0;0;0
18/09/2021;10:44:02;107;Acidente sem VITIMA;343,000;BR-386/RS;Sul;Engavetamento;6;0;0;0;0;0;0;0;0;0;14;0;0;0;0
18/09/2021;11:17:50;114;Acidente com VITIMA;60,000;BR-290/RS;Leste;Colisão - Traseira;2;0;0;0;0;0;0;0;0;0;1;1;0;0;0
18/09/2021;13:54:52;153;Acidente sem VITIMA;246,000;BR-386/RS;Sul;Colisão - Traseira;2;0;0;0;0;0;0;0;0;0;2;0;0;0;0
18/09/2021;14:48:36;171;Acidente sem VITIMA;248,000;BR-386/RS;Norte;Colisão - Traseira;2;0;0;0;0;0;0;0;0;0;5;0;0;0;0
18/09/2021;19:37:37;233;Acidente sem VITIMA;196,130;BR-386/RS;Sul;Outros;1;0;0;0;0;0;0;0;0;0;1;0;0;0;0
18/09/2021;19:56:37;239;Acidente sem VITIMA;74,000;BR-290/RS;Oeste;Choque com objeto sobre a pista;1;0;0;1;0;1;0;0;0;0;2;0;0;0;0
18/09/2021;23:14:55;261;Acidente com VITIMA FATAL;66,000;BR-290/RS;Oeste;Capotamento;1;0;0;0;0;0;0;0;0;0;1;0;0;0;1
19/09/2021;07:36:16;34;Acidente sem VITIMA;350,000;BR-386/RS;Sul;Colisão - Lateral;2;0;0;0;0;0;0;0;0;0;2;0;0;0;0
19/09/2021;07:39:47;35;Acidente sem VITIMA;74,000;BR-290/RS;Leste;Choque Defensa;1;0;0;0;0;0;0;0;0;0;1;0;0;0;0
19/09/2021;19:45:04;171;Acidente com VITIMA;66,000;BR-290/RS;Oeste;Tombamento;0;0;0;0;0;0;0;0;0;1;0;12;2;0;0
19/09/2021;20:21:21;180;Acidente sem VITIMA;18,000;BR-290/RS;Oeste;Saída de pista;1;0;0;0;0;0;0;0;0;0;1;0;0;0;0
19/09/2021;20:53:58;191;Acidente sem VITIMA;38,000;BR-101/RS;Norte;Saída de pista;1;0;0;0;0;0;0;0;0;0;1;0;0;0;0
20/09/2021;02:41:06;14;Acidente sem VITIMA;30,000;BR-290/RS;Oeste;Saída de pista;1;0;0;0;0;0;0;0;0;0;1;0;0;0;0
20/09/2021;07:26:46;33;Acidente com VITIMA;10,000;BR-448/RS;Norte;Queda de moto;0;0;0;1;0;0;0;0;0;0;0;1;0;0;0
20/09/2021;09:06:22;55;Acidente com VITIMA;64,000;BR-290/RS;Leste;Colisão - Lateral;1;0;0;0;0;0;0;0;0;1;2;0;1;0;0
20/09/2021;16:18:48;171;Acidente sem VITIMA;60,000;BR-290/RS;Oeste;Engavetamento;3;0;0;0;0;0;0;0;0;0;4;0;0;0;0
20/09/2021;17:09:12;183;Acidente com VITIMA;27,000;BR-290/RS;Leste;Queda de ribanceira;1;0;0;0;0;0;0;0;0;0;0;1;0;0;0
20/09/2021;19:48:23;226;Acidente sem VITIMA;391,000;BR-386/RS;Sul;Saída de pista;1;0;0;0;0;0;0;0;0;0;2;0;0;0;0
20/09/2021;20:05:19;231;Acidente sem VITIMA;17,000;BR-290/RS;Oeste;Queda de moto;2;0;0;1;0;0;0;0;0;0;7;0;0;0;0
21/09/2021;02:55:36;19;Acidente sem VITIMA;393,000;BR-386/RS;Sul;Tombamento;0;0;0;0;1;0;0;0;0;0;1;0;0;0;0
21/09/2021;17:01:41;221;Acidente sem VITIMA;407,000;BR-386/RS;Sul;Choque Defensa;1;0;0;0;0;0;0;0;0;0;1;0;0;0;0
22/09/2021;03:21:06;13;Acidente sem VITIMA;69,000;BR-290/RS;Oeste;Capotamento;1;0;0;0;0;0;0;0;0;0;2;0;0;0;0
22/09/2021;17:15:20;212;Acidente com VITIMA;420,000;BR-386/RS;Norte;Tombamento;0;0;0;0;0;0;0;1;0;0;0;1;0;0;0
22/09/2021;19:20:58;242;Acidente sem VITIMA;28,000;BR-290/RS;Ambos;Tombamento;0;0;0;0;0;0;0;0;0;1;2;0;0;0;0
23/09/2021;05:29:10;18;Acidente com VITIMA;343,000;BR-386/RS;Norte;Colisão - Transversal;1;0;1;0;0;0;0;0;0;0;1;1;0;0;0
23/09/2021;07:12:46;29;Acidente sem VITIMA;342,000;BR-386/RS;Norte;Colisão - Transversal;2;0;0;0;0;0;0;0;0;0;2;0;0;0;0
23/09/2021;08:37:52;98;Acidente sem VITIMA;439,000;BR-386/RS;Norte;Engavetamento;2;0;0;0;0;0;0;0;0;1;3;0;0;0;0
23/09/2021;10:55:47;139;Acidente com VITIMA;442,000;BR-386/RS;Sul;Colisão - Traseira;1;0;1;0;0;0;0;0;0;0;2;1;0;0;0
23/09/2021;13:42:00;167;Acidente sem VITIMA;91,000;BR-290/RS;Leste;Engavetamento;4;0;0;0;0;0;0;1;0;0;6;0;0;0;0
23/09/2021;20:21:56;250;Acidente sem VITIMA;365,000;BR-386/RS;Norte;Colisão - Traseira;0;0;0;0;0;0;0;1;0;1;2;0;0;0;0
24/09/2021;00:05:29;2;Acidente sem VITIMA;16,000;BR-290/RS;Leste;Saída de pista;1;0;0;0;0;0;0;0;0;0;3;0;0;0;0
24/09/2021;00:41:04;6;Acidente com VITIMA;350,000;BR-386/RS;Norte;Choque - Poste;1;0;0;0;0;0;0;0;0;0;0;1;0;0;0
24/09/2021;10:37:05;127;Acidente sem VITIMA;304,000;BR-386/RS;Sul;Colisão - Lateral;2;0;0;0;0;0;0;0;0;0;5;0;0;0;0
24/09/2021;14:13:49;169;Acidente sem VITIMA;294,480;BR-386/RS;Norte;Colisão - Lateral;1;0;0;0;0;0;0;1;0;0;3;0;0;0;0
24/09/2021;15:56:03;191;Acidente sem VITIMA;328,000;BR-386/RS;Norte;Saída de pista;0;0;0;0;0;0;0;0;0;1;4;0;0;0;0
25/09/2021;12:43:36;119;Acidente com VITIMA;368,000;BR-386/RS;Norte;Queda de moto;0;0;0;1;0;0;0;0;0;0;0;0;2;0;0
25/09/2021;17:33:07;166;Acidente sem VITIMA;86,000;BR-290/RS;Oeste;Choque Defensa;1;0;0;0;0;0;0;0;0;0;1;0;0;0;0
25/09/2021;18:56:54;188;Acidente com VITIMA;342,000;BR-386/RS;Norte;Colisão - Lateral;0;0;0;1;0;0;0;0;0;1;1;1;0;0;0
25/09/2021;21:07:04;215;Acidente sem VITIMA;88,000;BR-290/RS;Leste;Engavetamento;3;0;0;0;0;0;0;0;0;0;4;0;0;0;0
26/09/2021;01:35:59;7;Acidente sem VITIMA;435,000;BR-386/RS;Norte;Colisão - Frontal;1;0;0;0;0;0;0;0;0;0;1;0;0;0;0
26/09/2021;05:14:30;17;Acidente sem VITIMA;75,000;BR-290/RS;Leste;Colisão - Traseira;2;0;0;0;0;0;0;0;0;0;2;0;0;0;0
26/09/2021;08:12:52;64;Acidente sem VITIMA;396,000;BR-386/RS;Norte;Queda de ribanceira;1;0;0;0;0;0;0;0;0;0;1;0;0;0;0
26/09/2021;09:01:42;72;Acidente sem VITIMA;431,000;BR-386/RS;Sul;Colisão - Lateral;2;0;0;0;0;0;0;0;0;0;2;0;0;0;0
26/09/2021;11:27:25;102;Acidente sem VITIMA;270,000;BR-386/RS;Sul;Colisão - Lateral;2;0;0;0;0;0;0;0;0;0;2;0;0;0;0
27/09/2021;09:47:13;103;Acidente com VITIMA;256,000;BR-386/RS;Norte;Capotamento;1;0;0;0;0;0;0;0;0;0;1;0;2;0;0
27/09/2021;12:12:58;134;Acidente com VITIMA;9,000;BR-101/RS;Sul;Colisão - Traseira;1;0;0;1;0;0;0;0;0;0;1;1;0;0;0
27/09/2021;16:38:30;202;Acidente sem VITIMA;85,000;BR-290/RS;Leste;Colisão - Lateral;2;0;0;0;0;0;0;0;0;0;2;0;0;0;0
27/09/2021;18:56:09;242;Acidente sem VITIMA;53,500;BR-101/RS;Ambos;Colisão - Traseira;1;0;0;0;0;0;0;1;0;0;4;0;0;0;0
28/09/2021;02:06:57;9;Acidente com VITIMA;10,000;BR-290/RS;Oeste;Choque - Canaleta;1;0;0;0;0;0;0;0;0;0;0;1;0;0;0
28/09/2021;15:40:44;171;Acidente sem VITIMA;426,000;BR-386/RS;Norte;Choque com veículo na faixa de rolamento;1;0;0;0;0;0;0;0;0;1;2;0;0;0;0
28/09/2021;16:57:30;180;Acidente sem VITIMA;417,000;BR-386/RS;Norte;Saída de pista;1;0;0;0;0;0;0;0;0;0;2;0;0;0;0
28/09/2021;17:02:57;181;Acidente sem VITIMA;349,000;BR-386/RS;Sul;Colisão - Traseira;2;0;1;0;0;0;0;0;0;0;3;0;0;0;0
28/09/2021;18:43:04;204;Acidente com VITIMA;9,000;BR-448/RS;Norte;Colisão - Traseira;3;0;0;0;0;0;0;0;0;0;3;1;0;0;0
29/09/2021;08:16:15;61;Acidente sem VITIMA;60,000;BR-290/RS;Oeste;Choque Praça - Cabine;0;0;0;0;0;1;0;1;0;0;2;0;0;0;0
29/09/2021;16:25:04;171;Acidente sem VITIMA;22,000;BR-448/RS;Norte;Colisão - Lateral;2;0;0;0;0;0;0;0;0;0;3;0;0;0;0
29/09/2021;17:29:30;178;Acidente sem VITIMA;60,000;BR-290/RS;Oeste;;1;0;0;0;0;0;0;0;0;0;1;0;0;0;0
29/09/2021;19:38:30;200;Acidente sem VITIMA;96,030;BR-290/RS;Leste;Colisão - Traseira;2;0;0;0;0;0;0;0;0;0;2;0;0;0;0
30/09/2021;02:10:30;237;Acidente sem VITIMA;13,000;BR-101/RS;Norte;Colisão - Lateral;0;0;2;0;0;0;0;0;0;0;2;0;0;0;0
30/09/2021;06:23:20;257;Acidente sem VITIMA;277,000;BR-386/RS;Sul;Saída de pista;1;0;0;0;0;0;0;0;0;0;1;0;0;0;0
30/09/2021;07:38:55;291;Acidente com VITIMA;86,000;BR-290/RS;Oeste;Colisão - Traseira;1;0;0;1;0;0;0;0;0;0;1;1;0;0;0
30/09/2021;08:41:04;323;Acidente sem VITIMA;83,000;BR-290/RS;Oeste;Colisão - Traseira;2;0;0;0;0;0;0;0;0;0;2;0;0;0;0
30/09/2021;09:06:27;332;Acidente sem VITIMA;85,000;BR-290/RS;Oeste;Engavetamento;3;0;0;0;0;0;0;0;0;0;6;0;0;0;0
30/09/2021;09:07:59;333;Acidente sem VITIMA;87,000;BR-290/RS;Oeste;Colisão - Traseira;2;0;0;0;0;0;0;0;0;0;2;0;0;0;0
30/09/2021;09:09:54;334;Acidente sem VITIMA;19,000;BR-101/RS;Norte;Colisão - Lateral;1;0;0;0;0;0;0;1;0;0;2;0;0;0;0
30/09/2021;18:46:37;476;Acidente sem VITIMA;16,000;BR-290/RS;Leste;Choque Defensa;1;0;0;0;0;0;0;0;0;0;1;0;0;0;0
30/09/2021;19:00:04;479;Acidente sem VITIMA;408,000;BR-386/RS;Sul;Saída de pista;1;0;0;0;0;0;0;0;0;0;2;0;0;0;0
30/09/2021;19:20:41;485;Acidente sem VITIMA;93,000;BR-290/RS;Oeste;;1;0;0;0;0;0;0;0;0;0;1;0;0;0;0
30/09/2021;19:32:03;490;Acidente sem VITIMA;22,000;BR-448/RS;Sul;Choque Barreira;1;0;0;0;0;0;0;0;0;0;1;0;0;0;0
30/09/2021;22:57:23;515;Acidente sem VITIMA;81,000;BR-290/RS;Oeste;Choque Barreira;1;0;0;0;0;0;0;0;0;0;1;0;0;0;0
01/10/2021;00:21:46;4;Acidente com VITIMA;235,000;BR-386/RS;Norte;Saída de pista;0;1;0;1;0;0;0;0;0;0;3;0;0;0;0
01/10/2021;02:04:48;17;Atropelamento Fatal;83,000;BR-290/RS;Leste;Atropelamento - Andarilho;1;1;0;0;0;0;0;1;0;0;1;0;0;0;0
01/10/2021;04:06:50;27;Acidente com VITIMA;58,000;BR-290/RS;Oeste;Queda de ribanceira;0;0;0;2;0;0;0;0;0;0;2;0;0;0;0
01/10/2021;10:58:48;120;Acidente sem VITIMA;19,000;BR-290/RS;Leste;Colisão - Traseira;0;2;0;0;0;0;0;4;0;0;4;0;0;0;0
01/10/2021;11:07:15;123;Acidente com VITIMA;55,000;BR-290/RS;Leste;Colisão - Lateral;0;1;0;1;0;0;0;1;0;0;1;0;0;0;0
01/10/2021;14:47:08;164;Atropelamento;80,000;BR-101/RS;Sul;Atropelamento - Andarilho;0;0;1;0;0;0;0;1;0;0;2;0;0;0;0
01/10/2021;14:58:16;168;Acidente com VITIMA;92,000;BR-290/RS;Oeste;Atropelamento - Esportista;0;1;1;0;0;0;0;1;0;0;2;0;0;0;0
01/10/2021;16:39:23;181;Acidente sem VITIMA;372,000;BR-386/RS;Sul;Saída de pista;0;1;0;0;0;0;0;1;0;0;0;0;0;0;0
01/10/2021;19:09:20;213;Acidente sem VITIMA;280,000;BR-386/RS;Norte;Queda de moto;0;0;0;0;0;0;0;1;0;0;1;0;1;0;0
01/10/2021;19:30:09;223;Acidente sem VITIMA;439,000;BR-386/RS;Sul;Colisão - Traseira;0;1;0;0;0;0;0;5;0;0;1;0;0;0;0
01/10/2021;20:17:51;240;Acidente sem VITIMA;60,000;BR-290/RS;Leste;Choque Praça - Cabine;0;0;0;0;0;0;0;2;0;0;2;0;0;1;0
01/10/2021;20:28:44;242;Acidente com VITIMA;354,000;BR-386/RS;Norte;Colisão - Traseira;0;2;0;1;0;0;0;2;0;0;5;0;0;0;0
01/10/2021;22:11:52;269;Acidente sem VITIMA;210,000;BR-386/RS;Sul;Saída de pista;0;1;0;0;0;0;0;2;0;0;2;0;0;0;0
02/10/2021;02:25:09;13;Acidente sem VITIMA;11,000;BR-448/RS;Sul;Colisão - Lateral;0;2;0;0;0;0;0;3;0;0;2;0;0;0;0
02/10/2021;14:39:23;163;Acidente sem VITIMA;349,000;BR-386/RS;Norte;Choque Barreira;0;1;0;0;0;0;0;4;1;0;2;0;0;1;0
02/10/2021;16:16:23;179;Acidente sem VITIMA;348,000;BR-386/RS;Norte;Saída de pista;0;1;0;0;0;0;0;1;0;0;1;0;0;0;0
02/10/2021;17:44:05;195;Acidente sem VITIMA;75,000;BR-290/RS;Leste;Queda de moto;0;0;0;0;0;0;0;1;0;0;3;0;1;0;0
02/10/2021;18:38:40;208;Acidente sem VITIMA;85,000;BR-101/RS;Sul;Saída de pista;0;1;0;0;0;0;0;2;0;0;0;0;0;0;0
02/10/2021;23:44:20;250;Acidente sem VITIMA;11,000;BR-101/RS;Norte;Saída de pista;0;1;0;0;0;0;0;1;0;0;2;0;0;0;0
03/10/2021;03:31:17;16;Acidente sem VITIMA;245,000;BR-386/RS;Norte;Saída de pista;0;1;0;0;0;0;0;1;0;0;2;0;0;0;0
03/10/2021;07:00:22;28;Acidente sem VITIMA;26,000;BR-290/RS;Oeste;Choque Defensa;0;0;0;0;0;0;0;2;0;0;3;0;0;0;0
03/10/2021;07:44:54;31;Acidente sem VITIMA;378,000;BR-386/RS;Norte;Queda de ribanceira;0;1;0;0;0;0;0;1;0;0;0;0;0;0;0
03/10/2021;08:08:55;36;Acidente sem VITIMA;78,000;BR-290/RS;Oeste;Queda de ribanceira;0;0;0;0;0;0;0;1;1;0;1;0;0;0;0
03/10/2021;15:09:58;90;Acidente sem VITIMA;432,000;BR-386/RS;Sul;Queda de moto;0;0;0;0;0;0;0;1;0;0;3;0;1;0;0
03/10/2021;15:25:56;95;Acidente sem VITIMA;297,000;BR-386/RS;Sul;Saída de pista;0;1;0;0;0;0;0;1;0;0;3;0;0;0;0
03/10/2021;17:49:18;107;Atropelamento;383,000;BR-386/RS;Sul;Atropelamento - Usuário;0;1;1;0;0;0;0;1;0;0;0;0;0;0;0
03/10/2021;18:05:30;112;Acidente sem VITIMA;423,000;BR-386/RS;Norte;Queda de moto;0;0;0;0;0;0;0;1;0;0;2;0;1;0;0
03/10/2021;20:24:04;144;Acidente com VITIMA;306,000;BR-386/RS;Norte;Saída de pista;0;0;0;1;0;0;0;0;0;0;2;0;0;1;0
04/10/2021;01:23:56;8;Acidente com VITIMA;190,000;BR-386/RS;Norte;Colisão - Lateral;0;1;0;1;0;0;0;1;1;0;1;0;0;0;0
04/10/2021;06:23:25;33;Acidente sem VITIMA;90,000;BR-290/RS;Leste;Tombamento;0;0;0;0;0;0;0;1;1;0;1;0;0;0;0
04/10/2021;07:20:31;39;Acidente com VITIMA;262,000;BR-386/RS;Norte;Capotamento;0;1;0;1;0;0;0;0;0;0;0;0;0;0;0
04/10/2021;16:46:26;184;Acidente sem VITIMA;85,000;BR-101/RS;Norte;Choque - Sinalização;0;1;0;0;0;0;0;4;0;0;0;0;0;0;0
04/10/2021;18:29:20;205;Acidente sem VITIMA;88,000;BR-290/RS;Leste;Engavetamento;0;3;0;0;0;0;0;5;0;0;3;0;0;0;0
05/10/2021;02:49:59;14;Acidente sem VITIMA;56,000;BR-290/RS;Oeste;Saída de pista;0;0;0;0;0;0;0;2;0;0;2;0;0;0;0
05/10/2021;08:29:44;89;Acidente com VITIMA;92,290;BR-290/RS;Oeste;Engavetamento;0;4;0;1;0;0;0;5;0;0;4;0;0;0;0
05/10/2021;09:23:12;111;Acidente sem VITIMA;383,000;BR-386/RS;Sul;Capotamento;0;1;0;0;0;0;0;2;0;0;0;0;0;0;0
05/10/2021;14:14:16;184;Acidente com VITIMA;65,000;BR-290/RS;Oeste;Queda de moto;0;0;0;1;0;0;0;0;0;0;0;0;1;0;0
05/10/2021;15:44:33;204;Atropelamento Fatal;69,000;BR-290/RS;Oeste;Atropelamento - Usuário;1;1;0;0;0;0;0;4;0;0;1;0;0;0;0
05/10/2021;21:36:00;267;Acidente sem VITIMA;48,180;BR-290/RS;Oeste;Choque com objeto sobre a pista;0;2;0;0;0;0;0;2;0;0;3;0;0;0;0
06/10/2021;01:44:10;11;Acidente com VITIMA;216,000;BR-386/RS;Norte;Colisão - Traseira;0;1;2;0;0;0;0;1;0;0;0;0;0;0;0
06/10/2021;06:09:44;28;Acidente sem VITIMA;268,000;BR-386/RS;Norte;Colisão - Traseira;0;1;0;0;0;0;0;3;0;0;3;1;0;0;0
06/10/2021;06:21:05;32;Acidente com VITIMA;52,000;BR-101/RS;Sul;Colisão - Traseira;0;0;0;1;0;1;0;1;0;0;1;0;0;0;0
06/10/2021;07:41:44;62;Acidente com VITIMA;439,000;BR-386/RS;Sul;Queda de moto;0;0;0;1;0;0;0;0;0;0;1;0;1;0;0
06/10/2021;13:18:48;159;Acidente sem VITIMA;426,000;BR-386/RS;Norte;Colisão - Traseira;0;1;0;0;0;0;0;2;0;0;1;1;0;0;0
06/10/2021;23:44:23;282;Acidente sem VITIMA;22,000;BR-101/RS;Sul;Saída de pista;0;1;0;0;0;0;0;1;0;0;1;0;0;0;0
07/10/2021;04:10:11;13;Acidente sem VITIMA;36,000;BR-101/RS;Sul;Saída de pista;0;1;0;0;0;0;0;3;0;0;0;0;0;0;0
07/10/2021;08:01:10;72;Acidente sem VITIMA;89,000;BR-290/RS;Oeste;Colisão - Traseira;0;2;0;0;0;0;0;3;0;0;1;0;0;0;0
07/10/2021;14:35:20;172;Acidente sem VITIMA;395,000;BR-386/RS;Sul;;0;1;0;0;0;0;0;1;0;0;3;0;0;0;0
07/10/2021;14:52:59;177;Acidente com VITIMA;343,000;BR-386/RS;Norte;Colisão - Transversal;0;1;0;0;1;0;0;1;0;0;1;0;1;0;0
07/10/2021;16:04:27;187;Acidente sem VITIMA;49,000;BR-101/RS;Sul;Colisão - Lateral;0;0;0;0;0;0;0;2;1;0;5;0;0;0;1
07/10/2021;19:26:34;240;Acidente com VITIMA;290,000;BR-386/RS;Sul;Colisão - Transversal;0;1;0;0;1;0;0;1;0;0;1;0;0;1;0
07/10/2021;22:07:05;252;Acidente sem VITIMA;400,000;BR-386/RS;Sul;Saída de pista;0;1;0;0;0;0;0;1;0;0;1;0;0;0;0
08/10/2021;02:40:33;15;Acidente sem VITIMA;10,000;BR-290/RS;Oeste;Saída de pista;0;1;0;0;0;0;0;3;0;0;1;0;0;0;0
08/10/2021;03:37:18;18;Acidente sem VITIMA;86,000;BR-290/RS;Leste;Saída de pista;0;1;0;0;0;0;0;1;0;0;2;0;0;0;0
08/10/2021;04:50:24;23;Acidente sem VITIMA;18,000;BR-290/RS;Oeste;Queda de ribanceira;0;1;0;0;0;0;0;1;0;0;1;0;0;0;0
08/10/2021;08:22:41;89;Acidente sem VITIMA;2,000;BR-290/RS;Leste;Saída de pista;0;1;0;0;0;0;0;1;0;0;2;0;0;0;0
08/10/2021;09:02:42;107;Acidente sem VITIMA;204,000;BR-386/RS;Sul;Choque Praça - Cabine;0;0;0;0;0;0;0;1;0;0;3;1;0;0;0
08/10/2021;10:37:46;126;Acidente sem VITIMA;415,000;BR-386/RS;Norte;Colisão - Lateral;0;2;0;0;0;0;0;4;0;0;1;0;0;0;0
08/10/2021;16:12:54;203;Acidente sem VITIMA;60,000;BR-290/RS;Leste;Colisão - Traseira;0;2;0;0;0;0;0;4;0;0;2;0;0;0;0
08/10/2021;16:29:04;206;Acidente com VITIMA FATAL;392,000;BR-386/RS;Norte;Colisão - Transversal;1;2;1;2;0;0;0;4;0;0;1;0;0;0;0
08/10/2021;16:53:56;209;Acidente sem VITIMA;395,000;BR-386/RS;Norte;;0;0;0;0;0;0;0;1;1;0;3;0;0;0;0
08/10/2021;19:11:01;236;Acidente sem VITIMA;393,000;BR-386/RS;Norte;Colisão - Traseira;0;2;0;0;0;0;0;2;0;0;2;0;0;0;0