data;horario;n_da_ocorrencia;tipo_de_ocorrencia;km;trecho;sentido;tipo_de_acidente;automovel;bicicleta;caminhao;moto;onibus;outros;tracao_animal;transporte_de_cargas_especiais;trator_maquinas;utilitarios;ilesos;levemente_feridos;moderadamente_feridos;gravemente_feridos;mortos
08/10/2021;23:09:01;286;Acidente sem VITIMA;7,000;BR-101/RS;Sul;Choque - Meio Fio;0;1;0;0;0;0;0;2;0;0;2;0;0;0;0
09/10/2021;01:23:52;6;Acidente sem VITIMA;270,000;BR-386/RS;Ambos;Colisão - Lateral;0;1;0;0;0;0;1;2;0;0;2;0;0;0;0
09/10/2021;01:30:59;7;Acidente sem VITIMA;74,000;BR-290/RS;Oeste;Saída de pista;0;1;0;0;0;0;0;1;0;0;2;0;0;0;0
09/10/2021;02:38:59;9;Acidente sem VITIMA;88,000;BR-290/RS;Leste;Queda de ribanceira;0;1;0;0;0;0;0;1;0;0;2;0;0;0;0
09/10/2021;03:28:24;10;Acidente sem VITIMA;440,000;BR-386/RS;Norte;Saída de pista;0;1;0;0;0;0;0;1;0;0;5;0;0;0;0
09/10/2021;05:52:42;18;Acidente sem VITIMA;305,000;BR-386/RS;Norte;Saída de pista;0;0;0;0;0;0;0;1;0;0;0;0;0;0;0
09/10/2021;06:13:37;22;Acidente com VITIMA;35,000;BR-101/RS;Sul;Choque Barreira;0;1;0;2;0;0;0;0;0;0;6;0;0;0;0
09/10/2021;06:40:27;26;Acidente sem VITIMA;350,000;BR-386/RS;Norte;Saída de pista;0;1;0;0;0;0;0;1;0;0;1;0;0;0;0
09/10/2021;08:56:59;75;Acidente sem VITIMA;262,000;BR-386/RS;Sul;Colisão - Traseira;0;2;0;0;0;0;0;7;0;0;0;0;0;0;0
09/10/2021;11:13:19;116;Acidente com VITIMA;52,000;BR-290/RS;Leste;Capotamento;0;1;1;0;0;0;0;0;0;0;3;0;0;0;0
09/10/2021;11:49:05;132;Acidente sem VITIMA;35,000;BR-101/RS;Norte;Colisão - Traseira;0;2;0;0;0;0;0;6;0;0;2;0;0;0;0
09/10/2021;15:10:22;162;Acidente com VITIMA;354,000;BR-386/RS;Norte;Colisão - Traseira;0;1;0;1;0;1;0;2;0;0;2;0;0;0;0
09/10/2021;16:07:58;170;Acidente sem VITIMA;50,000;BR-290/RS;Leste;Queda de ribanceira;0;1;0;0;0;0;0;5;0;0;1;0;0;0;0
09/10/2021;17:01:11;182;Acidente sem VITIMA;60,000;BR-290/RS;Leste;Colisão - Traseira;0;2;0;0;0;0;0;4;0;0;0;0;0;0;0
09/10/2021;20:03:15;230;Acidente com VITIMA;53,000;BR-290/RS;Leste;Queda de moto;0;0;0;1;0;0;0;1;0;0;1;0;1;0;0
09/10/2021;21:48:26;240;Acidente com VITIMA;345,000;BR-386/RS;Sul;Colisão - Frontal;0;2;0;2;1;0;0;1;0;0;2;0;0;0;0
10/10/2021;04:47:21;13;Acidente sem VITIMA;230,000;BR-386/RS;Norte;Saída de pista;0;1;0;0;0;0;0;3;0;0;3;0;0;0;0
10/10/2021;05:10:54;15;Acidente sem VITIMA;87,000;BR-290/RS;Leste;Queda de ribanceira;0;1;0;0;0;0;0;1;0;0;1;0;0;0;0
10/10/2021;08:02:37;47;Acidente sem VITIMA;393,000;BR-386/RS;Norte;Saída de pista;0;1;0;0;0;0;0;4;0;0;1;0;0;0;0
10/10/2021;16:59:14;145;Acidente com VITIMA;332,000;BR-386/RS;Ambos;Colisão - Frontal;0;3;0;2;3;0;0;4;0;0;1;0;0;1;0
10/10/2021;17:18:18;151;Acidente sem VITIMA;35,000;BR-101/RS;Norte;Colisão - Traseira;0;1;0;0;0;0;0;2;0;0;1;0;0;1;0
10/10/2021;17:38:59;157;Acidente com VITIMA;381,000;BR-386/RS;Norte;Queda de moto;0;1;0;1;0;0;0;0;0;0;3;0;0;0;0
10/10/2021;19:43:16;258;Acidente sem VITIMA;13,000;BR-448/RS;Sul;Choque com objeto sobre a pista;0;2;0;0;0;0;0;2;0;0;2;0;0;0;0
10/10/2021;22:14:56;272;Acidente com VITIMA;303,430;BR-386/RS;Norte;Tombamento;0;0;0;1;0;0;0;0;0;0;1;0;0;1;0
11/10/2021;16:44:08;161;Acidente sem VITIMA;411,000;BR-386/RS;Norte;Saída de pista;0;1;0;0;0;0;0;1;0;0;1;0;0;0;0
12/10/2021;01:06:53;6;Acidente sem VITIMA;44,000;BR-290/RS;Leste;Atropelamento de Animal;0;1;0;0;0;0;0;3;0;0;0;0;0;0;0
12/10/2021;07:49:20;45;Acidente com VITIMA;435,000;BR-386/RS;Norte;Colisão - Traseira;0;1;0;0;1;0;0;2;1;0;2;0;0;0;0
12/10/2021;09:44:34;67;Acidente sem VITIMA;344,000;BR-386/RS;Norte;Colisão - Traseira;0;1;0;0;0;0;0;3;0;0;1;0;1;0;0
12/10/2021;16:14:05;120;Acidente sem VITIMA;392,000;BR-386/RS;Sul;Colisão - Traseira;0;2;0;0;0;0;0;2;0;0;1;0;0;0;0
12/10/2021;16:55:37;129;Acidente sem VITIMA;276,000;BR-386/RS;Sul;Colisão - Traseira;0;2;0;0;0;0;0;4;0;0;1;0;0;0;0
12/10/2021;17:16:15;133;Acidente sem VITIMA;53,000;BR-290/RS;Oeste;Engavetamento;0;4;0;0;0;0;0;8;0;0;3;0;0;0;0
12/10/2021;17:58:01;148;Acidente com VITIMA;52,000;BR-290/RS;Oeste;Engavetamento;0;3;0;1;0;0;0;3;0;0;2;0;0;0;0
12/10/2021;18:15:34;151;Acidente com VITIMA;390,000;BR-386/RS;Ambos;Saída de pista;0;1;1;2;0;0;0;1;0;0;1;0;1;0;0
12/10/2021;21:02:27;192;Acidente sem VITIMA;60,000;BR-290/RS;Oeste;Colisão - Traseira;0;1;0;0;0;0;0;2;0;0;3;1;0;0;0
13/10/2021;08:28:58;113;Acidente sem VITIMA;94,000;BR-290/RS;Oeste;Colisão - Traseira;0;2;0;0;0;0;0;3;0;0;2;0;0;0;0
13/10/2021;09:13:02;132;Acidente sem VITIMA;345,000;BR-386/RS;Sul;Colisão - Traseira;0;2;0;0;0;0;0;4;0;0;1;1;0;0;0
13/10/2021;14:45:19;229;Acidente com VITIMA;189,000;BR-386/RS;Norte;Colisão - Frontal;0;2;3;0;0;0;0;0;0;0;2;0;0;0;0
13/10/2021;19:26:03;300;Acidente com VITIMA;13,050;BR-101/RS;Norte;Queda de moto;0;0;0;1;0;0;0;0;0;0;0;0;1;0;0
13/10/2021;20:07:24;310;Acidente com VITIMA;40,000;BR-290/RS;Leste;Colisão - Traseira;0;2;0;1;0;0;0;2;0;0;1;0;0;0;0
13/10/2021;22:23:31;325;Acidente com VITIMA;1,160;BR-101/RS;Norte;Choque - Poste;0;1;0;2;0;0;0;1;0;0;2;0;0;0;0
14/10/2021;06:56:38;29;Acidente com VITIMA FATAL;443,000;BR-386/RS;Norte;Colisão - Transversal;1;1;0;0;0;0;0;2;1;1;2;0;0;0;0
14/10/2021;07:21:21;48;Acidente com VITIMA;89,000;BR-290/RS;Oeste;Colisão - Traseira;0;1;0;1;0;0;0;1;0;0;1;0;1;0;0
14/10/2021;15:35:25;221;Acidente sem VITIMA;325,000;BR-386/RS;Sul;Colisão - Traseira;0;1;0;0;0;0;0;2;0;0;1;1;0;0;0
14/10/2021;20:49:21;295;Acidente com VITIMA;409,000;BR-386/RS;Norte;Colisão - Transversal;0;2;0;1;0;0;0;4;0;0;1;0;0;0;0
14/10/2021;23:00:31;310;Acidente com VITIMA;414,000;BR-386/RS;Norte;Colisão - Transversal;0;2;1;1;0;0;0;5;0;0;0;0;0;1;0
15/10/2021;00:20:43;6;Acidente sem VITIMA;85,000;BR-101/RS;Norte;Colisão - Traseira;0;1;0;0;0;0;0;2;1;0;0;0;0;0;0
15/10/2021;10:21:18;104;Acidente sem VITIMA;68,000;BR-290/RS;Leste;Colisão - Traseira;0;0;0;0;0;0;0;2;1;0;1;0;0;0;0
15/10/2021;11:23:29;120;Acidente sem VITIMA;50,000;BR-290/RS;Oeste;Colisão - Traseira;0;1;0;0;0;0;0;5;0;0;2;0;0;0;0
15/10/2021;16:02:31;171;Acidente com VITIMA;22,000;BR-101/RS;Sul;Colisão - Lateral;0;2;0;1;0;0;0;3;0;0;1;0;0;0;0
15/10/2021;17:11:37;186;Acidente sem VITIMA;16,000;BR-290/RS;Ambos;Queda de ribanceira;0;1;0;0;0;0;0;2;0;0;1;0;0;0;0
15/10/2021;20:19:51;226;Acidente com VITIMA;50,000;BR-290/RS;Leste;Saída de pista;0;1;0;1;0;0;0;1;0;0;0;0;0;0;0
15/10/2021;20:36:32;235;Acidente sem VITIMA;10,000;BR-290/RS;Ambos;Capotamento;0;1;0;0;0;0;0;1;0;0;6;0;0;0;0
15/10/2021;21:48:17;249;Acidente com VITIMA;10,000;BR-290/RS;Ambos;Capotamento;0;1;0;2;0;0;0;1;0;0;2;0;0;0;0
15/10/2021;21:59:44;253;Acidente com VITIMA;352,000;BR-386/RS;Sul;Colisão - Traseira;0;1;0;1;0;0;0;2;0;0;1;0;1;0;0
15/10/2021;23:09:36;265;Acidente sem VITIMA;2,000;BR-101/RS;Norte;Colisão - Lateral;0;0;0;0;0;0;0;2;0;0;1;1;0;0;0
15/10/2021;23:44:26;272;Acidente com VITIMA;22,000;BR-101/RS;Norte;Colisão - Traseira;0;2;0;1;0;0;0;2;0;0;2;0;0;0;0
16/10/2021;00:19:36;2;Acidente sem VITIMA;21,000;BR-290/RS;Ambos;Saída de pista;0;1;0;0;0;0;0;1;0;0;1;0;0;0;0
16/10/2021;04:59:19;24;Acidente sem VITIMA;346,000;BR-386/RS;Norte;Saída de pista;0;1;0;0;0;0;0;1;0;0;2;0;0;0;0
16/10/2021;08:48:59;62;Acidente sem VITIMA;417,000;BR-386/RS;Sul;Choque Defensa;0;1;0;0;0;0;0;2;0;0;2;0;0;0;0
16/10/2021;11:36:02;91;Acidente sem VITIMA;10,000;BR-290/RS;Leste;Queda de ribanceira;0;1;0;0;0;0;0;1;0;0;1;0;0;0;0
16/10/2021;12:10:56;97;Acidente sem VITIMA;1,000;BR-290/RS;Leste;;0;1;0;0;0;0;0;1;0;0;7;0;0;0;0
16/10/2021;12:32:59;102;Acidente com VITIMA;3,000;BR-290/RS;Leste;Capotamento;0;1;0;1;0;0;0;1;0;0;1;0;0;0;0
16/10/2021;14:35:51;116;Acidente sem VITIMA;47,000;BR-290/RS;Oeste;Queda de ribanceira;0;1;0;0;0;0;0;1;0;0;1;0;0;0;0
16/10/2021;16:47:50;133;Acidente sem VITIMA;5,000;BR-448/RS;Sul;Choque Defensa;0;1;0;0;0;0;0;1;0;0;0;0;0;0;0
16/10/2021;19:02:49;152;Acidente sem VITIMA;86,000;BR-290/RS;Leste;Choque Barreira;0;1;0;0;0;0;0;1;0;0;3;0;0;0;0
16/10/2021;19:09:47;153;Acidente com VITIMA;415,000;BR-386/RS;Sul;Colisão - Lateral;0;2;0;1;0;0;0;3;0;0;2;0;0;0;0
16/10/2021;21:07:47;162;Acidente com VITIMA;98,000;BR-290/RS;Leste;Colisão - Transversal;0;2;1;0;0;0;0;1;0;0;1;0;0;0;0
16/10/2021;21:24:22;166;Acidente com VITIMA;267,000;BR-386/RS;Sul;Saída de pista;0;1;0;1;0;0;0;0;0;0;0;0;0;0;0
17/10/2021;00:19:06;4;Acidente sem VITIMA;17,000;BR-448/RS;Norte;Colisão - Lateral;0;1;0;0;0;0;0;2;0;0;1;1;0;0;0
17/10/2021;02:35:51;11;Acidente sem VITIMA;425,000;BR-386/RS;Sul;Queda de ribanceira;0;1;0;0;0;0;0;1;0;0;0;0;0;0;0
17/10/2021;06:02:23;20;Acidente com VITIMA;244,000;BR-386/RS;Norte;Capotamento;0;1;0;1;0;0;0;0;0;0;2;0;0;0;0
17/10/2021;11:09:35;69;Acidente sem VITIMA;375,000;BR-386/RS;Sul;;0;0;0;0;0;0;0;1;0;0;1;0;0;0;1
17/10/2021;19:40:25;168;Acidente sem VITIMA;83,000;BR-101/RS;Norte;Atropelamento de Animal;0;1;0;0;0;0;0;1;0;0;0;0;0;0;0
17/10/2021;20:13:18;176;Acidente sem VITIMA;24,000;BR-290/RS;Leste;Choque com objeto sobre a pista;0;0;0;0;0;0;0;4;1;0;2;0;0;1;0
17/10/2021;21:36:35;192;Acidente sem VITIMA;5,000;BR-448/RS;Sul;Choque Defensa;0;1;0;0;0;0;0;1;0;0;2;0;0;0;0
18/10/2021;06:30:58;38;Acidente com VITIMA;412,000;BR-386/RS;Norte;Colisão - Transversal;0;0;0;1;0;0;0;1;0;0;4;0;2;0;0
18/10/2021;07:57:54;92;Acidente sem VITIMA;91,000;BR-290/RS;Oeste;Engavetamento;0;3;0;0;0;0;0;10;0;0;2;0;0;0;0
18/10/2021;08:01:23;93;Acidente sem VITIMA;387,000;BR-386/RS;Sul;Choque - Meio Fio;0;1;0;0;0;0;0;1;0;0;0;0;0;0;0
18/10/2021;10:00:20;143;Acidente com VITIMA;404,000;BR-386/RS;Sul;Capotamento;0;1;0;2;0;0;0;0;0;0;1;0;0;0;0
18/10/2021;12:04:43;177;Acidente sem VITIMA;247,000;BR-386/RS;Norte;Queda de ribanceira;0;1;0;0;0;0;0;1;0;0;2;0;0;0;0
18/10/2021;15:47:12;230;Acidente sem VITIMA;436,000;BR-386/RS;Sul;Colisão - Lateral;0;1;0;0;0;0;0;2;0;0;1;0;0;1;0
18/10/2021;17:00:41;244;Acidente com VITIMA;294,000;BR-386/RS;Sul;Capotamento;0;1;0;1;0;0;0;3;0;0;1;0;0;1;0
18/10/2021;20:03:39;290;Acidente com VITIMA;215,000;BR-386/RS;Norte;Choque - Painel Propaganda;0;2;0;1;0;0;0;1;0;0;2;0;0;0;0
18/10/2021;23:31:50;308;Acidente com VITIMA;96,000;BR-290/RS;Leste;Queda de moto;0;0;0;1;0;0;0;0;0;0;3;0;1;0;0
19/10/2021;06:44:53;30;Acidente sem VITIMA;313,000;BR-386/RS;Norte;Colisão - Lateral;0;0;0;0;0;0;0;2;0;0;1;0;0;0;0
19/10/2021;07:57:31;66;Acidente sem VITIMA;92,230;BR-290/RS;Oeste;Colisão - Traseira;0;1;0;0;0;0;0;2;0;0;3;0;1;0;0
19/10/2021;10:22:34;128;Acidente sem VITIMA;264,000;BR-386/RS;Norte;Colisão - Traseira;0;2;0;0;0;0;0;3;0;0;4;0;0;0;0
19/10/2021;16:46:37;211;Acidente com VITIMA;346,000;BR-386/RS;Norte;Colisão - Traseira;0;1;0;1;0;0;0;3;0;0;6;0;1;0;0
19/10/2021;20:55:47;257;Acidente sem VITIMA;395,000;BR-386/RS;Norte;Choque com objeto sobre a pista;0;1;0;0;0;0;0;4;0;0;0;0;0;0;0
20/10/2021;06:50:40;36;Acidente sem VITIMA;12,000;BR-290/RS;Ambos;Queda de ribanceira;0;1;0;0;0;0;0;1;0;0;1;0;0;0;0
20/10/2021;12:14:23;145;Acidente sem VITIMA;49,000;BR-290/RS;Leste;Queda de ribanceira;0;1;0;0;0;0;0;1;0;0;1;0;0;0;0
20/10/2021;16:35:23;199;Acidente com VITIMA;367,000;BR-386/RS;Norte;Colisão - Traseira;0;0;1;0;0;0;0;1;0;0;9;0;1;0;0
20/10/2021;17:56:35;211;Acidente sem VITIMA;12,000;BR-448/RS;Norte;Queda de Carga;0;2;0;0;0;0;0;3;0;0;2;0;0;0;1
20/10/2021;18:35:22;221;Acidente sem VITIMA;236,000;BR-386/RS;Sul;Saída de pista;0;1;0;0;0;0;0;1;0;0;2;0;0;0;0
20/10/2021;22:38:33;248;Acidente sem VITIMA;86,000;BR-290/RS;Leste;Choque Barreira;0;1;0;0;0;0;0;1;0;0;1;0;0;0;0
21/10/2021;07:17:30;39;Acidente sem VITIMA;27,000;BR-290/RS;Oeste;Queda de ribanceira;0;1;0;0;0;0;0;1;0;0;1;0;0;0;0
21/10/2021;07:41:11;52;Acidente sem VITIMA;435,000;BR-386/RS;Norte;Saída de pista;0;1;0;0;0;0;0;1;0;0;0;0;0;0;0
21/10/2021;08:02:49;70;Acidente sem VITIMA;27,000;BR-290/RS;Leste;Colisão - Lateral;0;1;0;0;0;0;0;2;1;0;2;0;0;0;0
21/10/2021;08:29:03;83;Acidente sem VITIMA;1,000;BR-448/RS;Sul;Colisão - Lateral;0;1;0;0;0;0;0;2;0;0;1;0;0;1;0
21/10/2021;09:03:03;91;Acidente sem VITIMA;98,000;BR-290/RS;Oeste;Choque Defensa;0;1;0;0;0;0;0;1;0;0;3;0;0;0;0
21/10/2021;17:56:19;211;Acidente sem VITIMA;345,000;BR-386/RS;Norte;Colisão - Lateral;0;1;0;0;0;0;0;2;0;0;1;0;0;1;0
21/10/2021;19:34:30;231;Acidente sem VITIMA;86,000;BR-290/RS;Oeste;Colisão - Lateral;0;1;0;0;0;0;0;3;0;0;13;1;0;0;0
21/10/2021;21:40:01;246;Acidente sem VITIMA;345,000;BR-386/RS;Norte;Saída de pista;0;1;0;0;0;0;0;1;0;0;1;0;0;0;0
21/10/2021;22:28:58;251;Acidente sem VITIMA;93,000;BR-290/RS;Oeste;Colisão - Lateral;0;1;0;0;0;0;0;3;0;0;3;1;0;0;0
21/10/2021;23:34:28;257;Acidente com VITIMA;438,000;BR-386/RS;Sul;Colisão - Transversal;0;1;0;2;0;0;0;1;0;0;2;1;0;0;0
22/10/2021;00:39:09;8;Atropelamento Fatal;2,900;BR-101/RS;Sul;Atropelamento - Andarilho;1;0;0;0;0;0;0;1;0;0;2;1;0;0;0
22/10/2021;04:13:45;18;Acidente sem VITIMA;54,000;BR-101/RS;Norte;Tombamento;0;0;0;0;0;0;0;1;0;0;3;0;0;0;0
22/10/2021;06:20:04;26;Acidente sem VITIMA;19,000;BR-290/RS;Oeste;Choque Praça - Cabine;0;0;0;0;0;0;0;1;0;0;2;0;0;0;1
22/10/2021;06:50:55;31;Acidente com VITIMA;81,000;BR-290/RS;Leste;Queda de ribanceira;0;1;0;1;0;0;0;1;0;0;2;0;0;0;0
22/10/2021;14:15:58;218;Acidente sem VITIMA;86,000;BR-290/RS;Oeste;Colisão - Lateral;0;1;0;0;0;0;0;4;1;0;4;0;0;0;0
22/10/2021;15:02:04;234;Acidente sem VITIMA;95,000;BR-290/RS;Oeste;Colisão - Lateral;0;2;0;0;0;0;0;3;0;0;2;0;0;0;0
22/10/2021;15:09:36;236;Acidente sem VITIMA;92,310;BR-290/RS;Oeste;Colisão - Lateral;0;1;0;0;0;0;0;3;1;0;2;0;0;0;0
22/10/2021;18:00:22;296;Acidente sem VITIMA;87,000;BR-290/RS;Leste;Colisão - Traseira;0;2;0;0;0;0;0;2;0;0;14;0;0;0;0
22/10/2021;19:39:08;316;Acidente sem VITIMA;280,000;BR-386/RS;Sul;Saída de pista;0;1;0;0;0;0;0;2;0;0;1;0;0;0;0
22/10/2021;20:35:03;330;Acidente sem VITIMA;247,000;BR-386/RS;Sul;Colisão - Transversal;0;1;0;0;0;0;0;2;0;0;2;0;0;0;0
22/10/2021;21:00:47;338;Acidente sem VITIMA;23,000;BR-290/RS;Leste;Choque com objeto sobre a pista;0;1;0;0;0;0;0;3;0;0;5;0;0;1;0
23/10/2021;03:59:22;15;Atropelamento;412,000;BR-386/RS;Sul;Atropelamento - Usuário;0;1;0;0;1;0;0;1;0;0;1;0;0;0;0
23/10/2021;05:36:28;24;Acidente sem VITIMA;10,180;BR-101/RS;Norte;Choque Defensa;0;1;0;0;0;0;0;1;0;0;2;0;0;0;0
23/10/2021;06:02:48;31;Acidente sem VITIMA;426,000;BR-386/RS;Sul;Colisão - Traseira;0;0;0;0;0;0;0;36;2;0;1;0;0;0;0
23/10/2021;14:46:13;159;Acidente sem VITIMA;10,000;BR-448/RS;Norte;Saída de pista;0;1;0;0;0;0;0;1;0;0;2;0;0;0;0
23/10/2021;20:00:28;212;Acidente sem VITIMA;357,000;BR-386/RS;Norte;Saída de pista;0;1;0;0;0;0;0;1;0;0;1;0;0;0;0
23/10/2021;21:39:12;222;Acidente com VITIMA;343,000;BR-386/RS;Sul;Colisão - Lateral;0;1;0;1;1;0;0;1;0;0;0;0;0;1;0
23/10/2021;21:48:49;223;Acidente sem VITIMA;22,000;BR-448/RS;Sul;Choque Barreira;0;1;0;0;0;0;0;5;0;0;1;0;0;0;0
24/10/2021;00:05:42;2;Acidente sem VITIMA;216,000;BR-386/RS;Norte;Engavetamento;0;3;0;0;0;0;0;3;0;0;1;0;0;0;0
24/10/2021;04:50:23;13;Acidente com VITIMA;231,000;BR-386/RS;Norte;Capotamento;0;1;0;1;0;0;0;1;0;0;1;0;0;0;0
24/10/2021;13:56:17;116;Acidente com VITIMA;12,000;BR-448/RS;Sul;Colisão - Traseira;0;2;0;1;0;0;0;1;0;0;0;0;0;0;0
24/10/2021;18:30:16;177;Acidente sem VITIMA;87,000;BR-290/RS;Leste;Queda de moto;0;1;0;0;0;0;0;2;0;0;2;0;0;0;0
24/10/2021;19:38:03;196;Acidente sem VITIMA;5,000;BR-290/RS;Oeste;Choque com objeto sobre a pista;0;1;0;0;0;0;0;4;0;0;4;0;0;0;0
24/10/2021;20:28:21;210;Acidente sem VITIMA;5,530;BR-290/RS;Oeste;Colisão - Traseira;0;1;0;0;0;0;0;3;0;0;0;0;0;1;0
25/10/2021;08:50:30;83;Acidente sem VITIMA;385,000;BR-386/RS;Norte;Choque Defensa;0;1;0;0;0;0;0;1;0;0;2;0;0;0;0
25/10/2021;20:19:59;254;Acidente sem VITIMA;60,000;BR-290/RS;Leste;Atropelamento de Animal;0;1;0;0;0;0;0;1;0;0;7;0;0;0;0
25/10/2021;22:39:31;261;Acidente sem VITIMA;77,000;BR-290/RS;Oeste;Colisão - Traseira;0;0;0;0;0;0;0;2;0;0;1;0;2;0;0
26/10/2021;11:01:03;130;Acidente com VITIMA;46,000;BR-101/RS;Sul;Engavetamento;0;2;0;0;1;0;0;5;0;0;1;0;0;0;0
26/10/2021;13:45:56;157;Acidente sem VITIMA;347,000;BR-386/RS;Sul;Colisão - Lateral;0;1;0;0;0;0;0;2;0;0;2;0;0;1;0
26/10/2021;13:56:14;162;Acidente sem VITIMA;69,000;BR-290/RS;Oeste;Colisão - Traseira;0;1;0;0;0;0;0;2;1;0;0;0;0;0;0
26/10/2021;15:35:02;183;Acidente sem VITIMA;359,000;BR-386/RS;Norte;Capotamento;0;1;0;0;0;0;0;1;0;0;2;0;0;0;0
26/10/2021;17:37:34;215;Acidente sem VITIMA;75,000;BR-290/RS;Oeste;Colisão - Traseira;0;1;0;0;0;0;0;2;0;0;1;0;0;0;1
26/10/2021;18:52:46;234;Acidente sem VITIMA;425,000;BR-386/RS;Sul;Colisão - Transversal;0;2;0;0;0;0;0;2;0;0;2;0;0;0;0
26/10/2021;20:31:31;255;Acidente sem VITIMA;19,000;BR-290/RS;Oeste;Colisão - Traseira;0;2;0;0;0;0;0;3;1;0;3;0;0;0;0
27/10/2021;02:13:08;15;Acidente sem VITIMA;62,000;BR-101/RS;Norte;Colisão - Traseira;0;1;0;0;0;0;0;2;0;0;2;1;0;0;0
27/10/2021;07:05:25;55;Acidente sem VITIMA;86,000;BR-290/RS;Leste;Colisão - Traseira;0;1;0;0;0;0;0;2;0;0;6;0;0;1;0
27/10/2021;07:33:20;75;Acidente sem VITIMA;86,000;BR-290/RS;Leste;Colisão - Traseira;0;2;0;0;0;0;0;3;0;0;2;0;0;0;0
27/10/2021;08:02:52;93;Acidente com VITIMA;86,000;BR-290/RS;Leste;;0;1;0;2;0;0;0;1;0;0;3;0;1;0;0
27/10/2021;13:44:11;185;Acidente sem VITIMA;84,000;BR-101/RS;Norte;Colisão - Transversal;0;2;0;0;0;0;0;3;0;0;0;0;0;0;0
27/10/2021;17:14:28;241;Acidente sem VITIMA;96,000;BR-290/RS;Oeste;Engavetamento;0;3;0;0;0;0;0;8;0;0;5;0;0;0;0
28/10/2021;03:00:42;22;Acidente sem VITIMA;72,000;BR-101/RS;Sul;Colisão - Traseira;0;0;0;0;0;0;0;2;0;0;3;0;0;2;0
28/10/2021;05:24:40;31;Acidente sem VITIMA;72,000;BR-101/RS;Sul;Tombamento;0;0;0;0;0;0;0;1;0;0;4;0;0;1;0
28/10/2021;07:15:06;62;Acidente com VITIMA;435,000;BR-386/RS;Norte;Queda de moto;0;1;0;1;0;0;0;1;0;0;0;0;1;0;0
28/10/2021;07:48:52;92;Acidente com VITIMA;86,000;BR-290/RS;Oeste;Engavetamento;0;4;0;1;0;0;0;7;0;0;1;0;0;0;0
28/10/2021;07:50:03;95;Acidente sem VITIMA;345,000;BR-386/RS;Norte;Engavetamento;0;3;0;0;0;0;0;3;0;0;1;0;0;0;0
28/10/2021;07:56:13;97;Acidente com VITIMA;342,000;BR-386/RS;Sul;Colisão - Traseira;0;1;0;1;0;0;1;3;0;0;4;0;1;0;0
28/10/2021;08:51:47;127;Acidente sem VITIMA;326,000;BR-386/RS;Norte;Queda de moto;0;0;0;0;0;0;0;1;0;0;1;0;1;0;0
29/10/2021;00:49:10;5;Acidente sem VITIMA;92,000;BR-290/RS;Leste;Queda de ribanceira;0;1;0;0;0;0;0;1;0;0;2;0;0;0;0
29/10/2021;02:26:51;14;Acidente sem VITIMA;77,000;BR-101/RS;Norte;Atropelamento de Animal;0;0;0;0;0;0;0;2;1;0;1;0;0;0;0
29/10/2021;09:16:19;114;Acidente sem VITIMA;87,000;BR-290/RS;Oeste;Colisão - Lateral;0;1;0;0;0;0;0;2;1;0;2;0;0;0;0
29/10/2021;11:12:50;141;Acidente sem VITIMA;70,000;BR-101/RS;Norte;Colisão - Traseira;0;2;0;0;0;0;0;2;0;0;2;0;0;0;0
29/10/2021;11:27:37;149;Acidente sem VITIMA;59,000;BR-101/RS;Norte;Queda de ribanceira;0;1;0;0;0;0;0;2;0;0;1;0;0;0;0
29/10/2021;11:40:36;152;Acidente sem VITIMA;91,000;BR-290/RS;Leste;Colisão - Lateral;0;1;0;0;0;0;0;2;0;0;1;0;0;0;0
29/10/2021;17:58:23;249;Acidente sem VITIMA;90,000;BR-290/RS;Leste;Engavetamento;0;3;0;0;0;0;0;5;0;0;2;0;0;0;0
29/10/2021;18:05:23;251;Acidente sem VITIMA;293,000;BR-386/RS;Sul;Engavetamento;0;3;0;0;0;0;0;7;0;0;4;0;0;0;0
29/10/2021;19:01:04;265;Acidente com VITIMA;94,000;BR-290/RS;Leste;Colisão - Traseira;0;1;0;1;0;0;0;1;0;0;0;0;1;0;0
29/10/2021;19:58:55;277;Acidente com VITIMA;274,000;BR-386/RS;Norte;Colisão - Traseira;0;0;1;0;0;0;0;1;0;0;2;0;1;0;1
29/10/2021;23:07:20;322;Acidente sem VITIMA;68,000;BR-290/RS;Leste;Atropelamento de Animal;0;1;0;0;0;0;0;5;0;0;2;0;0;0;0
30/10/2021;00:19:58;3;Atropelamento Fatal;368,000;BR-386/RS;Sul;Atropelamento - Usuário;1;0;0;0;0;0;0;1;0;0;3;1;0;0;0