data;horario;n_da_ocorrencia;tipo_de_ocorrencia;km;trecho;sentido;tipo_de_acidente;automovel;bicicleta;caminhao;moto;onibus;outros;tracao_animal;transporte_de_cargas_especiais;trator_maquinas;utilitarios;ilesos;levemente_feridos;moderadamente_feridos;gravemente_feridos;mortos
30/10/2021;02:50:04;15;Acidente com VITIMA;350,000;BR-386/RS;Sul;Choque Defensa;0;2;0;0;1;0;0;2;0;0;3;0;0;0;0
30/10/2021;10:20:44;95;Acidente com VITIMA;60,000;BR-290/RS;Oeste;Colisão - Lateral;0;2;0;0;2;0;0;2;0;0;2;0;0;0;0
30/10/2021;11:50:27;125;Acidente sem VITIMA;19,000;BR-101/RS;Norte;Colisão - Lateral;0;2;0;0;0;0;0;2;0;0;3;0;0;0;0
30/10/2021;19:21:04;237;Acidente sem VITIMA;346,000;BR-386/RS;Ambos;Saída de pista;0;1;0;0;0;0;0;1;0;0;1;0;0;0;0
31/10/2021;04:17:59;19;Acidente sem VITIMA;212,000;BR-386/RS;Norte;Saída de pista;0;1;0;0;0;0;0;1;0;0;2;0;0;0;0
31/10/2021;08:19:27;62;Acidente sem VITIMA;412,000;BR-386/RS;Norte;Colisão - Lateral;0;2;0;0;0;0;0;6;0;0;2;0;0;0;0
31/10/2021;11:35:43;97;Acidente sem VITIMA;60,000;BR-290/RS;Leste;Colisão - Traseira;0;2;0;0;0;0;0;3;0;0;1;0;0;0;0
31/10/2021;15:57:37;145;Acidente sem VITIMA;60,000;BR-290/RS;Leste;Colisão - Lateral;0;2;0;0;0;0;0;7;0;0;1;0;0;0;0
31/10/2021;19:55:15;226;Acidente sem VITIMA;19,000;BR-290/RS;Leste;Colisão - Traseira;0;2;0;0;0;0;0;5;0;0;2;0;0;0;0
31/10/2021;21:15:04;250;Acidente sem VITIMA;270,000;BR-386/RS;Norte;Colisão - Traseira;0;2;0;0;0;0;0;8;0;0;6;0;0;0;0
31/10/2021;21:45:07;257;Acidente com VITIMA;80,000;BR-290/RS;Oeste;Queda de ribanceira;0;1;0;0;1;0;0;0;0;0;2;0;0;0;0
31/10/2021;22:28:15;261;Acidente sem VITIMA;90,000;BR-290/RS;Leste;Colisão - Traseira;0;1;0;0;0;0;0;3;0;0;2;1;0;0;0
01/11/2021;02:35:03;8;Sem vítima;63.000;2241;Crescente;Acidentes de outra natureza;0;0;1;0;0;0;0;0;0;0;4;0;0;0;0
01/11/2021;16:09:52;215;Sem vítima;40.000;2274;Decrescente;Acidentes de outra natureza;1;0;0;0;0;0;0;0;0;0;2;0;0;0;0
01/11/2021;23:03:25;310;Com vítima;80.000;2278;Decrescente;Acidentes de outra natureza;0;0;0;0;0;0;0;0;0;0;0;0;0;0;0
02/11/2021;08:03:48;49;Com vítima;78.000;2245;Crescente;Acidentes de outra natureza;0;0;0;1;0;0;0;0;0;0;0;2;0;0;0
02/11/2021;17:32:23;191;Sem vítima;60.000;2279;Decrescente;Acidentes de outra natureza;1;0;0;0;0;0;0;0;0;0;2;0;0;0;0
03/11/2021;01:01:19;3;Sem vítima;19.000;2244;Crescente;Acidentes de outra natureza;2;0;0;0;0;0;0;0;0;0;12;0;0;0;0
03/11/2021;02:34:21;12;Com vítima;367.000;2285;Decrescente;Acidentes de outra natureza;0;0;0;0;0;0;0;0;0;0;0;0;0;0;0
03/11/2021;06:48:20;41;Sem vítima;92.000;2278;Decrescente;Acidentes de outra natureza;0;0;0;1;0;0;0;0;0;0;2;0;0;0;0
03/11/2021;09:03:41;116;Com vítima;345.000;2286;Decrescente;Acidentes de outra natureza;1;0;0;0;0;0;0;0;0;0;0;2;0;0;0
03/11/2021;11:31:55;142;Sem vítima;65.000;2244;Crescente;Acidentes de outra natureza;1;0;0;0;0;0;0;0;0;0;2;0;0;0;0
03/11/2021;16:55:20;205;Sem vítima;435.000;2283;Decrescente;Acidentes de outra natureza;1;0;0;0;0;0;0;0;0;0;2;0;0;0;0
03/11/2021;20:33:17;241;Sem vítima;400.000;2273;Crescente;Acidentes de outra natureza;1;0;0;0;0;0;0;0;0;0;2;0;0;0;0
04/11/2021;15:46:22;229;Sem vítima;335.000;2270;Crescente;Acidentes de outra natureza;0;0;0;0;1;0;0;0;0;0;1;0;0;0;0
04/11/2021;22:49:29;305;Sem vítima;55.000;2244;Crescente;Acidentes de outra natureza;1;0;0;0;0;0;0;0;0;0;1;0;0;0;0
05/11/2021;04:22:03;20;Sem vítima;32.000;2279;Decrescente;Acidentes de outra natureza;1;0;0;0;0;0;0;0;0;0;1;0;0;0;0
05/11/2021;10:17:09;150;Sem vítima;86.000;2245;Crescente;Acidentes de outra natureza;1;0;0;0;0;0;0;0;0;0;1;0;0;0;0
08/11/2021;08:13:38;84;Sem vítima;343.000;2272;Crescente;Acidentes de outra natureza;0;0;0;0;1;0;0;0;0;0;1;0;0;0;0
08/11/2021;15:10:08;175;Com vítima;238.000;2302;Decrescente;Acidentes de outra natureza;1;0;0;0;0;0;0;0;0;0;0;1;0;0;0
08/11/2021;15:30:42;178;Sem vítima;17.000;2274;Decrescente;Acidentes de outra natureza;1;0;0;0;0;0;0;0;0;0;1;0;0;0;0
08/11/2021;18:20:51;204;Com vítima;351.000;2285;Decrescente;Acidentes de outra natureza;1;0;0;0;0;0;0;0;0;0;0;0;1;0;0
08/11/2021;23:50:49;253;Com vítima;419.000;2283;Decrescente;Acidentes de outra natureza;1;0;0;0;0;0;0;0;0;0;0;0;1;0;0
09/11/2021;11:58:04;163;Sem vítima;358.000;2273;Crescente;Acidentes de outra natureza;1;0;0;0;0;0;0;0;0;0;1;0;0;0;0
09/11/2021;15:37:14;206;Sem vítima;327.000;2268;Crescente;Acidentes de outra natureza;1;0;0;0;0;0;0;0;0;0;1;0;0;0;0
10/11/2021;08:05:39;70;Sem vítima;392.000;2273;Crescente;Acidentes de outra natureza;1;0;0;0;0;0;0;0;0;0;1;0;0;0;0
10/11/2021;12:15:01;168;Sem vítima;246.000;2302;Decrescente;Acidentes de outra natureza;1;0;0;0;0;0;0;0;0;0;1;0;0;0;0
10/11/2021;14:18:10;203;Sem vítima;434.000;2273;Crescente;Acidentes de outra natureza;0;0;0;0;0;0;0;0;0;0;0;0;0;0;0
10/11/2021;14:43:06;210;Sem vítima;291.000;2264;Crescente;Tombamento;0;0;1;0;0;0;0;0;0;0;1;0;0;0;0
11/11/2021;04:14:57;17;Sem vítima;291.000;2295;Decrescente;Acidentes de outra natureza;0;0;0;0;0;0;0;0;0;0;0;0;0;0;0
11/11/2021;17:58:50;255;Com vítima;92.000;2245;Crescente;Acidentes de outra natureza;0;0;0;1;0;0;0;0;0;0;0;1;0;0;0
12/11/2021;04:27:26;18;Sem vítima;89.000;2245;Crescente;Acidentes de outra natureza;0;0;0;0;0;0;0;0;0;0;0;0;0;0;0
12/11/2021;08:17:45;98;Com vítima;342.000;2286;Decrescente;Acidentes de outra natureza;1;0;0;0;0;0;0;0;0;0;0;1;0;0;0
12/11/2021;15:37:07;211;Sem vítima;412.000;2273;Crescente;Acidentes de outra natureza;1;0;0;0;0;0;0;0;0;0;1;0;0;0;0
13/11/2021;02:58:10;11;Com vítima;18.000;2274;Decrescente;Atropelamento de animal;0;0;0;1;0;0;0;0;0;0;0;0;1;0;0
13/11/2021;05:44:35;28;Sem vítima;94.000;2246;Crescente;Acidentes de outra natureza;1;0;0;0;0;0;0;0;0;0;1;0;0;0;0
13/11/2021;12:04:20;147;Sem vítima;35.000;2279;Decrescente;Colisão traseira;0;0;0;1;0;0;0;0;0;0;1;0;0;0;0
14/11/2021;03:01:30;20;Sem vítima;336.000;2270;Crescente;Acidentes de outra natureza;0;0;1;0;0;0;0;0;0;0;1;0;0;0;0
14/11/2021;04:38:01;22;Sem vítima;378.000;2273;Crescente;Acidentes de outra natureza;1;0;0;0;0;0;0;0;0;0;1;0;0;0;0
14/11/2021;13:33:21;95;Sem vítima;437.000;2283;Decrescente;Acidentes de outra natureza;1;0;0;0;0;0;0;0;0;0;1;0;0;0;0
15/11/2021;03:16:08;14;Sem vítima;70.000;2274;Decrescente;Acidentes de outra natureza;1;0;0;0;0;0;0;0;0;0;1;0;0;0;0
15/11/2021;05:32:57;16;Sem vítima;328.000;2288;Decrescente;Acidentes de outra natureza;1;0;0;0;0;0;0;0;0;0;1;0;0;0;0
15/11/2021;14:50:53;168;Sem vítima;362.000;2273;Crescente;Acidentes de outra natureza;1;0;0;0;0;0;0;0;0;0;1;0;0;0;0
16/11/2021;06:54:01;45;Sem vítima;76.000;2245;Crescente;Acidentes de outra natureza;1;0;0;0;0;0;0;0;0;0;1;0;0;0;0
16/11/2021;08:51:24;107;Sem vítima;95.000;2247;Crescente;Colisão lateral no mesmo sentido;1;0;0;0;0;0;0;0;0;0;1;0;0;0;0
16/11/2021;11:35:59;159;Sem vítima;397.000;2283;Decrescente;Acidentes de outra natureza;1;0;0;0;0;0;0;0;0;0;1;0;0;0;0
16/11/2021;16:35:05;239;Sem vítima;92.000;2278;Decrescente;Acidentes de outra natureza;1;0;0;0;0;0;0;0;0;0;1;0;0;0;0
16/11/2021;16:35:21;240;Com vítima;304.000;2289;Decrescente;Acidentes de outra natureza;1;0;0;0;0;0;0;0;0;0;0;1;0;0;0
16/11/2021;19:22:53;289;Sem vítima;423.000;2273;Crescente;Acidentes de outra natureza;1;0;0;0;0;0;0;0;0;0;1;0;0;0;0
17/11/2021;07:20:45;45;Sem vítima;94.000;2246;Crescente;Acidentes de outra natureza;0;0;1;0;0;0;0;0;0;0;1;0;0;0;0
17/11/2021;17:08:58;199;Sem vítima;237.000;2302;Decrescente;Acidentes de outra natureza;1;0;0;0;0;0;0;0;0;0;1;0;0;0;0
17/11/2021;22:35:37;241;Sem vítima;441.000;2273;Crescente;Acidentes de outra natureza;1;0;0;0;0;0;0;0;0;0;1;0;0;0;0
18/11/2021;04:42:18;11;Sem vítima;82.000;2245;Crescente;Acidentes de outra natureza;0;0;0;0;0;1;0;0;0;0;1;0;0;0;0
18/11/2021;11:38:52;127;Sem vítima;39.000;2241;Crescente;Acidentes de outra natureza;1;0;0;0;0;0;0;0;0;0;1;0;0;0;0
18/11/2021;14:32:27;160;Sem vítima;21.000;2274;Decrescente;Acidentes de outra natureza;1;0;0;0;0;0;0;0;0;0;1;0;0;0;0
19/11/2021;05:02:02;16;Sem vítima;432.000;2283;Decrescente;Acidentes de outra natureza;0;0;0;0;1;0;0;0;0;0;1;0;0;0;0
19/11/2021;10:47:43;138;Sem vítima;414.000;2283;Decrescente;Acidentes de outra natureza;1;0;0;0;0;0;0;0;0;0;1;0;0;0;0
20/11/2021;06:19:44;30;Com vítima;2.000;2243;Crescente;Acidentes de outra natureza;0;0;0;1;0;0;0;0;0;0;0;1;0;0;0
21/11/2021;13:04:13;105;Sem vítima;406.000;2273;Crescente;Acidentes de outra natureza;1;0;0;0;0;0;0;0;0;0;1;0;0;0;0
21/11/2021;19:08:12;214;Sem vítima;202.000;2251;Crescente;Acidentes de outra natureza;1;0;0;0;0;0;0;0;0;0;1;0;0;0;0
22/11/2021;10:57:36;137;Sem vítima;91.000;2245;Crescente;Acidentes de outra natureza;0;0;0;1;0;0;0;0;0;0;1;0;0;0;0
22/11/2021;15:39:21;203;Sem vítima;24.000;2279;Decrescente;Acidentes de outra natureza;0;0;0;0;0;1;0;0;0;0;1;0;0;0;0
24/11/2021;07:18:29;69;Sem vítima;88.000;2245;Crescente;Acidentes de outra natureza;1;0;0;0;0;0;0;0;0;0;1;0;0;0;0
24/11/2021;10:39:20;156;Sem vítima;424.000;2273;Crescente;Atropelamento de animal;1;0;0;0;0;0;0;0;0;0;1;0;0;0;0
24/11/2021;15:45:57;241;Sem vítima;40.000;2241;Crescente;Acidentes de outra natureza;0;0;0;1;0;0;0;0;0;0;1;0;0;0;0
25/11/2021;11:05:01;140;Sem vítima;11.000;2244;Crescente;Capotamento;1;0;0;0;0;0;0;0;0;0;1;0;0;0;0
25/11/2021;13:43:55;180;Com vítima;237.000;2256;Crescente;Engavetamento;1;0;0;0;0;0;0;0;0;0;0;1;0;0;0
25/11/2021;16:07:32;222;Sem vítima;235.000;2255;Crescente;Acidentes de outra natureza;1;0;0;0;0;0;0;0;0;0;1;0;0;0;0
26/11/2021;08:09:14;54;Sem vítima;84.000;2245;Crescente;Acidentes de outra natureza;0;0;0;1;0;0;0;0;0;0;1;0;0;0;0
26/11/2021;14:35:21;162;Sem vítima;20.000;2279;Decrescente;Acidentes de outra natureza;1;0;0;0;0;0;0;0;0;0;1;0;0;0;0
26/11/2021;15:40:50;175;Com vítima;77.000;2278;Decrescente;Acidentes de outra natureza;1;0;0;0;0;0;0;0;0;0;0;1;0;0;0
26/11/2021;17:15:06;190;Sem vítima;304.000;2289;Decrescente;Acidentes de outra natureza;0;0;1;0;0;0;0;0;0;0;1;0;0;0;0
26/11/2021;18:17:19;208;Sem vítima;350.000;2273;Crescente;Acidentes de outra natureza;1;0;0;0;0;0;0;0;0;0;1;0;0;0;0
26/11/2021;18:43:35;216;Sem vítima;49.000;2279;Decrescente;Acidentes de outra natureza;1;0;0;0;0;0;0;0;0;0;1;0;0;0;0
26/11/2021;20:06:40;235;Sem vítima;80.000;2278;Decrescente;Acidentes de outra natureza;1;0;0;0;0;0;0;0;0;0;1;0;0;0;0
26/11/2021;22:28:12;266;Sem vítima;22.000;2241;Crescente;Capotamento;1;0;0;0;0;0;0;0;0;0;1;0;0;0;0
27/11/2021;07:45:07;43;Sem vítima;344.000;2286;Decrescente;Acidentes de outra natureza;1;0;0;0;0;0;0;0;0;0;1;0;0;0;0
27/11/2021;09:53:24;70;Sem vítima;342.000;2286;Decrescente;Acidentes de outra natureza;1;0;0;0;0;0;0;0;0;0;1;0;0;0;0
27/11/2021;17:02:40;154;Sem vítima;234.000;2254;Crescente;Acidentes de outra natureza;1;0;0;0;0;0;0;0;0;0;1;0;0;0;0
27/11/2021;20:28:33;199;Com vítima;267.000;2262;Crescente;Acidentes de outra natureza;1;0;0;0;0;0;0;0;0;0;0;1;0;0;0
27/11/2021;23:32:59;227;Sem vítima;19.000;2244;Crescente;Choque;1;0;0;0;0;0;0;0;0;0;1;0;0;0;0
28/11/2021;00:05:30;2;Sem vítima;270.380;2262;Crescente;Acidentes de outra natureza;1;0;0;0;0;0;0;0;0;0;1;0;0;0;0
28/11/2021;02:55:10;18;Com vítima;354.000;2273;Crescente;Acidentes de outra natureza;0;0;0;0;0;1;0;0;0;0;0;0;1;0;0
28/11/2021;03:56:06;22;Com vítima;386.000;2273;Crescente;Choque;1;0;0;0;0;0;0;0;0;0;0;0;0;0;1
28/11/2021;21:35:55;208;Sem vítima;59.000;2244;Crescente;Acidentes de outra natureza;1;0;0;0;0;0;0;0;0;0;1;0;0;0;0
29/11/2021;20:40:44;315;Sem vítima;45.000;2279;Decrescente;Acidentes de outra natureza;1;0;0;0;0;0;0;0;0;0;1;0;0;0;0
30/11/2021;13:58:26;202;Sem vítima;342.000;2286;Decrescente;Acidentes de outra natureza;1;0;0;0;0;0;0;0;0;0;1;0;0;0;0
30/11/2021;20:50:32;303;Sem vítima;443.000;2273;Crescente;Acidentes de outra natureza;1;0;0;0;0;0;0;0;0;0;1;0;0;0;0
01/12/2021;14:41:20;166;Sem vítima;419.000;2283;Decrescente;Acidentes de outra natureza;0;0;0;0;0;0;0;0;0;0;0;0;0;0;0
02/12/2021;01:45:13;10;Sem vítima;305.000;2289;Decrescente;Acidentes de outra natureza;1;0;0;0;0;0;0;0;0;0;1;0;0;0;0
02/12/2021;10:12:51;135;Sem vítima;24.000;2279;Decrescente;Acidentes de outra natureza;1;0;0;0;0;0;0;0;0;0;1;0;0;0;0
02/12/2021;23:43:47;286;Com vítima;48.000;2244;Crescente;Capotamento;1;0;0;0;0;0;0;0;0;0;0;1;0;0;0
03/12/2021;06:29:53;36;Sem vítima;344.000;2286;Decrescente;Acidentes de outra natureza;1;0;0;0;0;0;0;0;0;0;1;0;0;0;0
03/12/2021;07:12:33;47;Sem vítima;18.000;2279;Decrescente;Acidentes de outra natureza;1;0;0;0;0;0;0;0;0;0;1;0;0;0;0
03/12/2021;18:02:50;254;Sem vítima;88.000;2278;Decrescente;Acidentes de outra natureza;0;0;0;1;0;0;0;0;0;0;1;0;0;0;0
03/12/2021;21:28:59;304;Sem vítima;430.000;2283;Decrescente;Acidentes de outra natureza;1;0;0;0;0;0;0;0;0;0;1;0;0;0;0
04/12/2021;00:15:59;3;Sem vítima;71.000;2244;Crescente;Acidentes de outra natureza;1;0;0;0;0;0;0;0;0;0;1;0;0;0;0
04/12/2021;05:33:09;30;Com vítima;325.000;2288;Decrescente;Choque;0;0;0;1;0;0;0;0;0;0;0;1;0;0;0
04/12/2021;08:07:00;77;Sem vítima;332.000;2288;Decrescente;Acidentes de outra natureza;0;0;0;0;1;0;0;0;0;0;1;0;0;0;0
04/12/2021;10:47:02;137;Sem vítima;413.000;2273;Crescente;Choque;1;0;0;0;0;0;0;0;0;0;1;0;0;0;0
04/12/2021;14:12:14;198;Sem vítima;76.000;2245;Crescente;Acidentes de outra natureza;0;0;0;1;0;0;0;0;0;0;1;0;0;0;0
04/12/2021;20:04:23;284;Sem vítima;388.000;2273;Crescente;Acidentes de outra natureza;0;0;0;0;0;0;0;0;0;0;1;0;0;0;0
05/12/2021;00:34:45;7;Sem vítima;339.000;2270;Crescente;Acidentes de outra natureza;1;0;0;0;0;0;0;0;0;0;1;0;0;0;0
05/12/2021;02:45:52;15;Com vítima;65.000;2279;Decrescente;Acidentes de outra natureza;1;0;0;0;0;0;0;0;0;0;0;1;0;0;0
05/12/2021;04:13:38;24;Sem vítima;51.000;2244;Crescente;Acidentes de outra natureza;0;0;0;1;0;0;0;0;0;0;1;0;0;0;0
05/12/2021;09:10:29;79;Sem vítima;199.000;2251;Crescente;Colisão lateral no mesmo sentido;1;0;0;0;0;0;0;0;0;0;1;0;0;0;0
05/12/2021;11:22:29;108;Com vítima;71.000;2244;Crescente;Acidentes de outra natureza;1;0;0;0;0;0;0;0;0;0;0;0;1;0;0
05/12/2021;13:23:16;129;Sem vítima;431.350;2283;Decrescente;Choque;1;0;0;0;0;0;0;0;0;0;1;0;0;0;0
06/12/2021;04:10:41;29;Sem vítima;9.000;2279;Decrescente;Acidentes de outra natureza;1;0;0;0;0;0;0;0;0;0;1;0;0;0;0
06/12/2021;08:54:06;96;Sem vítima;65.000;2279;Decrescente;Acidentes de outra natureza;1;0;0;0;0;0;0;0;0;0;1;0;0;0;0
06/12/2021;11:50:10;159;Sem vítima;435.000;2283;Decrescente;Acidentes de outra natureza;1;0;0;0;0;0;0;0;0;0;1;0;0;0;0
06/12/2021;15:14:49;203;Sem vítima;334.000;2269;Crescente;Acidentes de outra natureza;1;0;0;0;0;0;0;0;0;0;1;0;0;0;0
06/12/2021;23:11:08;277;Sem vítima;391.000;2273;Crescente;Acidentes de outra natureza;1;0;0;0;0;0;0;0;0;0;1;0;0;0;0
06/12/2021;23:33:18;279;Sem vítima;394.060;2273;Crescente;Acidentes de outra natureza;0;0;0;0;0;1;0;0;0;0;1;0;0;0;0
06/12/2021;23:56:25;282;Sem vítima;278.000;2298;Decrescente;Acidentes de outra natureza;0;0;0;0;0;0;0;0;0;0;0;0;0;0;0
07/12/2021;00:55:48;6;Sem vítima;53.000;2274;Decrescente;Acidentes de outra natureza;0;0;0;0;0;0;0;0;0;0;0;0;0;0;0
07/12/2021;06:31:00;47;Sem vítima;202.000;2251;Crescente;Acidentes de outra natureza;0;0;1;0;0;0;0;0;0;0;1;0;0;0;0
07/12/2021;12:18:38;152;Sem vítima;434.000;2283;Decrescente;Acidentes de outra natureza;1;0;0;0;0;0;0;0;0;0;1;0;0;0;0
10/12/2021;03:48:26;19;Sem vítima;84.000;2278;Decrescente;Acidentes de outra natureza;1;0;0;0;0;0;0;0;0;0;1;0;0;0;0
10/12/2021;12:47:41;171;Com vítima;415.000;2273;Crescente;Acidentes de outra natureza;0;0;0;1;0;0;0;0;0;0;0;0;1;0;0
10/12/2021;19:39:30;275;Sem vítima;270.000;2262;Crescente;Acidentes de outra natureza;1;0;0;0;0;0;0;0;0;0;1;0;0;0;0
11/12/2021;20:28:09;212;Sem vítima;416.000;2283;Decrescente;Acidentes de outra natureza;1;0;0;0;0;0;0;0;0;0;1;0;0;0;0
12/12/2021;04:20:53;20;Sem vítima;242.000;2257;Crescente;Acidentes de outra natureza;1;0;0;0;0;0;0;0;0;0;1;0;0;0;0
12/12/2021;04:59:01;24;Sem vítima;53.000;2241;Crescente;Acidentes de outra natureza;0;0;0;0;0;0;0;0;0;0;0;0;0;0;0
13/12/2021;02:30:02;19;Sem vítima;62.000;2244;Crescente;Tombamento;0;0;1;0;0;0;0;0;0;0;1;0;0;0;0
13/12/2021;07:32:58;74;Sem vítima;431.000;2283;Decrescente;Acidentes de outra natureza;1;0;0;0;0;0;0;0;0;0;1;0;0;0;0
13/12/2021;09:24:26;136;Sem vítima;8.000;2241;Crescente;Acidentes de outra natureza;0;0;1;0;0;0;0;0;0;0;1;0;0;0;0
13/12/2021;18:38:10;325;Sem vítima;348.000;2285;Decrescente;Acidentes de outra natureza;0;0;0;1;0;0;0;0;0;0;1;0;0;0;0
14/12/2021;08:18:22;90;Sem vítima;440.000;2283;Decrescente;Acidentes de outra natureza;0;0;0;0;1;0;0;0;0;0;1;0;0;0;0
14/12/2021;15:08:52;159;Sem vítima;24.000;2244;Crescente;Acidentes de outra natureza;1;0;0;0;0;0;0;0;0;0;1;0;0;0;0
14/12/2021;20:53:26;241;Sem vítima;36.000;2274;Decrescente;Acidentes de outra natureza;0;0;0;0;0;0;0;0;0;0;0;0;0;0;0
15/12/2021;03:39:51;8;Com vítima;380.000;2283;Decrescente;Acidentes de outra natureza;0;0;0;0;0;0;0;0;0;0;0;0;0;0;0
15/12/2021;04:34:57;11;Sem vítima;291.000;2264;Crescente;Acidentes de outra natureza;0;0;0;0;0;0;0;0;0;0;0;0;0;0;0
15/12/2021;06:29:39;34;Sem vítima;16.000;2241;Crescente;Acidentes de outra natureza;1;0;0;0;0;0;0;0;0;0;1;0;0;0;0
15/12/2021;10:12:04;112;Sem vítima;356.000;2285;Decrescente;Acidentes de outra natureza;0;0;0;0;0;0;0;0;0;0;0;0;0;0;0
15/12/2021;14:36:18;167;Com vítima;95.000;2276;Decrescente;Acidentes de outra natureza;0;0;0;1;0;0;0;0;0;0;0;1;0;0;0
15/12/2021;20:19:21;224;Com vítima;87.000;2278;Decrescente;Atropelamento de animal;0;0;0;1;0;0;0;0;0;0;0;0;1;0;0
16/12/2021;16:46:25;190;Com vítima;21.000;2241;Crescente;Acidentes de outra natureza;1;0;0;0;0;0;0;0;0;0;0;1;0;0;0
17/12/2021;01:34:13;10;Sem vítima;373.510;2283;Decrescente;Acidentes de outra natureza;1;0;0;0;0;0;0;0;0;0;1;0;0;0;0
17/12/2021;02:15:01;12;Sem vítima;68.000;2244;Crescente;Acidentes de outra natureza;0;0;0;0;0;0;0;0;0;0;1;0;0;0;0
17/12/2021;10:44:06;176;Sem vítima;335.000;2288;Decrescente;Acidentes de outra natureza;0;0;1;0;0;0;0;0;0;0;1;0;0;0;0
18/12/2021;18:12:30;265;Sem vítima;93.000;2278;Decrescente;Acidentes de outra natureza;0;0;0;1;0;0;0;0;0;0;1;0;0;0;0
18/12/2021;21:00:13;296;Sem vítima;41.000;2279;Decrescente;Acidentes de outra natureza;0;0;0;1;0;0;0;0;0;0;1;0;0;0;0
19/12/2021;05:01:56;17;Sem vítima;8.000;2274;Decrescente;Acidentes de outra natureza;1;0;0;0;0;0;0;0;0;0;1;0;0;0;0
19/12/2021;06:09:22;26;Sem vítima;74.000;2244;Crescente;Acidentes de outra natureza;1;0;0;0;0;0;0;0;0;0;1;0;0;0;0
19/12/2021;06:31:36;32;Sem vítima;60.180;2244;Crescente;Acidentes de outra natureza;1;0;0;0;0;0;0;0;0;0;1;0;0;0;0
19/12/2021;08:32:56;59;Sem vítima;67.000;2274;Decrescente;Acidentes de outra natureza;1;0;0;0;0;0;0;0;0;0;1;0;0;0;0
19/12/2021;09:41:18;70;Sem vítima;60.000;2244;Crescente;Acidentes de outra natureza;1;0;0;0;0;0;0;0;0;0;1;0;0;0;0
19/12/2021;10:22:10;79;Sem vítima;6.000;2279;Decrescente;Acidentes de outra natureza;1;0;0;0;0;0;0;0;0;0;1;0;0;0;0
19/12/2021;12:26:16;110;Sem vítima;49.000;2279;Decrescente;Acidentes de outra natureza;1;0;0;0;0;0;0;0;0;0;1;0;0;0;0
20/12/2021;00:52:10;5;Sem vítima;90.000;2278;Decrescente;Acidentes de outra natureza;0;0;0;0;0;0;0;0;0;0;1;0;0;0;0
20/12/2021;08:45:49;107;Sem vítima;92.000;2278;Decrescente;Acidentes de outra natureza;1;0;0;0;0;0;0;0;0;0;1;0;0;0;0
20/12/2021;10:12:44;135;Sem vítima;288.000;2298;Decrescente;Colisão lateral no mesmo sentido;1;0;0;0;0;0;0;0;0;0;1;0;0;0;0